post_id,text,label,rationale_mask
1168991213086752768_twitter,asian men are weak and fragile and i hate you,normal,"[1, 1, 1, 1, 1, 1, 1, 1, 1, 1]"
1178771301248503809_twitter,<user> <user> preceded by poverty caused by socialism yes lots of countries have socialist aspects like canada but when they go full socialism that when they turn in to shithole countries,normal,"[0, 0, 0, 0, 0, 0, 0, 0, 0, 0, 0, 0, 0, 0, 0, 0, 0, 0, 0, 0, 0, 0, 0, 0, 0, 0, 0, 0, 0, 0, 0]"
13507393_gab,death2fags we r pleased to have met righteous fag bashers beating such park queers even against massive statist agentsofsodom,offensive,"[1, 0, 0, 0, 1, 1, 1, 1, 1, 1, 1, 1, 1, 1, 1, 1, 1, 1, 1]"
1178875874487209984_twitter,are you a homo phone,normal,"[0, 0, 0, 0, 0]"
1079107448043200512_twitter,the tv heyo <number> movies to see before you die my muslim desi mom pagal hogaye hain kya astagfar ajeeb bus kuch bhi lagado tv per,normal,"[0, 0, 0, 0, 0, 0, 0, 0, 0, 0, 0, 0, 0, 0, 0, 0, 0, 0, 0, 0, 0, 0, 0, 0, 0, 0]"
1179105200734429184_twitter,<user> straight white man queue to see a misogynistic homophobe speak at tory conference in shocking plot twist,normal,"[0, 0, 0, 0, 0, 0, 0, 0, 0, 0, 0, 0, 0, 0, 0, 0, 0, 0]"
3GS542CVJVOJKFQMWK2EJ8CO4V895P_nf_4,the railway station while awaiting a train johanna aiken tom weeks teller warren jesse thompson and thead grayson negroes walter and will jones negroes lynched the known wounded are orrin gillis ex sheriff white shot in shoulder and may die e.b. appleby <number>,normal,"[0, 0, 0, 0, 0, 0, 0, 0, 0, 0, 0, 0, 0, 0, 0, 0, 0, 0, 0, 0, 0, 0, 0, 0, 0, 0, 0, 0, 0, 0, 0, 0, 0, 0, 0, 0, 0, 0, 0, 0, 0, 0, 0]"
1179104620410478595_twitter,with just a touch of my burning hand send my astro zombies to rape this land prime directive exterminate the whole fucking place,normal,"[0, 0, 0, 0, 0, 0, 0, 0, 0, 0, 0, 0, 0, 0, 0, 0, 0, 0, 0, 0, 0, 0, 0]"
1178813843608231936_twitter,lol oomfs unfollow nak2moto they used dyke on multiple occasions when they arent lesbian,normal,"[0, 0, 0, 0, 0, 0, 0, 0, 0, 0, 0, 0, 0, 0]"
12440268_gab,treating black folk as if they are retarded and can not handle construction criticism a countries laws social expectations and the difference between right and right is what the virtue signalers do and they are most often white savior progressives,normal,"[0, 1, 1, 1, 1, 1, 1, 1, 1, 1, 1, 1, 1, 1, 0, 0, 0, 0, 0, 0, 0, 0, 0, 0, 0, 0, 0, 0, 0, 0, 0, 0, 0, 0, 0, 0, 0, 0, 0, 0]"
4235205_gab,black republicans have been called uncle toms black trump supporters are being called coons and even those who did not vote for trump are ostracized as coons for simply meeting with him no amount of appeasing will change that i say embrace it,normal,"[0, 0, 0, 0, 0, 0, 0, 0, 0, 0, 0, 0, 0, 0, 0, 0, 0, 0, 0, 0, 0, 0, 0, 0, 0, 0, 0, 0, 0, 0, 0, 0, 0, 0, 0, 0, 0, 0, 0, 0, 0, 0, 0]"
17831452_gab,trump multi dimensional chess <number> call other countries shitholes see shithole trend <number> trump haters lose their minds with outrage <number> wait a day until msm invents proudshitholer hashtag <number> trump haters promote smart and hardworking immigrants <number> deport all of the dumb and lazy immigrants,normal,"[0, 0, 0, 0, 0, 0, 0, 0, 0, 0, 0, 0, 0, 0, 0, 0, 0, 0, 0, 0, 0, 0, 0, 0, 0, 0, 0, 0, 0, 0, 0, 0, 0, 0, 0, 0, 0, 0, 0, 0, 0, 0, 0, 0, 0, 0]"
4342983_gab,<user> jonny thats the power of legal hardworking immigrant unlike radical muslim refugees and illegal mexicans,offensive,"[0, 0, 1, 1, 1, 1, 1, 1, 1, 1, 1, 1, 1, 1, 1, 1]"
12744613_gab,otoh you might just be retarded and failing at trolling along with the rest of your life,offensive,"[0, 1, 1, 1, 1, 1, 1, 1, 1, 1, 1, 1, 1, 1, 1, 1, 1]"
1179097718989475843_twitter,ugh time to be a pumpkin slut,normal,"[0, 0, 0, 0, 0, 0, 0]"
1178909126790918155_twitter,<user> we dont have the ability to process refugees because of the flood of illegal immigrants,normal,"[0, 0, 0, 0, 0, 0, 0, 0, 0, 0, 0, 0, 0, 0, 0, 0]"
1154520_gab,<user> cue sjw whining but but but but it not violence when we do it we are good just ask us,offensive,"[0, 0, 1, 1, 0, 0, 0, 0, 1, 1, 1, 1, 1, 1, 1, 0, 0, 0, 0, 0, 0]"
1139354806265569281_twitter,whoever the other announcer is for this finals game is making no sense he really said the warriors had no business being in the series,normal,"[0, 0, 0, 0, 0, 0, 0, 0, 0, 0, 0, 0, 0, 0, 0, 0, 0, 0, 0, 0, 0, 0, 0, 0, 0]"
1123614321572028417_twitter,aw the short dykes are getting noticed today thats cute,normal,"[0, 0, 1, 1, 0, 0, 0, 0, 0, 0]"
1179095915111550981_twitter,you kno i love a slut,normal,"[0, 0, 0, 0, 0, 0]"
1468527_gab,call i wanted to overhear today hill this is barry look i told <number> million illegal immigrants i would not prosecute them for voting you still could not pull it off oh hey could u send me the name of that guy who set up your foundation thanks hillary trump presidenttrump speakfreely,normal,"[0, 0, 0, 0, 0, 0, 0, 0, 0, 0, 0, 1, 1, 1, 1, 1, 1, 1, 1, 1, 1, 1, 1, 1, 0, 0, 1, 1, 1, 1, 1, 0, 0, 0, 0, 0, 0, 0, 0, 0, 0, 0, 0, 0, 0, 0, 0, 0, 0, 0, 0, 0]"
1178598739893727232_twitter,it very telling that his mentions are full of white and mostly middle aged people telling him how right he is and how much they can relate the lack of self awareness will always astound me,normal,"[0, 0, 0, 0, 0, 0, 0, 0, 0, 0, 0, 0, 0, 0, 0, 0, 0, 0, 0, 0, 0, 0, 0, 0, 0, 0, 0, 0, 0, 0, 0, 0, 0, 0, 0, 0]"
8619849_gab,the communists insist shitskin foreign invaders are real americans they can label it any way they want so long as we hurry up and get to the civil war and ethnic cleansing two of my favorite american traditions welcome to the continent,hatespeech,"[0, 1, 1, 1, 1, 1, 0, 0, 0, 0, 0, 0, 0, 0, 0, 0, 0, 0, 0, 0, 1, 1, 1, 1, 1, 1, 1, 1, 1, 1, 1, 1, 1, 1, 1, 1, 1, 1, 0, 0, 0, 0]"
1103849821599948801_twitter,starting to get tired of niggas,normal,"[0, 0, 0, 0, 0, 0]"
1178646433957695489_twitter,crowdsourcing hi may alam ba kayong filipino film about domestic violence pls help me huhu thank u,normal,"[0, 0, 0, 0, 0, 0, 0, 0, 0, 0, 0, 0, 0, 0, 0, 0, 0]"
1179092454492049408_twitter,for the queer readers you deserve every adventure nina varela baby i already love u so much,normal,"[0, 0, 0, 0, 0, 0, 0, 0, 0, 0, 0, 0, 0, 0, 0, 0, 0]"
1122691302037045258_twitter,thoen deadass charged como que le iba hace algo al tipo but a for effort my guy 👌 🏼,normal,"[0, 0, 0, 0, 0, 0, 0, 0, 0, 0, 0, 0, 0, 0, 0, 0, 0, 0, 0]"
17566705_gab,if men are only good for the money then women are only good for popping out babies the next society will remember this,offensive,"[0, 0, 0, 0, 0, 0, 0, 0, 1, 1, 1, 1, 1, 1, 1, 1, 1, 0, 0, 0, 0, 0, 0]"
1179103596425732096_twitter,bitch ass facebook blocked me from using it cuz i called a homie faggot 🙄,normal,"[0, 0, 0, 0, 0, 0, 0, 0, 0, 0, 0, 0, 0, 0, 0]"
14319689_gab,this whole world has went to shit with all this marxist bs twitter shadowbanned me last yr and i am off for the next day because i called michelle aka michael obama a ghetto bitch,hatespeech,"[0, 0, 0, 1, 1, 1, 1, 1, 1, 1, 1, 1, 0, 0, 0, 0, 0, 0, 0, 0, 0, 0, 0, 0, 0, 1, 1, 1, 1, 1, 1, 1, 1, 1, 1]"
1263136019597135873_twitter,let make one thing clear you niggas did not have money before the pandemic that why all these hoes was gay 🤫,normal,"[1, 1, 1, 1, 1, 1, 1, 1, 1, 1, 1, 1, 1, 1, 1, 1, 1, 1, 1, 1, 1, 0]"
1178711410706173952_twitter,<user> <user> <user> <user> <user> i agree with khaleel the only criticism i have is that out of white asian black the white grouping can be somewhat substantiated the other groups are barely internally related wrt blacks take nilosaharans and bantu and asians take malays and han chinese,normal,"[0, 0, 0, 0, 0, 0, 0, 0, 0, 0, 0, 0, 0, 0, 0, 0, 0, 0, 0, 0, 0, 0, 0, 0, 0, 0, 0, 0, 0, 0, 0, 0, 0, 0, 0, 0, 0, 0, 0, 0, 0, 0, 0, 0, 0, 0, 0, 0]"
1081775644252487680_twitter,hurley so rose husband is white did not see that one coming,normal,"[0, 0, 0, 0, 0, 0, 0, 0, 0, 0, 0, 0]"
17760180_gab,lol a white knight defending a shitskin thot patrol,offensive,"[0, 0, 0, 0, 0, 0, 1, 1, 1]"
1179058382004576258_twitter,<user> chinaman satanist lee hsien loong criminals audible talks in <number> wellington circle singapore are always negative that they screenshot and put his profile on facebook <date> lee hsien loong disloyal to his criminals and lawyers,normal,"[0, 0, 0, 0, 0, 0, 0, 0, 0, 0, 0, 0, 0, 0, 0, 0, 0, 0, 0, 0, 0, 0, 0, 0, 0, 0, 0, 0, 0, 0, 0, 0, 0, 0, 0, 0]"
17178016_gab,jews have a tendency to out themselves knowingly or not especially to the erudite goyim listed above however they should absolutely wear the yellow star both as a badge of shame and as a warning to whites who are not as adroit at identifying kikenvermin from their words,hatespeech,"[0, 0, 0, 0, 0, 0, 0, 0, 0, 0, 0, 0, 0, 1, 1, 0, 0, 0, 0, 0, 0, 0, 0, 1, 1, 0, 0, 0, 0, 0, 0, 0, 0, 0, 0, 0, 0, 0, 0, 0, 0, 0, 0, 0, 1, 0, 0, 0]"
16401578_gab,i was put in twitter jail for <number> hours for telling the truth about the rapes in sweden being committed by moslem immigrants i pointed out that it was civilization jihad all true i found gab this evening suggested by another tweeter,normal,"[0, 0, 0, 0, 0, 0, 0, 0, 0, 0, 0, 0, 0, 0, 0, 0, 0, 0, 0, 0, 0, 0, 0, 0, 0, 0, 0, 0, 0, 0, 0, 0, 0, 0, 0, 0, 0, 0, 0, 0, 0, 0]"
1092284552595279872_twitter,im tough im ambitious and i know exactly what i want if that makes me a bitch okay madonna quote,normal,"[0, 0, 0, 0, 0, 0, 0, 0, 0, 0, 0, 0, 0, 0, 0, 0, 0, 0, 0, 0]"
16736512_gab,you do not have to win over nigger and mexican and other third world voters when you have the military and law enforcement and the media the media actually being the easiest to get because you just fucking take it once you have the military just as you take the government,hatespeech,"[0, 0, 0, 0, 0, 0, 0, 1, 0, 0, 0, 0, 0, 0, 0, 0, 0, 0, 0, 0, 0, 0, 0, 0, 0, 0, 0, 0, 0, 0, 0, 0, 0, 0, 0, 0, 0, 0, 0, 0, 0, 0, 0, 0, 0, 0, 0, 0, 0, 0, 0]"
10660581_gab,fox news online is stating that white supremacists caused violence in charlottesville implying that president trump has decried white nationalism,normal,"[0, 0, 0, 0, 0, 0, 0, 0, 0, 0, 0, 0, 0, 0, 0, 0, 0, 0, 0, 0]"
3246451_gab,<user> blacks muzzys wetbacks first,hatespeech,"[0, 1, 1, 1, 1]"
1176246016825339907_twitter,<user> so you are basically aiding and abetting an illegal alien who is currently breaking the laws of this country is that how it works,normal,"[0, 0, 0, 0, 0, 0, 0, 0, 0, 0, 0, 0, 0, 0, 0, 0, 0, 0, 0, 0, 0, 0, 0, 0, 0]"
25903878_gab,then quit talking like a kike yenta ya fat pig the world is chock full of pieces of shit white race traitors like you cunt,hatespeech,"[0, 0, 0, 0, 0, 1, 1, 0, 0, 0, 0, 0, 0, 0, 0, 0, 0, 0, 0, 1, 1, 1, 0, 0, 1]"
11786604_gab,islam is mostly known for tolerance i know cause the lolbertarians told me yay freedoms,normal,"[0, 0, 0, 0, 0, 0, 0, 0, 0, 0, 0, 0, 0, 0, 0]"
1178677355583299584_twitter,<user> <user> also lol at they are the white fascists can you guys accomplish anything without projection last i checked the people disparaging immigrants chanting jews will not replace us etc were not from anti fascist groups,normal,"[0, 0, 0, 0, 0, 0, 0, 0, 0, 0, 0, 0, 0, 0, 0, 0, 0, 0, 0, 0, 0, 0, 0, 0, 0, 0, 0, 0, 0, 0, 0, 0, 0, 0, 0, 0, 0]"
1104904416430194688_twitter,all of my exes were cute but they were hoes i guess i only attract fly looking thots 😴,offensive,"[0, 0, 0, 0, 0, 0, 0, 0, 0, 1, 1, 0, 0, 0, 0, 0, 0, 1, 0]"
9156031_gab,why arabs lose wars,normal,"[0, 0, 0, 0]"
1178958645138264071_twitter,percentage manufacturing crime sends them to the rightabout the devil on moneylenders gave reuben j a great strawcalling now he really what they call a dirty jew power those judges have crusty old topers,normal,"[0, 0, 0, 0, 0, 0, 0, 0, 0, 0, 0, 0, 0, 0, 0, 0, 0, 0, 0, 0, 0, 0, 0, 0, 0, 0, 0, 0, 0, 0, 0, 0, 0, 0]"
15644350_gab,sexual harassment is a two way street actually grabbing a man dick is a more severe act of harassment than talking about grabbing a women pussy resign from the view joy,offensive,"[0, 0, 0, 0, 0, 0, 0, 1, 1, 1, 1, 1, 1, 1, 1, 1, 1, 1, 1, 1, 1, 1, 1, 1, 1, 1, 0, 0, 0, 0, 0]"
6881962_gab,what a <number> year old black man doing with a <number> year old white woman anyway,hatespeech,"[1, 1, 1, 1, 1, 1, 1, 1, 1, 1, 1, 1, 1, 1, 1, 0]"
1178388175758221314_twitter,got a lot of them niggers you better and it active yeah popping willies on the wall i am saying,normal,"[0, 0, 0, 0, 0, 1, 0, 0, 0, 0, 0, 0, 0, 0, 0, 0, 0, 0, 0, 0]"
13879478_gab,america always was a country for by and of genetic europeans a white man born in china is not a chinaman just as a mexican anchor baby born in america is not american,offensive,"[0, 0, 0, 0, 0, 0, 0, 0, 0, 0, 0, 1, 1, 1, 1, 1, 1, 1, 1, 1, 1, 0, 0, 0, 1, 1, 1, 1, 1, 1, 1, 1, 1]"
21078066_gab,<user> march is national stop blaming white people month accept responsibility for your own choices hug a white person luvhonkies,normal,"[0, 1, 1, 1, 1, 1, 1, 1, 1, 1, 1, 1, 1, 1, 1, 1, 1, 1, 1, 0]"
1249052188506124288_twitter,“ this is the hardest thing i ’ ve ever done ” a white girl on the bachelor after the pandemic,normal,"[0, 0, 0, 0, 0, 0, 0, 0, 0, 0, 0, 0, 0, 0, 0, 0, 0, 0, 0, 0, 0]"
1251576073197887489_twitter,<user> you are retarded get back inside,offensive,"[0, 1, 1, 1, 0, 0, 0]"
1086658262899011585_twitter,<user> she a radical islamic terrorist nuff said,hatespeech,"[0, 0, 0, 1, 1, 1, 0, 0]"
12672128_gab,the federal naturalization act signed into law on <date> <number> by president washington stated that immigrants to the united states had to be white according to the definition under the british common law which the united states inherited gabfam,normal,"[0, 0, 0, 0, 0, 0, 0, 0, 0, 0, 0, 0, 0, 0, 0, 0, 0, 0, 0, 0, 0, 0, 0, 0, 0, 0, 0, 0, 0, 0, 0, 0, 0, 0, 0, 0, 0, 0, 0]"
24996887_gab,it one of the bits of ghetto slang that has entered internet slang through the medium of irony og original gangster just read it as original,normal,"[0, 0, 0, 0, 0, 0, 0, 0, 0, 0, 0, 0, 0, 0, 0, 0, 0, 0, 0, 0, 0, 0, 0, 0, 0, 0]"
3878555_gab,white nations for white people want a future deport jews with the arabs,hatespeech,"[0, 0, 0, 0, 0, 0, 0, 0, 1, 1, 1, 1, 1]"
4552326_gab,when everybody in europe sees trump has put in a muslim ban every single one of them will ask why can not we do that,offensive,"[0, 0, 0, 0, 0, 0, 0, 0, 0, 0, 1, 1, 0, 0, 0, 0, 0, 0, 0, 1, 1, 1, 1, 1, 1]"
12170080_gab,he is one obnoxious greasy nasty lying self serving horrible little muslim bastard,offensive,"[0, 0, 0, 1, 1, 1, 1, 1, 1, 1, 1, 1, 1]"
1179087582438801408_twitter,<user> issue is the young guys ain t playing which is retarded houston has not done shit hunt bigg ass can go stewart needs to sit down mohammed playing way to much and doing nothing,offensive,"[0, 0, 0, 0, 0, 0, 0, 0, 0, 0, 0, 1, 0, 0, 0, 0, 0, 0, 0, 0, 0, 0, 0, 0, 0, 0, 0, 0, 0, 0, 0, 0, 0, 0, 0]"
19286919_gab,through out the ghetto was there nary a word except brothers in green who through the streets could be heard demanding where my five dollah,offensive,"[0, 0, 0, 1, 0, 0, 0, 0, 0, 0, 0, 0, 0, 0, 0, 0, 0, 0, 0, 0, 0, 0, 0, 0, 0]"
9555286_gab,crazy oh no she is black that ishwat they do <number> of times everyday ghetto lotto you can not win if you do not play,offensive,"[1, 1, 1, 1, 1, 1, 1, 1, 1, 1, 1, 1, 1, 1, 1, 1, 1, 1, 1, 1, 1, 1, 1, 1, 1]"
14066054_gab,upon successfully destroying europe and establishing berlin seat of european communist aka jew control while occupying israhell jews position themselves for complete takeover of us,hatespeech,"[1, 1, 1, 1, 1, 1, 1, 1, 1, 1, 1, 1, 1, 0, 0, 0, 1, 1, 1, 1, 1, 1, 1, 1, 1]"
16188142_gab,lol at <user> thinks he a dothead kike lol,hatespeech,"[0, 0, 0, 0, 0, 0, 1, 1, 0]"
20794495_gab,before <number> <number> they were hanging out in strip clubs and drinking i guess it the muzzie version of a bachelor party,hatespeech,"[0, 0, 0, 0, 0, 0, 0, 0, 0, 0, 0, 0, 0, 0, 0, 0, 1, 0, 0, 0, 0, 0]"
1178863636791615488_twitter,yesterday in burleson tx someone called me a nigger the old me would have shot em but the new me is to focused to let some white man make me mad or take away my freedom,normal,"[0, 0, 0, 0, 0, 0, 0, 0, 0, 0, 0, 0, 0, 0, 0, 0, 0, 0, 0, 0, 0, 0, 0, 0, 0, 0, 0, 0, 0, 0, 0, 0, 0, 0, 0, 0]"
1179103747751993345_twitter,<user> <user> <user> prime raped dich,normal,"[0, 0, 0, 0, 0, 0]"
1079397452887834624_twitter,<user> <user> not bad idea but they are retardet,offensive,"[0, 0, 0, 0, 0, 0, 0, 0, 1]"
6563191_gab,now that article <number> has been triggered let us take a moment to think about the people that made it happen dirty stinking paki bastards,hatespeech,"[0, 0, 0, 0, 0, 0, 0, 0, 0, 0, 0, 0, 0, 0, 0, 0, 0, 0, 0, 0, 0, 1, 1, 1, 1]"
1233548077958598656_twitter,not at my mom saying how gay ppl are an abomination and looking straight at me,normal,"[0, 0, 0, 0, 0, 0, 0, 0, 0, 0, 0, 0, 0, 0, 0, 0]"
1179062432829980673_twitter,<user> perhaps they could learn how arabs enslaved the africans,normal,"[0, 0, 0, 0, 0, 0, 0, 0, 0, 0]"
1178862532087439360_twitter,<user> <user> he an asshole he blocked me once for simply congratulating him on his promotion to top ranking white house nazi after bannon got canned,normal,"[0, 0, 0, 0, 0, 0, 0, 0, 0, 0, 0, 0, 0, 0, 0, 0, 0, 0, 0, 0, 0, 0, 0, 0, 0, 0]"
1603288_gab,<user> i do not understand how so large a part of the human race got so retarded so fast it truly boggles the mind,normal,"[0, 0, 0, 0, 0, 0, 0, 1, 1, 1, 1, 1, 1, 1, 1, 1, 1, 1, 1, 0, 0, 0, 0, 0]"
1179072630718115843_twitter,the white bitch got found guilty yes lord,offensive,"[0, 1, 1, 0, 0, 0, 0, 0]"
1178935230297600001_twitter,i will never forget how one of my coworkers looked me dead in my face and asked me do you wash your hair just because my hair is in braids does not mean i do not wash it you small dick white bitch,offensive,"[0, 0, 0, 0, 0, 0, 0, 0, 0, 0, 0, 0, 0, 0, 0, 0, 0, 0, 0, 0, 0, 0, 0, 0, 0, 0, 0, 0, 0, 0, 0, 0, 0, 0, 0, 0, 0, 0, 0, 1, 1, 1, 1]"
6175208_gab,ricky vaughn uses his anonymity to say the words nigger and faggot without repercussions and so many people on gab love it lol,hatespeech,"[0, 0, 0, 0, 0, 0, 0, 0, 0, 1, 0, 1, 0, 0, 0, 0, 0, 0, 0, 0, 0, 0, 0]"
1179094712516521985_twitter,<user> <user> place stop lying islam does not promote peace be honest about religion,normal,"[0, 0, 0, 0, 0, 0, 0, 0, 0, 0, 0, 0, 0, 0]"
26816150_gab,israel home of the jewish people arabs jordan u may know that israel was promised to the jewish people well b4 ur saviour came or any arab knew where israel was clue it is in the chumash pots melamed and ps u can call me sir,normal,"[0, 0, 0, 0, 0, 0, 0, 0, 0, 0, 0, 0, 0, 0, 0, 0, 0, 0, 0, 0, 0, 0, 0, 0, 0, 0, 0, 0, 0, 0, 0, 0, 0, 0, 0, 0, 0, 0, 0, 0, 0, 0, 0, 0, 0, 0]"
1267564223162454016_twitter,im watching arabs inside the mind of an igl rn,normal,"[1, 1, 1, 1, 1, 1, 1, 1, 1, 1]"
23781633_gab,nick fuentes is a filthy spic,hatespeech,"[0, 0, 0, 0, 1, 1]"
1179088613109305344_twitter,no aha youre so sexy please dont kill yourself,normal,"[0, 0, 0, 0, 0, 0, 0, 0, 0]"
20748901_gab,sounds like a kike to me,hatespeech,"[0, 0, 0, 1, 0, 0]"
1114575701305200640_twitter,<user> <user> i learn islamic education in schools and im still gay honey,normal,"[0, 0, 0, 0, 0, 0, 0, 0, 0, 0, 0, 0, 0]"
1178701466401423360_twitter,<user> <user> <user> 🤭 nearly all her fans are white caucasians how uh ironic 😂,normal,"[0, 0, 0, 0, 0, 0, 0, 0, 0, 0, 0, 0, 0, 0, 0]"
1098421662385614849_twitter,get this nigga zion some lugz those soles strong as shit,normal,"[0, 0, 0, 0, 0, 0, 0, 0, 0, 0, 0]"
1178828752379400193_twitter,scrawny ass mf put a shirt on next time no one wants to see your ugly tiny white ass nips 🙅 🏻 ‍ ♀️,normal,"[0, 0, 0, 0, 0, 0, 0, 0, 0, 0, 0, 0, 0, 0, 0, 0, 0, 0, 0, 0, 0, 0, 0, 0]"
19526192_gab,go sleep you old whore go get raped by a muslim you will enjoy it,hatespeech,"[1, 1, 1, 1, 1, 1, 1, 1, 1, 1, 1, 1, 1, 1, 1]"
18037598_gab,i am going to make four predictions for <number> things i am positive will happen prediction for <number> <number> <number> germany or sweden courts will establish precedence that women who become pregnant from rape by a migrant cannot abort the fetus without the father consent with threat of hate crime charges,hatespeech,"[0, 0, 0, 0, 0, 0, 0, 0, 0, 0, 0, 0, 0, 0, 0, 0, 0, 0, 0, 0, 0, 0, 0, 0, 1, 1, 1, 1, 1, 1, 1, 1, 1, 1, 1, 1, 1, 1, 1, 1, 1, 1, 1, 1, 1, 1, 1, 1, 1, 1, 1]"
1179099136349626368_twitter,dorothy a dirty slut,offensive,"[0, 0, 1, 1]"
20730385_gab,its a nigger problem not a gun problem florida was also a half jew half hispanic not white,hatespeech,"[0, 0, 1, 1, 0, 0, 0, 0, 0, 0, 0, 0, 0, 0, 0, 0, 0, 0]"
3483203_gab,obamanicknames <number> <number> dollar muslim pimp a hole musloid a token to make stupid white people feel less guilty a tr <user> gay husband americahaterinchief america hating globalist elitist piece of trash arrogant pompous narcissistic thug attention hound b hussein blunder barack arafat,normal,"[0, 0, 1, 1, 1, 1, 1, 1, 1, 1, 1, 1, 1, 1, 1, 1, 1, 1, 1, 1, 1, 1, 1, 1, 1, 1, 1, 1, 1, 1, 1, 1, 1, 1, 1, 1, 1, 1, 1, 1, 1, 1, 1]"
1104599456941572097_twitter,so none of you all hoes want to get that waist snatched hurd it,offensive,"[0, 0, 0, 0, 0, 1, 0, 0, 0, 0, 0, 0, 0, 0]"
1179020101355487232_twitter,<user> wow and if you took their masks off you would see how nerdy they all look there was a clip where they had their masks off i wish i could find it but they are nothing wussies hiding behind masks,normal,"[0, 0, 0, 0, 0, 0, 0, 0, 0, 0, 0, 0, 0, 0, 0, 0, 0, 0, 0, 0, 0, 0, 0, 0, 0, 0, 0, 0, 0, 0, 0, 0, 0, 0, 0, 0, 0, 0, 0, 0, 0]"
1103830041249697792_twitter,slap the bitch in the fave with them hoes,offensive,"[0, 0, 1, 0, 0, 0, 0, 0, 1]"
1179057860723953664_twitter,tlou in general is a nice change of unrealism where the cishet white man saves the lesbian from death,normal,"[0, 0, 0, 0, 0, 0, 0, 0, 0, 0, 0, 0, 0, 0, 0, 0, 0, 0, 0]"
1228049932654759936_twitter,i hate you ghetto hoes i hate oakland bro,offensive,"[1, 1, 1, 1, 1, 0, 1, 1, 0]"
1234661145614540802_twitter,<user> why do we call them immigrants they are illegal refugees,normal,"[0, 0, 0, 0, 0, 0, 0, 0, 0, 0, 0]"
16612870_gab,honesty is the best policy unless you have a muzzy go off the rails just does not jive with social justice warriors snowglobe,hatespeech,"[0, 0, 0, 0, 0, 0, 0, 0, 0, 1, 0, 0, 0, 0, 0, 0, 0, 0, 0, 0, 0, 0, 0]"
26084648_gab,i have been stoned and drunk enough to call white cops niggers but i have never been drunk enough to fuck a nigger,hatespeech,"[0, 0, 0, 0, 0, 0, 0, 0, 0, 0, 0, 1, 0, 0, 0, 0, 0, 0, 0, 0, 1, 1, 1]"
1179003171877933057_twitter,that that panic energy i am shocked he did not call us niggers 😂,normal,"[0, 0, 0, 0, 0, 0, 0, 0, 0, 0, 0, 0, 0, 0]"
1178772468397416452_twitter,<user> wash ya face u stupid nigger,hatespeech,"[0, 0, 0, 0, 0, 1, 1]"
1186125821515325445_twitter,<number> years ago vladimir lenin publishes <number> essays stating that kylo ren is a punk bitch,normal,"[0, 0, 0, 0, 0, 0, 0, 0, 0, 0, 0, 0, 0, 0, 0, 0]"
5410106_gab,<user> here is more · <user> mute me thanks nigger,hatespeech,"[0, 0, 0, 0, 0, 0, 0, 0, 0, 1]"
1165990985500958721_twitter,<user> still retarded and annoying lol,offensive,"[0, 0, 1, 0, 1, 0]"
1178569618232709121_twitter,<user> <user> i was just thinking this must be the case you can probably make bank selling fake empowerment to women through self defence classes,normal,"[0, 0, 0, 0, 0, 0, 0, 0, 0, 0, 0, 0, 0, 0, 0, 0, 0, 0, 0, 0, 0, 0, 0, 0, 0]"
8391527_gab,ill honk as i drive through your ghetto cant stop i have white business to attend to,hatespeech,"[1, 1, 1, 1, 1, 1, 1, 1, 1, 1, 1, 1, 1, 1, 1, 1, 1]"
1179019613394198528_twitter,you women move too fast,normal,"[0, 0, 0, 0, 0]"
27110145_gab,shut up you dumb kike,hatespeech,"[0, 0, 0, 0, 1]"
1178600318482997248_twitter,<user> <user> you have completely halted trying to fight what we are saying because its true all you have left is these haha look at these guys replies left you stupid poor white trash wigger fuck,offensive,"[0, 0, 0, 0, 0, 0, 0, 0, 0, 0, 0, 0, 0, 0, 0, 0, 0, 0, 0, 0, 0, 0, 0, 0, 0, 0, 0, 0, 0, 0, 1, 1, 1, 1, 1, 1]"
1125356337666433029_twitter,<user> <user> yes they include unvaccinated illegal aliens,normal,"[0, 0, 0, 0, 0, 0, 0, 0]"
13740267_gab,you can say you want to kill the president on twitter but you can not call people cunts the absolute fucking state of gay social media kill jack dorsey how about that fucking nigger,hatespeech,"[1, 1, 1, 1, 1, 1, 1, 1, 1, 1, 1, 1, 1, 1, 1, 1, 1, 1, 1, 1, 1, 1, 1, 1, 1, 1, 1, 1, 1, 1, 1, 1, 1, 1]"
1178174090739253249_twitter,<user> my ching chong dumb ass thought he was cutting dog meat,hatespeech,"[0, 0, 1, 1, 1, 1, 0, 0, 0, 0, 0, 0]"
1179048964039069703_twitter,me being a faggot on campus,normal,"[0, 0, 0, 0, 0, 0]"
18628194_gab,the difference between hetero and homo couples part i,normal,"[0, 0, 0, 0, 0, 0, 0, 0, 0]"
26943747_gab,no he has two his dyke wife lost and pissed off the new leftist leader barack hussein obama,hatespeech,"[0, 0, 0, 0, 0, 1, 0, 0, 0, 0, 0, 0, 0, 0, 0, 0, 0, 0]"
7093626_gab,aw what wrong nigger you do not like your sheboon exposed for the savage she is 🤣,hatespeech,"[0, 0, 0, 1, 0, 0, 0, 0, 0, 1, 0, 0, 0, 0, 0, 0, 0]"
17939414_gab,this dude sits around all day trying to argue with anglin others then probably bitched about targeted harassment all day,normal,"[0, 0, 0, 0, 0, 0, 0, 0, 0, 0, 0, 0, 0, 0, 0, 0, 0, 0, 0, 0]"
17188361_gab,green nigger on standby ready to bring freedumb to iranians,offensive,"[1, 1, 0, 0, 0, 0, 0, 1, 0, 0]"
1249485665638760449_twitter,<user> <user> no they ain t sweetie atlus is homophobic lmao 😂 😂 😂 😂 😂 😂 😂 😂 😂 😂 sick delusional fuck,offensive,"[0, 0, 0, 0, 0, 0, 0, 0, 0, 1, 0, 0, 0, 0, 0, 0, 0, 0, 0, 0, 0, 1, 1, 1]"
1178843246837092353_twitter,my grandma was legit the best role model my daddy could ask for she had a degree and a career and raised him in a christian household and the stupid nigger still chose the streets 😭,normal,"[0, 0, 0, 0, 0, 0, 0, 0, 0, 0, 0, 0, 0, 0, 0, 0, 0, 0, 0, 0, 0, 0, 0, 0, 0, 0, 0, 0, 0, 0, 0, 0, 0, 0, 0, 0]"
10755224_gab,the media is losing its collective mind today because trump called them out rightfully for supporting leftism terrorism and violence the media has been publicly shamed and is throwing a temper tantrum over it,normal,"[0, 0, 0, 0, 0, 0, 0, 0, 0, 0, 0, 0, 0, 0, 0, 0, 0, 0, 0, 0, 0, 0, 0, 0, 0, 0, 0, 0, 0, 0, 0, 0, 0, 0]"
10556891_gab,a politico morning consult poll finds significant support for the raise act forty eight percent of voters support reducing the number of legal immigrants by half over the next decade compared to <number> percent who oppose that <number> of likely voters support the chain migration cuts in the raise act,normal,"[0, 0, 0, 0, 0, 0, 0, 0, 0, 0, 0, 0, 0, 0, 0, 0, 0, 0, 0, 0, 0, 0, 0, 0, 0, 0, 0, 0, 0, 0, 0, 0, 0, 0, 0, 0, 0, 0, 0, 0, 0, 0, 0, 0, 0, 0, 0, 0, 0, 0]"
23158710_gab,because this is a free speech platform and what i have posted to gab would not be considered doxing even by twitter standards if you guys can not take the heat then get out of the fucking kitchen your bitch ass friend wanted war and he got it get ready to lose faggot,hatespeech,"[0, 0, 0, 0, 0, 0, 0, 0, 0, 0, 0, 0, 0, 0, 0, 0, 0, 0, 0, 0, 0, 0, 0, 0, 0, 0, 0, 0, 0, 0, 0, 0, 0, 0, 0, 0, 0, 0, 0, 1, 1, 1, 0, 0, 0, 0, 0, 0, 0, 0, 0, 0, 1]"
13292936_gab,end off this japanese set with lesbian scissoring nsfw,normal,"[0, 0, 0, 0, 0, 0, 0, 0, 0]"
25302940_gab,obama is a corrupt lying muslim pos who goal is to destroy traditional us culture values for islam trump killing his anti us deal w iran upset the little punk <user> tcot pjnet maga lnyhbt wakeupamerica,offensive,"[1, 1, 1, 1, 1, 1, 1, 1, 1, 1, 1, 1, 1, 1, 1, 1, 1, 1, 1, 1, 1, 1, 1, 1, 1, 1, 1, 1, 1, 1, 1, 1, 1, 1, 0, 0]"
11316156_gab,the problem with the vedic religion is that it mixed the slave mentality of asians with the religion of aryans the original white pagan religions which is where the vedas originated from have a completely different way of practising religion religion was taught to guide man not to worship gods,normal,"[0, 0, 0, 0, 0, 0, 0, 0, 0, 0, 0, 0, 0, 0, 0, 0, 0, 0, 0, 0, 0, 0, 0, 0, 0, 0, 0, 0, 0, 0, 0, 0, 0, 0, 0, 0, 0, 0, 0, 0, 0, 0, 0, 0, 0, 0, 0, 0, 0, 0]"
1179064927949996033_twitter,<user> they all look uncomfortable,normal,"[0, 0, 0, 0, 0]"
20820201_gab,and trump loves it he is a kike puppet,hatespeech,"[0, 0, 0, 0, 0, 0, 0, 1, 0]"
11823734_gab,this quisling judge has decided to suppress evidence of the obscene violence and hate of islam when muslims are on trial because if a jury ever found out what these muslim savages were up to the muslim terrorist scum would be convicted and this quisling judge does not want that,hatespeech,"[0, 1, 0, 0, 0, 0, 0, 0, 0, 0, 0, 0, 0, 1, 1, 1, 1, 1, 0, 0, 0, 0, 0, 0, 0, 0, 0, 0, 0, 0, 1, 1, 0, 0, 0, 0, 1, 1, 0, 0, 0, 0, 0, 0, 1, 0, 0, 0, 0, 0]"
27232945_gab,she can say this because she so ugly not even a moslim would rape her,hatespeech,"[0, 0, 0, 0, 1, 1, 1, 1, 1, 1, 1, 1, 1, 1, 1]"
5089750_gab,oh my god i wonder how many mestizos and blacks and indians and muzzies and chinese and south east asians are watching or reading jewish humorists it will be exactly none they have gone off the deep end and there they will drown thankfully,hatespeech,"[0, 0, 0, 0, 0, 0, 0, 1, 0, 1, 0, 1, 0, 1, 0, 1, 0, 1, 1, 1, 0, 0, 0, 0, 0, 0, 0, 0, 0, 0, 0, 0, 0, 0, 0, 0, 0, 0, 0, 0, 0, 0, 0, 0]"
15314387_gab,i mean of course we do not know why he did it we have yet to establish a clear motive it may just have been a sexualemergency hence his desperation the gun was just meant to compel the women to realize the urgency of the matter,offensive,"[0, 0, 0, 0, 0, 0, 0, 0, 0, 0, 0, 0, 0, 0, 0, 0, 0, 0, 0, 0, 0, 0, 0, 0, 0, 0, 1, 0, 0, 0, 1, 1, 1, 1, 1, 1, 1, 1, 1, 1, 1, 1, 1, 1, 1, 1]"
4579758_gab,jennifer rubin email is <email> ask her why israel does not take in muslim refugees ask her about the palestinian refugees israel is creating,normal,"[0, 0, 0, 0, 0, 0, 0, 0, 0, 0, 0, 0, 0, 0, 0, 0, 0, 0, 0, 0, 0, 0, 0, 0]"
26327600_gab,<number> months he got he was on a suspended sentence they have sentenced him to death our prisons are full off moslim extremist,offensive,"[0, 0, 0, 0, 0, 0, 0, 0, 0, 0, 1, 1, 1, 1, 1, 1, 1, 1, 1, 1, 1, 1, 1]"
18219048_gab,bs moralfaggotry salinger fyi was a kike pedo,hatespeech,"[0, 1, 0, 0, 0, 0, 1, 1]"
1178948001655599109_twitter,a plain white boy running from demons to escape white privlege,normal,"[0, 0, 0, 0, 0, 0, 0, 0, 0, 0, 0]"
1178750146995089408_twitter,non lesbians out here throwing around the word dyke more than some of us actual lesbians the humiliation,normal,"[0, 0, 0, 0, 0, 0, 0, 0, 0, 0, 0, 0, 0, 0, 0, 0, 0, 0]"
1270768582222385152_twitter,i need my bad bitch mentality back lol,offensive,"[0, 0, 0, 1, 1, 1, 0, 0]"
1276135409219706880_twitter,<user> this is one of your more terrible takes survivors of the holocaust do not want auschwitz torn down so people remember,normal,"[0, 0, 0, 0, 0, 0, 0, 0, 0, 0, 0, 0, 0, 0, 0, 0, 0, 0, 0, 0, 0, 0]"
1178215872558698498_twitter,<user> fkn ayye you are so sober up yah big dumb gay faggot ass pussy bitch love yah ed muffin,normal,"[0, 0, 0, 0, 0, 0, 0, 0, 0, 0, 0, 0, 0, 0, 0, 0, 0, 0, 0, 0]"
18405804_gab,the democrats should know better than to put illegal mexican immigrants ahead of american citizens is absolutely appalling to cause the government shutdown banimmigration,offensive,"[0, 0, 0, 0, 0, 0, 0, 0, 1, 1, 1, 1, 1, 1, 0, 0, 0, 0, 0, 0, 0, 0, 0, 1]"
14991449_gab,the arabs are all jews in sharia clothing,offensive,"[1, 1, 1, 1, 1, 1, 1, 1]"
25182816_gab,the vile cult known as islam is not compatible with america or american values and the constitution it is a disgusting religion that is based in violence and filth,hatespeech,"[1, 1, 1, 1, 1, 1, 0, 0, 0, 0, 0, 0, 0, 0, 0, 0, 0, 1, 1, 1, 1, 1, 1, 1, 1, 1, 1, 1, 1]"
1178683447029764097_twitter,<user> <user> there is no even one refugee just illegal immigrants criminals that are enemy of greece and the greek people out of greece know bastards,hatespeech,"[0, 0, 0, 0, 0, 0, 0, 0, 0, 1, 1, 1, 0, 0, 1, 0, 0, 0, 0, 0, 0, 1, 1, 1, 1, 1]"
19069983_gab,i wish this faggot would die already someone send him a pepe strobe gif and cause him to stroke out,hatespeech,"[1, 1, 1, 1, 1, 1, 1, 1, 1, 1, 1, 1, 1, 1, 1, 1, 1, 1, 1, 1]"
1194611863226605568_twitter,<user> are you gonna cry becuase someone insulted your precious ching chong singers,normal,"[0, 0, 0, 0, 0, 0, 0, 0, 0, 0, 0, 0, 0]"
1179101261859377153_twitter,hello wombat today is going to be great with a small helping of queer never forget that you are a wiz kid who will win the day you will celebrate in avalon with bloody marys and sushi or so a little bird told me,normal,"[0, 0, 0, 0, 0, 0, 0, 0, 0, 0, 0, 0, 0, 0, 0, 0, 0, 0, 0, 0, 0, 0, 0, 0, 0, 0, 0, 0, 0, 0, 0, 0, 0, 0, 0, 0, 0, 0, 0, 0, 0, 0, 0, 0]"
7921401_gab,i will always maintain that the_donald is pol retarded brother,offensive,"[0, 0, 0, 0, 0, 1, 1, 1, 1, 1]"
8354021_gab,♫ rows and flows of golden hair and beaner border walls in the air and shitlord bannon everywhere i have looked at trump that way i have looked at trump from both sides now from up and down and still somehow it trump illusions i recall i really do not know trump at all ♫,hatespeech,"[0, 0, 0, 0, 0, 0, 0, 0, 1, 1, 1, 0, 0, 0, 0, 0, 0, 0, 0, 0, 0, 0, 0, 0, 0, 0, 0, 0, 0, 0, 0, 0, 0, 0, 0, 0, 0, 0, 0, 0, 0, 0, 0, 0, 0, 0, 0, 0, 0, 0, 0, 0, 0, 0, 0]"
9347638_gab,senior eu official said it was part of poland push towards self ghettoisation is not that rich another example of liberal globalist transference the only ghetto in the eu are the muslim pig dick suckers ghettos,offensive,"[1, 1, 1, 1, 1, 1, 1, 1, 1, 1, 1, 1, 1, 1, 1, 1, 1, 1, 1, 1, 1, 1, 1, 1, 1, 1, 1, 1, 1, 1, 1, 1, 1, 1, 1, 1]"
17539922_gab,yes he did you have forgotten the part and parcel comment that filthy muzrat made already if that does not minimize the danger those useless filthy ragheads pose nothing does,offensive,"[0, 0, 0, 0, 0, 0, 0, 0, 0, 0, 0, 0, 1, 1, 0, 0, 0, 0, 0, 0, 0, 0, 0, 0, 0, 1, 1, 0, 0, 0]"
11696626_gab,that fine but there are a lot of refugees on gab who do care about race cuz internet duopolists want to thoughtpolice racial nationalism among other wrongthoughts they want erased from our minds even if you do not care about race but care about free speech conscience you should stand with us,offensive,"[0, 0, 0, 0, 0, 0, 0, 0, 1, 0, 0, 0, 0, 0, 0, 0, 0, 0, 0, 0, 0, 0, 1, 1, 0, 0, 0, 0, 0, 0, 0, 0, 0, 0, 0, 0, 0, 0, 0, 0, 0, 0, 0, 0, 0, 0, 0, 0, 0, 0, 0, 0]"
1242480936681340928_twitter,nails amp lashes too this is ghetto rt <user> i act like everything ’ ok but deep down inside i wanna get my mf hair done 😩,normal,"[0, 0, 0, 0, 0, 0, 0, 0, 0, 0, 0, 0, 0, 0, 0, 0, 0, 0, 0, 0, 0, 0, 0, 0, 0, 0, 0]"
3449511_gab,<user> go back to israel with your sand nigger wife and mutt child,hatespeech,"[0, 1, 1, 1, 1, 1, 1, 1, 1, 1, 1, 1, 1]"
16088290_gab,it is sustainable thousands of children all over the us are without those trappings it does have to be that way race matters my tribe white western european men and women come first all others are meaningless to me kind after kind,normal,"[0, 0, 0, 0, 0, 0, 0, 0, 0, 0, 0, 0, 0, 0, 0, 0, 0, 0, 0, 0, 0, 0, 0, 0, 0, 0, 0, 0, 0, 0, 0, 0, 0, 0, 0, 0, 0, 0, 0, 0, 0, 0]"
22119924_gab,he will be out in a few years for good muzzie behavior or pardoned by the next pres,hatespeech,"[0, 0, 0, 0, 0, 0, 0, 0, 0, 1, 1, 1, 0, 0, 0, 0, 0, 0]"
15354084_gab,that sound you hear in the distance is the 2 nd civil war approaching texas state student paper ran a pro white genocide article ontologically speaking white death will mean liberation for all … until then remember this i hate you because you should not exist,hatespeech,"[0, 0, 0, 0, 0, 0, 0, 0, 0, 0, 0, 0, 0, 0, 0, 0, 0, 0, 0, 0, 1, 1, 1, 1, 0, 0, 0, 0, 0, 0, 0, 0, 0, 0, 0, 0, 0, 0, 1, 1, 1, 1, 1, 1, 1, 1]"
16072473_gab,did a pro nigger boomer cuck left wing communist faggot just win the senate in alabama this is why women should not be allowed to vote,hatespeech,"[0, 0, 1, 1, 1, 1, 1, 1, 1, 1, 0, 0, 0, 0, 0, 0, 0, 0, 0, 1, 1, 1, 1, 1, 1, 1]"
1179079421619097600_twitter,there a distinction between refugee and illegal migrant a refugee is a victim of persecution illegal migrants are not victims of persecution nrc will identify the illegal migrants citizenship act wd give refugees a new life my request to <user> add ahmadis,normal,"[0, 0, 0, 0, 0, 0, 0, 0, 0, 0, 0, 0, 0, 0, 0, 0, 0, 0, 0, 0, 0, 0, 0, 0, 0, 0, 0, 0, 0, 0, 0, 0, 0, 0, 0, 0, 0, 0, 0, 0, 0, 0]"
1232040359913455617_twitter,askstacey how do we get more women like you on the beeb and in the biz we need your honesty and empathy,normal,"[0, 0, 0, 0, 0, 0, 0, 0, 0, 0, 0, 0, 0, 0, 0, 0, 0, 0, 0, 0, 0, 0]"
1179026967062044673_twitter,if i deal with a nigga idgaf about who he use to fuck with u bitches find stalk me 🤦 🏽 ‍ ♀️,normal,"[0, 0, 0, 0, 0, 0, 0, 0, 0, 0, 0, 0, 1, 0, 0, 1, 0, 0, 0, 0, 0, 0, 0]"
27998697_gab,attention all lieberal feminazi here a cause for you put on your pussy hats and go get the toxic male responsible for actual pussy grabbing c mon lying bitches still waiting,hatespeech,"[1, 1, 1, 1, 1, 1, 1, 1, 1, 1, 1, 1, 1, 1, 1, 1, 1, 1, 1, 1, 1, 1, 1, 1, 1, 1, 1, 1, 1, 1, 1]"
14500990_gab,of course because steve jobs was a gay faggit kike himself,hatespeech,"[0, 0, 0, 0, 0, 0, 0, 1, 1, 1, 0]"
13459307_gab,in britain the prime minister a childless woman london mayor a moslem invader in command of london police a lesbian in command of london fire brigade a fat woman scotland first minister a childless woman,hatespeech,"[0, 0, 0, 0, 0, 0, 1, 1, 0, 0, 1, 1, 1, 0, 0, 0, 0, 0, 1, 1, 0, 0, 0, 0, 0, 0, 1, 1, 1, 1, 0, 0, 0, 1, 1]"
1143716074904383488_twitter,i do not got hoes i am the hoe,normal,"[0, 0, 0, 0, 0, 0, 0, 0, 0]"
13078627_gab,germans love high taxes nigger hordes now that the german elections are finished merkel now comes with the tax hikes this shows the contempt for the people assume that they are just stupid so do nothing before and election then raise the taxes after according to a report,hatespeech,"[0, 0, 0, 0, 1, 1, 0, 0, 0, 0, 0, 0, 0, 0, 0, 0, 0, 0, 0, 0, 0, 0, 0, 0, 0, 0, 0, 0, 0, 0, 0, 0, 0, 0, 0, 0, 0, 0, 0, 0, 0, 0, 0, 0, 0, 0, 0, 0]"
25416405_gab,keep up the fight we will expose the jidf and neocon shill faggots one by one,offensive,"[0, 0, 0, 0, 1, 1, 1, 1, 1, 1, 1, 1, 1, 1, 1, 1]"
1179105547573837824_twitter,yeah destiny dana and becky all know their exes because you all run in the same damn circle bitch stop i love how she is always behind on her own damn life like we been knew we knew so much we even fucking know that dana dad is a fucking predator,normal,"[0, 0, 0, 0, 0, 0, 0, 0, 0, 0, 0, 0, 0, 0, 0, 0, 0, 0, 0, 0, 0, 0, 0, 0, 0, 0, 0, 0, 0, 0, 0, 0, 0, 0, 0, 0, 0, 0, 0, 0, 0, 0, 0, 0, 0, 0, 0, 0, 0, 0, 0]"
4064564_gab,the left is nothing but a tool for the elimination of white identity so identity politics are now the only politics for whites that matter maga altright,offensive,"[1, 1, 1, 1, 1, 1, 1, 0, 0, 1, 1, 1, 1, 0, 0, 0, 0, 0, 0, 0, 0, 0, 0, 0, 0, 0, 0]"
19084651_gab,tranny faggot alphabet soup,hatespeech,"[1, 1, 1, 1]"
1447535_gab,anti trump protesters set us flag alight during portland march so disgusting men and women risk there lifes fighting under this flag every day go fucking move to mexico or north korea if you do not like democracy or go to germany and get raped and then realise how fortunate you are,offensive,"[0, 0, 0, 0, 0, 0, 0, 0, 0, 0, 0, 1, 0, 0, 0, 0, 0, 0, 0, 0, 0, 0, 0, 0, 1, 1, 1, 1, 1, 1, 1, 1, 1, 1, 1, 1, 1, 1, 1, 1, 1, 1, 1, 1, 1, 0, 0, 0, 0, 0, 0, 0]"
1179048616914227200_twitter,fyi the same dr luke who raped and sexually assaulted kesha for years is kim petras producer jussaying you all might wanna yikes away,normal,"[0, 0, 0, 0, 0, 0, 0, 0, 0, 0, 0, 0, 0, 0, 0, 0, 0, 0, 0, 0, 0, 0, 0, 0]"
22502718_gab,automatic sheboon niglet cannon,hatespeech,"[0, 1, 1, 0]"
15597309_gab,yes ty i will fight till the end no one will make me shut up speaking out on islam and its danger you over in the usa have some good people on that as well likebill warner robert spencer and pamella geller check their websites cspi jihadwatch org and pamelageller com,normal,"[0, 0, 0, 0, 0, 0, 0, 0, 0, 0, 0, 0, 0, 0, 0, 0, 0, 0, 0, 0, 0, 0, 0, 0, 0, 0, 0, 0, 0, 0, 0, 0, 0, 0, 0, 0, 0, 0, 0, 0, 0, 0, 0, 0, 0, 0, 0, 0, 0, 0, 0]"
1178415398728929285_twitter,<user> dear jews after trump is done with the immigrants who next being a white nationalist who would be his next victims certainly black and brown citizens what about asian indian jews muslims mediterranean you modern holocaust,normal,"[0, 0, 0, 0, 0, 0, 0, 0, 0, 0, 0, 0, 0, 0, 0, 0, 0, 0, 0, 0, 0, 0, 0, 0, 0, 0, 0, 0, 0, 0, 0, 0, 0, 0, 0, 0, 0]"
13640015_gab,unfortunately during the <number> years he still has not grown a brain but still sucks saudi moslem cock,hatespeech,"[0, 0, 0, 0, 0, 0, 0, 0, 0, 0, 0, 0, 0, 0, 1, 1, 1, 1]"
19978977_gab,the fbi is the terrorist military arm of the hollywood zog why would it fight crime when its purpose is to prevent wrong think and dream up ways to undermine white autonomy,offensive,"[0, 1, 1, 1, 1, 1, 1, 1, 1, 1, 1, 1, 0, 0, 0, 0, 0, 0, 0, 0, 0, 0, 0, 0, 0, 0, 0, 0, 0, 1, 1, 1]"
21496104_gab,so you are a one man ghetto,offensive,"[0, 0, 0, 0, 0, 0, 1]"
17057680_gab,i did not see the choice of beaners pretending to be republicans,offensive,"[0, 0, 0, 0, 0, 0, 0, 1, 0, 0, 0, 0]"
18792021_gab,communism can actually work on extremely small scales but once you scale above a commune it goes to shit fast if you disagree i will get my thumb width stick and islam some sense into you,normal,"[0, 0, 0, 0, 0, 0, 0, 0, 0, 0, 0, 0, 0, 0, 0, 0, 0, 0, 0, 0, 0, 0, 0, 0, 0, 0, 0, 0, 0, 0, 0, 0, 0, 0, 0, 0]"
15516397_gab,organized nigger crime,hatespeech,"[1, 1, 1]"
1163018440312967168_twitter,these hoes are insane,offensive,"[0, 1, 0, 0]"
27877538_gab,bare in mind there are only <number> million jews in the world give or take and billions of other people of all religions when the day comes you <number> million will be mincemeat this time not fertilizer,hatespeech,"[0, 0, 0, 0, 0, 0, 0, 0, 0, 0, 0, 0, 0, 0, 0, 0, 0, 0, 0, 0, 0, 0, 0, 0, 0, 0, 0, 1, 1, 1, 1, 1, 1, 1, 1, 1, 1]"
1162739972048379905_twitter,<user> mucho gusto maeve lindo nombre soy phoenix walsh un placer bonita,normal,"[0, 0, 0, 0, 0, 0, 0, 0, 0, 0, 0, 0]"
17201634_gab,i feel bad for frequent fliers i am trying to avoid planes as much as i can the whole airline industry is turning into one big ghetto walmart,normal,"[0, 0, 0, 0, 0, 0, 0, 0, 0, 0, 0, 0, 0, 0, 0, 0, 0, 0, 0, 0, 0, 0, 0, 0, 0, 1, 1, 1]"
16610273_gab,oh ffs be an adult did you not say what can i do if my <number> year old daughter brings home a nigger paraphrased or are you saying that myself and others just made this up what the hell for we already know you are a liberal cuck,hatespeech,"[0, 0, 0, 0, 0, 0, 0, 0, 0, 0, 0, 0, 0, 0, 0, 0, 0, 0, 0, 0, 0, 0, 1, 0, 0, 0, 0, 0, 0, 0, 0, 0, 0, 0, 0, 0, 0, 0, 0, 0, 0, 0, 0, 0, 0, 0, 0, 0]"
15367790_gab,ohh man that is a fucking sad photo lots of respect for the soldiers not so much for the assholes sending them into harms way in sand nigger countries i mean let the moslems kill each other who the hell cares,normal,"[0, 0, 0, 0, 0, 0, 0, 0, 0, 0, 0, 0, 0, 0, 0, 0, 0, 0, 0, 0, 0, 0, 0, 0, 0, 0, 1, 1, 1, 0, 0, 1, 1, 1, 1, 1, 1, 1, 1, 1, 1]"
26948887_gab,is this why kale is popular now because it clears out your shit shaft i did not know it was queer food,offensive,"[1, 1, 1, 1, 1, 1, 1, 1, 1, 1, 1, 1, 1, 1, 1, 1, 1, 1, 1, 1, 1, 1]"
25475914_gab,<number> days after starbucks opens its bathrooms to ghetto thugs,offensive,"[0, 0, 0, 0, 0, 0, 0, 0, 1, 1]"
23889016_gab,come on cunt lez go the money and powrr out da back door cunt face dike,offensive,"[0, 0, 1, 0, 0, 0, 0, 0, 0, 0, 0, 0, 0, 1, 1, 1]"
1676175_gab,<user> the important detail being brushed aside here is that he first inquired about housing refugees himself he just did not like the price govt offered him serves that fucker right,normal,"[0, 0, 0, 0, 0, 0, 0, 0, 0, 0, 0, 0, 0, 0, 0, 0, 0, 0, 0, 0, 0, 0, 0, 0, 0, 0, 0, 0, 0, 0, 0]"
13817088_gab,there is no need for immigrants to assimilate into canadian culture but those that refuse will be deported back to the shit hole these savage illiterate low iq inbred retards came from or we can simply execute these human waste,hatespeech,"[0, 0, 0, 0, 0, 0, 0, 0, 0, 0, 0, 0, 1, 1, 1, 1, 1, 1, 1, 1, 1, 1, 1, 1, 1, 1, 1, 1, 1, 1, 1, 1, 1, 1, 1, 1, 1, 1, 1, 1]"
1207712192935579649_twitter,dang ever since my friends sisters been into kpop she went from dating yt men to only asians,normal,"[0, 0, 0, 0, 0, 0, 0, 0, 0, 0, 0, 0, 0, 0, 0, 0, 0, 0]"
6390413_gab,i am not meming the closing of the borders to keep out billions of refugees who will then die for the good of them i am doing it for us friends and enemies are different there is no universal ethic,normal,"[0, 0, 0, 0, 0, 0, 0, 0, 0, 0, 0, 0, 0, 0, 0, 0, 0, 0, 0, 0, 0, 0, 0, 0, 0, 0, 0, 0, 0, 0, 0, 0, 0, 0, 0, 0, 0, 0, 0, 0]"
4347712_gab,<user> did you delete my response to your post about worrying about violence at the inauguration i do not see it anywhere,normal,"[0, 0, 0, 0, 0, 0, 0, 0, 0, 0, 0, 0, 0, 0, 0, 0, 0, 0, 0, 0, 0, 0]"
1178836649280593921_twitter,between elder harassment displaying zero sense of fear about an almighty creator god by some of today youth is plenty enough reasons to say lord come quickly,normal,"[0, 0, 0, 0, 0, 0, 0, 0, 0, 0, 0, 0, 0, 0, 0, 0, 0, 0, 0, 0, 0, 0, 0, 0, 0, 0, 0]"
25355082_gab,the kike usurped the white people place white europeans are god chosen people jesus was a gaul not a kike,hatespeech,"[0, 1, 0, 0, 0, 0, 0, 1, 1, 1, 1, 1, 1, 1, 1, 1, 1, 1, 1, 1]"
7224808_gab,fake muslim victimhood aka taquiyya aka lies azhar hussain sends himself fake threat emails arrested yasmin seweid false subway attack story arrested muslim woman self inflicted slash outside trinity church ny muslim woman false hijab attack in la noor ramjanally fake kidnapping claim,normal,"[0, 0, 0, 0, 0, 0, 0, 0, 0, 0, 0, 0, 0, 0, 0, 0, 0, 0, 0, 0, 0, 0, 0, 0, 0, 0, 0, 0, 0, 0, 0, 0, 0, 0, 0, 0, 0, 0, 0, 0, 0, 0, 0]"
1077584771163742208_twitter,crazy rich asians is the shit,normal,"[0, 0, 0, 0, 0, 0]"
1179027656785969152_twitter,<user> holy shit i wanna listen to all of these they all look amazing,normal,"[0, 0, 0, 0, 0, 0, 0, 0, 0, 0, 0, 0, 0, 0]"
13929223_gab,then send the nigger to prison maybe <number> years will loosen the niggers lips,hatespeech,"[0, 1, 1, 1, 1, 1, 0, 0, 0, 0, 1, 1, 1, 1]"
1178796840298242048_twitter,<user> <user> i guess he wasn t ready to get raped in prison by a big black buck he did not want a taste of his own medicine no tears shedded here black lives matter,normal,"[0, 0, 0, 0, 0, 0, 0, 0, 0, 0, 0, 0, 0, 0, 0, 0, 0, 0, 0, 0, 0, 0, 0, 0, 0, 0, 0, 0, 0, 0, 0, 0, 0, 0, 0]"
1265845267338792960_twitter,i fucking hate it here,normal,"[0, 0, 0, 0, 0]"
1154548_gab,fraud polls have to pivot to reality in the final weeks to cover their tracks and preserve future credibility hillary trump are you with her hillbully nuclear holocaust for sure,offensive,"[1, 1, 0, 0, 0, 0, 0, 0, 0, 0, 0, 0, 0, 0, 0, 0, 0, 0, 0, 0, 0, 0, 0, 0, 0, 1, 1, 1, 1, 1]"
16273353_gab,nobody wants to be near your disgusting paki butthole trust me maybe shit obsessed bugmen tho,hatespeech,"[0, 0, 0, 0, 0, 0, 0, 1, 1, 0, 0, 0, 1, 1, 1, 0]"
18538260_gab,<percent> of bands replacing frontmen are epic fails stp without scott will be ugly the only success i can think of offhand is van hagar sammy was way better than that kike roth,offensive,"[0, 0, 0, 0, 0, 0, 0, 0, 0, 0, 0, 0, 0, 0, 0, 0, 0, 0, 0, 0, 0, 0, 0, 0, 0, 0, 0, 0, 0, 0, 0, 1, 1]"
1166855276357672960_twitter,<user> <user> many british on the continent think they ’ re the jesus because they ’ re not immigrants they ’ re expats 🤣 🤣 🤣,normal,"[0, 0, 0, 0, 0, 0, 0, 0, 0, 0, 0, 0, 0, 0, 0, 0, 0, 0, 0, 0, 0, 0, 0, 0, 0, 0]"
24190945_gab,yah christian island republic shall not have queers or witches on it if we find any death,hatespeech,"[0, 1, 1, 1, 1, 1, 1, 1, 1, 1, 1, 1, 1, 1, 1, 1, 1]"
1078304211748687872_twitter,<user> good they don ’ t deserve to get paid the <user> don ’ t do anything but help illegal aliens,offensive,"[0, 0, 0, 0, 0, 0, 0, 0, 0, 0, 0, 0, 0, 0, 0, 0, 0, 0, 1, 1, 1]"
20812694_gab,if youve been banned from twitter it means jews have sent you a notification that you no longer have rights in the new world order and you are now oficially a target that must be eliminated,normal,"[1, 1, 1, 1, 1, 1, 1, 1, 1, 1, 1, 1, 1, 1, 1, 1, 1, 1, 1, 1, 1, 1, 1, 1, 1, 1, 1, 1, 1, 1, 1, 1, 1, 1, 1, 1]"
1177586147276578817_twitter,<user> normani and bts they hate you,normal,"[0, 0, 0, 0, 0, 0, 0]"
1225976402949890049_twitter,<user> <user> riley you are so retarded just quit your job your parents must be disappointed in having a deluded cunt as a kid,hatespeech,"[0, 0, 0, 0, 0, 0, 1, 0, 0, 0, 0, 0, 0, 0, 0, 0, 0, 0, 0, 1, 1, 1, 0, 0]"
13676567_gab,i am no longer able to function in this jew nigger twat culture my hero is colonel kurtz and i am not long for this world have travelled the planet and feel more alien in kalifornia than i ever have in the deepest indonesian jungles,hatespeech,"[0, 0, 0, 0, 0, 0, 0, 0, 0, 1, 1, 1, 1, 0, 0, 0, 0, 0, 0, 0, 0, 0, 0, 0, 0, 0, 0, 0, 0, 0, 0, 0, 0, 0, 0, 0, 0, 0, 0, 0, 0, 0, 0, 0, 0]"
12935986_gab,in july of <number> a raghead in nice france murdered <number> and wounded hundreds with a stolen truck when there a will there a way firearms protect ordinary citizens against the diabolical,hatespeech,"[0, 0, 0, 0, 0, 1, 0, 0, 0, 0, 0, 0, 0, 0, 0, 0, 0, 0, 0, 0, 0, 0, 0, 0, 0, 0, 0, 0, 0, 0, 0, 0]"
13295800_gab,every jew including nyc rabbis and ortho jews insist adam and eve are not only god prototypical humans but also jews smdh,normal,"[0, 0, 0, 0, 0, 0, 0, 0, 0, 0, 0, 0, 0, 0, 0, 0, 0, 0, 0, 0, 0, 0]"
4833174_gab,trump should not judge women by their appearance they said about a man who formerly owned a multimillion dollar international company based around judging women by their appearance and only marries supermodels,normal,"[0, 0, 0, 0, 0, 0, 0, 0, 0, 0, 0, 0, 0, 0, 0, 0, 0, 0, 0, 0, 0, 0, 0, 0, 0, 0, 0, 0, 0, 0, 0, 0]"
27862840_gab,bro the deal with dprk is going forward and so is the investigation on hillary this is why the media is flooded with videos of crying beaner kids,hatespeech,"[0, 0, 0, 0, 0, 0, 0, 0, 0, 0, 0, 0, 0, 0, 0, 0, 0, 0, 0, 0, 0, 0, 0, 0, 0, 0, 1, 1]"
9747039_gab,the whole of western civilisation is our stuff a chinaman in a suit is a pretender a mestizo playing lawyer is a fabrication of a whitie situation they cannot but dress up as white civilisation we are that thing that is all what they attempt matters not,normal,"[0, 0, 0, 0, 0, 0, 0, 0, 0, 0, 0, 0, 0, 0, 0, 0, 0, 0, 0, 0, 0, 0, 0, 0, 0, 0, 0, 0, 0, 0, 0, 0, 0, 0, 0, 0, 0, 0, 0, 0, 0, 0, 0, 0, 0, 0, 0]"
1178755107552411649_twitter,<user> murderous muslims and jihadis raped and murdered kashmiri pandits you watched from the sidelines and encouraged the cleansing gandhi slept naked with young women and found ways to get hindus butchered deal with it,normal,"[0, 0, 0, 0, 0, 0, 0, 0, 0, 0, 0, 0, 0, 0, 0, 0, 0, 0, 0, 0, 0, 0, 0, 0, 0, 0, 0, 0, 0, 0, 0, 0, 0, 0, 0]"
1178815351750090754_twitter,who are the domestic terrorists <number> antifascist protesters who oppose hate groups or <number> actual far right neonazi white supremacist fascists who murder americans antifa domestic terrorists,normal,"[0, 0, 0, 0, 0, 0, 0, 0, 0, 0, 0, 0, 0, 0, 0, 0, 0, 0, 0, 0, 0, 0, 0, 0, 0, 0, 0]"
23833543_gab,this stupid bimbo has been pushing this garbage for years abrahamic muslims has no idea what she is talking about neither jews or arabs are of abraham abraham was the patriarch of a white nation and was famous in all aryan civilization,normal,"[0, 0, 0, 0, 0, 0, 0, 0, 0, 0, 0, 0, 0, 0, 0, 0, 0, 0, 0, 0, 0, 0, 0, 0, 0, 0, 0, 0, 0, 0, 0, 0, 0, 0, 0, 0, 0, 0, 0, 0, 0, 0]"
1172772994697039872_twitter,<user> the grammar nazis on this app would ’ ve judged me to fuck and back uyabazi mara 😂 😂 😂 💔,offensive,"[0, 0, 1, 1, 0, 0, 0, 0, 0, 0, 0, 0, 0, 1, 1, 1, 0, 0, 0, 0, 0, 0]"
1104580628744409089_twitter,edina vs eden prairie is the grape nuts of high school sports,normal,"[0, 0, 0, 0, 0, 0, 0, 0, 0, 0, 0, 0]"
22384312_gab,my intuition is that ricky is not white which is why he has not posted his face or even done a dna test explains his devotion to trump and civnat as well,normal,"[0, 0, 0, 0, 0, 0, 0, 0, 0, 0, 0, 0, 0, 0, 0, 0, 0, 0, 0, 0, 0, 0, 0, 0, 0, 0, 0, 0, 0, 0, 0, 0]"
1177570446889377793_twitter,<user> <user> that their latest trick not only hurty words but now everyone is inciting violence pathetic,normal,"[0, 0, 0, 0, 0, 0, 0, 0, 0, 0, 0, 0, 0, 0, 0, 0, 0]"
2524273_gab,obama did not do enough for black people not even god can do enough it impossible maybe if they ship in whites and asians and paint them black,offensive,"[0, 0, 0, 0, 0, 0, 0, 0, 0, 0, 0, 0, 0, 0, 0, 0, 1, 0, 0, 0, 0, 1, 1, 1, 1, 1, 1, 1]"
1162516285642739712_twitter,⚽ ️ freshmen pandas remain undefeated with a <number> <number> win over st henry goals by ⚽ ️ romito ⚽ ️ shoemake go pandas,normal,"[0, 0, 0, 0, 0, 0, 0, 0, 0, 0, 0, 0, 0, 0, 0, 0, 0, 0, 0, 0, 0, 0, 0, 0]"
1179089924441591808_twitter,i have bought three dresses on this trip they are all white and black i guess the lesson to be learned is that unconscious patriotism practicality,normal,"[0, 0, 0, 0, 0, 0, 0, 0, 0, 0, 0, 0, 0, 0, 0, 0, 0, 0, 0, 0, 0, 0, 0, 0, 0, 0]"
9022471_gab,chart immigrant population in european countries <date> france has high rates of immigrants foreign born but also high rates of immigrants in 2 nd generation not counted as immigrants in the chart,normal,"[0, 0, 0, 0, 0, 0, 0, 0, 0, 0, 0, 0, 0, 0, 0, 0, 0, 0, 0, 0, 0, 0, 0, 0, 0, 0, 0, 0, 0, 0, 0, 0]"
1110220889688145921_twitter,faggot so gay dyke no homo,offensive,"[1, 1, 1, 1, 1, 1]"
1088922994104254465_twitter,the blackguard pretends to be a barbarian at heaven,normal,"[0, 0, 0, 0, 0, 0, 0, 0, 0]"
21253188_gab,i do not know what i d prefer to see happen to owen him thrown off a roof by a moslem refugee or to suffer a long agonizing death by aid,hatespeech,"[0, 0, 0, 0, 0, 0, 0, 0, 0, 0, 0, 0, 0, 0, 1, 1, 1, 1, 1, 1, 1, 1, 0, 0, 0, 0, 0, 1, 1, 0, 0]"
10705820_gab,how to describe hypocrisy all the folks calling on trump to call out white nationalism had not been able to call out antifa blm islamicterror how worse can their hypocrisy be,offensive,"[0, 0, 0, 0, 0, 0, 0, 0, 0, 0, 0, 0, 0, 1, 1, 0, 0, 0, 0, 0, 0, 0, 0, 0, 1, 0, 0, 0, 0, 0, 0]"
1178713808510078979_twitter,<user> <user> <user> <user> imagine making fortnite references to insult someone i can tell ur a mad <number> year old that scams for accounts i hope ozzy gets raped by ur snobby carer,normal,"[0, 0, 0, 0, 0, 0, 0, 0, 0, 0, 0, 0, 0, 0, 0, 0, 0, 0, 0, 0, 0, 0, 0, 0, 0, 0, 0, 0, 0, 0, 0, 0, 0]"
22397098_gab,niggerchomp isnt a chink she a white american dog 😡,hatespeech,"[1, 0, 0, 1, 0, 0, 0, 0, 0, 0]"
11334455_gab,i am hoping this will clean out a lot of the shit in houston like katrina did with new orleans louisiana just used katrina to dump all of their niggers in houston and crime rates went through the fucking roof,hatespeech,"[0, 0, 0, 0, 0, 1, 1, 1, 1, 1, 1, 1, 1, 1, 1, 1, 1, 1, 1, 1, 0, 0, 0, 0, 0, 0, 0, 0, 0, 1, 0, 0, 0, 0, 0, 0, 0, 0, 0, 0]"
1177524031412744193_twitter,<user> <user> he loves the grey pays and loves the faggots,normal,"[0, 0, 0, 0, 0, 0, 0, 0, 0, 0, 0]"
17939600_gab,its not a theory mate her name was charlene downs and the shitty coloured scum were recorded talking about it the police fucked up it got threw out of court and the pakis got <number> <number> compo,offensive,"[0, 0, 0, 0, 0, 0, 0, 0, 0, 0, 0, 0, 1, 1, 1, 0, 0, 0, 0, 0, 0, 0, 0, 0, 0, 0, 0, 0, 0, 0, 0, 0, 1, 0, 0, 0, 0]"
1179101972336709633_twitter,<user> i want you to know i hate you with all my heart,normal,"[0, 0, 0, 0, 0, 0, 0, 0, 0, 0, 0, 0, 0]"
25313301_gab,<user> faggots are always going be faggots,hatespeech,"[1, 1, 1, 1, 1, 1, 1]"
7900962_gab,very short nose for a hispanic whilst arabs also have long noses moroccans and north africans tend not to he could be from the middle east but it would be an outrageous construction for the cops,normal,"[0, 0, 0, 0, 0, 0, 0, 0, 0, 0, 0, 0, 0, 0, 0, 0, 0, 0, 0, 0, 0, 0, 0, 0, 0, 0, 0, 0, 0, 0, 0, 0, 0, 0, 0, 0]"
4300173_gab,how many feminists will get raped tonight by the diverse filth they are currently marching with then blame men no right wing straight white male wants to touch your std infested multiculturally accecable hatchet wound and i think that really why you are angry womensmarch,hatespeech,"[1, 1, 1, 1, 1, 1, 1, 1, 1, 1, 1, 1, 1, 1, 1, 1, 0, 0, 0, 0, 0, 0, 0, 0, 0, 0, 0, 0, 0, 1, 1, 1, 1, 1, 1, 0, 0, 0, 0, 0, 0, 0, 0, 0, 0]"
1178794715056967680_twitter,no such thing as lesbophobia you dumb ass dykes,hatespeech,"[0, 0, 0, 0, 1, 0, 0, 0, 1]"
11848558_gab,this site still sucks nigger dick,hatespeech,"[0, 0, 0, 0, 1, 0]"
13660592_gab,interesting note the same agent that shot the wife while she held her baby would go on to sport shoot again in waco during the federal assault and murder of over <number> men women and children these people are simply privileged terrorists masquerading as honorable men like congress,offensive,"[0, 0, 1, 1, 1, 1, 1, 1, 1, 1, 1, 1, 1, 1, 1, 1, 1, 1, 1, 1, 1, 1, 1, 1, 1, 1, 1, 1, 1, 1, 1, 1, 1, 1, 1, 1, 1, 1, 1, 1, 1, 1, 1, 1, 1, 1, 0, 0]"
1239983100802871299_twitter,i fucking hate you you used my emotions and shit and hurt me so badly 😭 💔,normal,"[0, 0, 0, 0, 0, 0, 0, 0, 0, 0, 0, 0, 0, 0, 0, 0, 0]"
11833146_gab,<user> does gab community guidelines ban all calls for violence incl those protected under brandenburg v ohio can i say gas the kikes breivik was right etc or is that banned,hatespeech,"[0, 0, 0, 0, 0, 0, 0, 0, 0, 0, 0, 0, 0, 0, 0, 0, 0, 0, 0, 0, 1, 1, 1, 0, 0, 0, 0, 0, 0, 0, 0]"
15231723_gab,america has basically lost all of its european culture all we have now is ghetto pop music shitty jewish movies consumer culture of walmart and black friday sports culture of watching sweaty negros chase balls what kind of culture is that,offensive,"[0, 0, 0, 0, 0, 0, 0, 0, 0, 0, 0, 0, 0, 0, 1, 1, 1, 1, 1, 1, 0, 0, 0, 0, 0, 0, 0, 0, 0, 0, 0, 1, 1, 0, 0, 0, 0, 0, 0, 0, 0]"
1124348819699843072_twitter,<user> lmfao girl how you come up with this it makes sense tho cause niggas fuck every hoe raw 🤮,normal,"[0, 0, 0, 0, 0, 0, 0, 0, 0, 0, 0, 0, 0, 0, 1, 1, 1, 1, 1, 0]"
11710814_gab,yes when a group of people seek to subjugate another group of people such as the muslim invasion of europe and what they do in raping killing and other forms of evil their lives are worth nothing the same is beginning to happen in north america,offensive,"[0, 0, 0, 0, 0, 0, 0, 0, 0, 0, 0, 0, 0, 0, 0, 0, 1, 1, 1, 1, 0, 1, 1, 1, 1, 1, 1, 1, 1, 1, 1, 1, 0, 0, 0, 0, 0, 0, 0, 0, 0, 0, 0, 0, 0, 0]"
14823147_gab,le americané have never seen jews in beast mode but the ones that live in dearborn michigan texas and houston are starting to see the light just give the rest some time zionism will take good care of that,hatespeech,"[0, 0, 0, 0, 0, 1, 1, 1, 1, 0, 0, 0, 0, 0, 0, 0, 0, 0, 0, 0, 0, 0, 0, 0, 0, 0, 0, 0, 0, 0, 0, 0, 0, 0, 0, 0, 0, 0, 0]"
1179086941037453314_twitter,i wanna start twitter beef with a white christian mom,normal,"[0, 0, 0, 0, 0, 0, 0, 0, 0, 0]"
17019418_gab,the jews want to use the muslims as an army to wipeout us and then they will wipe out most of the muslims,hatespeech,"[1, 1, 1, 1, 1, 1, 1, 1, 1, 1, 1, 1, 1, 1, 1, 1, 1, 1, 1, 1, 1, 1, 1]"
5505215_gab,counter muslim tactics by wrapping a woollen scarf around ones head with only the eyes uncovered and claiming to be a member of the ancient order of scarfies when approached by bank or airport staff if large numbers of us did this where masked muzzies exist it could be interesting,offensive,"[0, 0, 0, 0, 0, 0, 0, 0, 0, 0, 0, 0, 0, 0, 0, 0, 0, 0, 0, 0, 0, 0, 0, 0, 0, 0, 0, 0, 0, 0, 0, 0, 0, 0, 0, 0, 0, 0, 0, 0, 0, 0, 0, 0, 1, 0, 0, 0, 0, 0]"
12594244_gab,some stupid nigger comedian was on tmz today my wife watches it everyday he was defending the kneelers of course his defense was moronic comedians can not do comedy,offensive,"[0, 1, 1, 1, 0, 0, 0, 0, 0, 0, 0, 0, 0, 0, 0, 0, 0, 0, 0, 0, 0, 0, 0, 0, 0, 0, 0, 0, 0]"
23864712_gab,look at this retarded shit right here,offensive,"[1, 1, 1, 1, 1, 1, 1]"
1178603908618473473_twitter,<user> police will not help you when violence happens under swedish model if you are raped or hurt they say that normal you should just leave sexwork so we can not go to the police for help she says choking back tears we have less money more violence and more health problems,normal,"[0, 0, 0, 0, 0, 0, 0, 0, 0, 0, 0, 0, 0, 0, 0, 0, 0, 0, 0, 0, 0, 0, 0, 0, 0, 0, 0, 0, 0, 0, 0, 0, 0, 0, 0, 0, 0, 0, 0, 0, 0, 0, 0, 0, 0, 0, 0, 0, 0, 0, 0, 0]"
16349811_gab,for fucks sake the negroe men in africa prefer their women to be lighter skinned in brazil likewise in other words only far left wing white people in europe claim to not see color,normal,"[0, 0, 0, 0, 1, 1, 1, 1, 1, 1, 1, 1, 1, 1, 1, 0, 0, 0, 0, 0, 0, 0, 0, 0, 0, 0, 0, 0, 0, 0, 0, 0, 0, 0]"
8950108_gab,it is not enough to deport our enemies at this point their insolence and disgusting behavior demands that we televise and provide music for the occasion a choir of white men and women triumphantly declaring our will with a symphony behind them no cover bands no trolling majestic righteous,normal,"[1, 1, 1, 1, 1, 1, 1, 1, 0, 0, 0, 0, 0, 0, 0, 0, 0, 0, 0, 0, 0, 0, 0, 0, 0, 0, 0, 0, 0, 0, 0, 0, 0, 0, 0, 0, 0, 0, 0, 0, 0, 0, 0, 0, 0, 0, 0, 1, 1]"
13359217_gab,ha good i am tired of that beaner clown,hatespeech,"[0, 0, 0, 0, 0, 0, 0, 1, 0]"
1179081219587366913_twitter,<user> <user> <user> <user> <user> and here comes the foul mouth he said you could if you were rich billie raped two women paid 8 5 1 k for assualting another one,normal,"[0, 0, 0, 0, 0, 0, 0, 0, 0, 0, 0, 0, 0, 0, 0, 0, 0, 0, 0, 0, 0, 0, 0, 0, 0, 0, 0, 0, 0, 0, 0, 0]"
1178739563805712384_twitter,<user> <user> how can america have a civil war if its not a country america is merely a refugee camp made out of all the world immigrants citizen or not civil wars only happen in countries where citizens share something in common blood religion history america has none of this,normal,"[0, 0, 0, 0, 0, 0, 0, 0, 0, 0, 0, 0, 0, 0, 0, 0, 0, 0, 0, 0, 0, 0, 0, 0, 0, 0, 0, 0, 0, 0, 0, 0, 0, 0, 0, 0, 0, 0, 0, 0, 0, 0, 0, 0, 0, 0, 0, 0, 0, 0]"
17168988_gab,why do you have a big stash of muslim gay porn you like that sort of thing yes,normal,"[0, 0, 0, 0, 0, 0, 0, 0, 0, 0, 0, 0, 0, 0, 0, 0, 0, 0]"
1145043360438214657_twitter,<user> they did nazi that coming,offensive,"[0, 0, 0, 1, 1, 1]"
6309991_gab,what a pakis favorite clothing brand jihadidas,offensive,"[0, 0, 1, 0, 0, 0, 1]"
1458687_gab,my retarded liberal friends are all in a panic lots of crying and gnashing of teeth over the trump win i love it gabfam,offensive,"[0, 1, 1, 0, 0, 0, 0, 0, 0, 0, 0, 0, 0, 0, 0, 0, 0, 0, 0, 0, 0, 0, 0, 0]"
1211595304757268480_twitter,“ i ’ m gay and a fag 🏳 ️ ‍ 🌈 ” james <date>,offensive,"[0, 0, 0, 0, 1, 0, 1, 1, 0, 0, 0, 0, 0, 0, 0]"
4655378_gab,precisely even the japanese were forced into becoming the aggressors by hymie oil and manufacturing monopolies,offensive,"[0, 0, 0, 0, 0, 0, 0, 0, 0, 0, 0, 1, 0, 0, 0, 0]"
20975497_gab,damn right we are going to react when an <number> white country pushes non white actors everywhere,offensive,"[1, 1, 1, 1, 1, 1, 1, 1, 1, 1, 1, 1, 1, 1, 1, 1, 1]"
24682477_gab,now do we understand why the jews were booted out of <number> countries,offensive,"[1, 1, 1, 1, 1, 1, 1, 1, 1, 1, 1, 1, 1]"
199938389678632960_twitter,<user> here in us where sex determination is legal some indians and asians r doin this practice how unfortunate is that,offensive,"[0, 0, 0, 0, 0, 1, 1, 0, 0, 1, 1, 1, 1, 1, 1, 1, 1, 1, 1, 0, 0]"
21145277_gab,hell ya i am so fucking proud that i triggered this faggot enough he went out of his way to warn people about me,hatespeech,"[1, 1, 1, 1, 1, 1, 1, 1, 1, 1, 1, 1, 1, 1, 1, 1, 1, 1, 1, 1, 1, 1, 1, 1]"
13173409_gab,what up with the shitskin comment,hatespeech,"[0, 0, 0, 0, 1, 0]"
13908244_gab,chad makes all kinds of stupid kike threats,offensive,"[0, 0, 0, 0, 0, 0, 1, 0]"
1177971373035139076_twitter,<user> this is not funny i am lactating samantha i need you to film it or else ching chong woman will drown in auntie tit milk,hatespeech,"[0, 0, 0, 0, 0, 0, 0, 0, 0, 0, 0, 0, 0, 0, 0, 0, 0, 1, 1, 1, 0, 0, 0, 0, 0, 0]"
1121645666256556033_twitter,bitches act like a nigga do not got feelings,normal,"[1, 0, 0, 0, 1, 0, 0, 0, 0]"
20983829_gab,oh well why did not you say you are nazi trailer trash to begin with let see — idf chick on the left or lisa white trash nazi gangbang slut on the right hm decisions decisions i will go with the idf chick run along nazi scum,hatespeech,"[0, 0, 0, 0, 0, 0, 0, 0, 0, 1, 0, 0, 0, 0, 0, 0, 0, 0, 0, 0, 0, 0, 0, 0, 0, 1, 1, 1, 1, 1, 0, 0, 0, 0, 0, 0, 0, 0, 0, 0, 0, 0, 0, 0, 0, 1, 1]"
10144695_gab,kid rock is not white not by my standard has a half niglet rapper son make mud babies and you will forever serve the muds,offensive,"[0, 0, 0, 0, 0, 0, 0, 0, 0, 0, 0, 1, 1, 0, 0, 1, 1, 1, 1, 1, 1, 1, 1, 1, 1]"
1178673076084596741_twitter,you all i am so ghetto it not even funny how i talk to and around these white people and they think it so cool 😭,normal,"[0, 0, 0, 0, 0, 0, 0, 0, 0, 0, 0, 0, 0, 0, 0, 0, 0, 0, 0, 0, 0, 0, 0, 0, 0, 0]"
27966227_gab,come on cunt surely you can dig deep into that insult gab handbook and call me a kike again old man hahaahah,hatespeech,"[0, 0, 1, 0, 0, 0, 0, 0, 0, 0, 0, 0, 0, 0, 0, 0, 0, 1, 0, 0, 0, 0]"
1178810649385811968_twitter,cyborg it not that i am a fucking porch monkey but the fact that i am one fourth toaster one fourth lg smart fridge and part gamecube,hatespeech,"[0, 0, 0, 0, 0, 0, 0, 0, 1, 1, 0, 0, 0, 0, 0, 0, 0, 0, 0, 0, 0, 0, 0, 0, 0, 0, 0]"
9849931_gab,sure it fake religion like everything fake jews create such as fakemoney fakehistory fakeholocausts christianity is judaism for the people benjamin d israeli,normal,"[0, 0, 0, 0, 0, 0, 0, 0, 0, 0, 0, 0, 0, 0, 0, 0, 0, 0, 0, 0, 0, 0, 0]"
1103360136586936320_twitter,add another four days for grapetooth 😔,normal,"[0, 0, 0, 0, 0, 0, 0]"
13199345_gab,i want a huge trump nigger scandal and the jews i want people saying yeah you know trump is right – i am sick of these niggers and kikes also,hatespeech,"[0, 0, 0, 0, 0, 1, 1, 1, 1, 1, 0, 0, 0, 0, 0, 0, 0, 0, 0, 0, 0, 1, 1, 1, 1, 1, 1, 1, 1, 1]"
17827813_gab,i have a question for you <user> why do you think all these nasty dirty towel heads want to kill whites why do you think they are in our white lands i am just curious here,hatespeech,"[0, 0, 0, 0, 0, 0, 0, 0, 0, 0, 0, 0, 0, 1, 1, 1, 1, 1, 1, 1, 1, 1, 1, 1, 1, 1, 1, 1, 1, 1, 1, 0, 0, 0, 0, 0]"
1088035592611328001_twitter,whoever put forward dylan minnette jacob elordi as possible actors to play john ambrose better have been joking,normal,"[0, 0, 0, 0, 0, 0, 0, 0, 0, 0, 0, 0, 0, 0, 0, 0, 0, 0]"
1169461398751076352_twitter,<user> bitch that ’ why you use wipes gross,offensive,"[0, 1, 1, 1, 1, 1, 1, 1, 0]"
17715535_gab,if you can keep your daughter a virgin until <number> there is a <number> chance she will not have a illegitimate baby by some ghetto thug on welfare warn your daughters color does matter and so does culture and religion,hatespeech,"[0, 0, 0, 0, 0, 0, 0, 0, 0, 0, 0, 0, 0, 0, 0, 0, 0, 0, 0, 0, 0, 0, 0, 0, 1, 1, 1, 1, 0, 0, 0, 1, 1, 1, 0, 0, 0, 0, 0, 0]"
18523973_gab,the agenda of the democrats party is to persecute confiscate wealth rights liberties from capitalists national restorationists and loyalists to the republic while masquerading as protectors of the dispossesed that their own corruption creates its how jews wage war on us,offensive,"[0, 0, 0, 0, 0, 0, 0, 0, 0, 0, 0, 0, 0, 0, 0, 0, 0, 0, 0, 0, 0, 0, 0, 1, 1, 1, 0, 0, 0, 0, 0, 0, 0, 0, 0, 0, 1, 1, 1, 1, 1]"
14033798_gab,a feminist on the bbc just said the royal air force need to create a safe space for women to report unwanted sexual advances i think she will soon realize what real unwanted sexual advances are if a female pilot is ever shot down over a moslem country,normal,"[0, 0, 0, 0, 0, 0, 0, 0, 0, 0, 0, 0, 0, 0, 0, 0, 0, 0, 0, 0, 0, 0, 0, 0, 0, 0, 0, 0, 0, 0, 0, 0, 0, 0, 0, 0, 0, 0, 0, 0, 0, 0, 0, 0, 0, 0, 0, 0]"
27823607_gab,jews attacking peaceful christian countries using inbred thick muslims as a weapon jews have learnt nothing from the holocaust and german jews even less,offensive,"[1, 1, 1, 1, 1, 1, 1, 1, 1, 1, 1, 1, 1, 1, 1, 1, 1, 1, 1, 1, 1, 1, 1, 1]"
1167114522102046722_twitter,<user> makes no sense to rent homie it ’ actually retarded,normal,"[0, 0, 0, 0, 0, 0, 0, 0, 0, 0, 0]"
20185913_gab,and the pitifultruth is that when german women got to good to have german families the damned ragheads come in and rape them,hatespeech,"[0, 0, 0, 0, 0, 0, 0, 0, 0, 0, 0, 0, 0, 0, 0, 0, 1, 1, 1, 1, 1, 1, 1]"
13215907_gab,gee i wonder why anita sarkeesian is not speaking out about harvey weinstein or andy signore sexual harassment on women 🤔,normal,"[0, 0, 0, 0, 0, 0, 0, 0, 0, 0, 0, 0, 0, 0, 0, 0, 0, 0, 0, 0, 0]"
1186823619483181056_twitter,some women diet for <number> weeks then they cheat kill the haters by loving and forgiven them,normal,"[0, 0, 0, 0, 0, 0, 0, 0, 0, 0, 0, 0, 0, 0, 0, 0, 0]"
1203077205988958208_twitter,<user> <user> illegal immigrants do t get funding whites get illegal funding but you can ’ t see that fact,offensive,"[0, 0, 1, 1, 1, 1, 1, 1, 1, 1, 1, 1, 0, 0, 0, 0, 0, 0, 0, 0]"
1213753110587310080_twitter,<user> this people are jihadi,offensive,"[0, 1, 1, 1, 1]"
1179104292776611842_twitter,fuck wits 💕 🥰 😘 💕 😍 🤪 me no fuck wits fat whore wtf die slut aha,offensive,"[0, 0, 0, 0, 0, 0, 0, 0, 0, 0, 0, 0, 1, 1, 0, 1, 1, 0]"
1109996926412288000_twitter,my dad a weird ass bitch,normal,"[0, 0, 0, 0, 0, 0]"
12807458_gab,i think antifa blm and the rest of the culturalmarxists that use violence to shut down people exercising the 1 stamendment really take advantage of the fact that we do not stoop to their level we need creative ways to counter though minus the violence,normal,"[0, 0, 0, 0, 0, 0, 0, 0, 0, 0, 0, 0, 0, 0, 0, 0, 0, 0, 0, 0, 0, 0, 0, 0, 0, 0, 0, 0, 0, 0, 0, 0, 0, 0, 0, 0, 0, 0, 0, 0, 0, 0, 0, 0, 0]"
18414017_gab,in the current saga of feminism cannibalizing itself where black and mestiza women are attacking white women one complaint is that more attention wasn t given to a retarded film called mudbound lmao white women we welcome you to join the alt right whitefeminism,hatespeech,"[0, 0, 0, 0, 0, 1, 1, 1, 1, 1, 1, 1, 1, 1, 1, 1, 1, 0, 0, 0, 0, 0, 0, 0, 0, 0, 0, 0, 1, 0, 0, 0, 0, 0, 0, 0, 0, 0, 0, 0, 0, 0, 0, 1]"
1178514233085984768_twitter,<user> <user> is not chad one of those shithole countries tromp talked about 🤔,hatespeech,"[0, 0, 0, 0, 0, 0, 0, 0, 1, 1, 1, 0, 0, 0]"
1179092645655797760_twitter,<user> he only love this bcuz his son is gay f my son turns out to b gay great for him but u stl not gone b a queen not n my house,offensive,"[0, 0, 0, 0, 0, 0, 0, 0, 0, 0, 0, 0, 0, 0, 0, 0, 0, 0, 0, 0, 0, 0, 0, 0, 1, 1, 1, 1, 1, 1, 0, 0, 0]"
15609298_gab,the homosexual condition is produced by a certain arrest of sexual development sigmund freud,normal,"[0, 0, 0, 0, 0, 0, 0, 0, 0, 0, 0, 0, 0, 0]"
1274939059496816640_twitter,i just watched the ghettoest snapchat in my entire life,normal,"[0, 0, 0, 0, 1, 0, 0, 0, 0, 0]"
12803910_gab,wow you think race has nothing to do with it why do we have all these ghettos in america you think race does not dictate behavior you really think these immigrants come here because they want to adopt your white american heritage why are they tearing your monuments down,hatespeech,"[0, 0, 0, 0, 0, 0, 0, 0, 0, 0, 1, 1, 1, 1, 1, 1, 1, 1, 1, 0, 0, 0, 0, 0, 0, 0, 1, 1, 1, 1, 1, 1, 1, 1, 1, 1, 1, 1, 1, 1, 1, 1, 1, 1, 1, 1, 1, 1, 1]"
24133934_gab,the nigger deserves a punch in the face as well as hot coffee thrown in his face,hatespeech,"[0, 1, 0, 0, 0, 0, 0, 0, 0, 0, 0, 0, 0, 0, 0, 0, 0]"
1180122657901207558_twitter,<user> this is certainly a face of naziism adopted by rss surprising that they drink cow urine but beat an innocent child to death,normal,"[0, 0, 0, 0, 0, 0, 0, 0, 0, 0, 0, 0, 0, 1, 1, 1, 1, 0, 1, 1, 1, 1, 1, 1]"
13928535_gab,a bunch of ppl who are not in twp or los and never will be arguing over what symbols and optics they should use is retarded,offensive,"[0, 0, 0, 0, 0, 0, 0, 0, 0, 0, 0, 0, 0, 0, 0, 0, 0, 0, 0, 0, 0, 0, 0, 0, 0, 1]"
9877889_gab,just because there socialist in the brand name doesnt mean that it has anything to do with communism when jews are involved whether it capitalism or communism they seek to remove your right of ownership and turn you into cattle national socialism instead was a manifestation of white ideals,offensive,"[0, 0, 0, 0, 0, 0, 0, 0, 0, 0, 0, 0, 0, 0, 0, 0, 0, 0, 0, 1, 0, 0, 0, 0, 0, 0, 0, 0, 1, 1, 1, 1, 1, 1, 1, 1, 1, 1, 1, 1, 1, 1, 0, 0, 0, 1, 1, 1, 1]"
1274694581918076933_twitter,<user> so ur telling me i need help cause im a muslim are u just acting genuinely stupid,normal,"[0, 0, 0, 0, 0, 0, 0, 0, 0, 0, 0, 0, 0, 0, 0, 0, 0, 0]"
1079419851901263873_twitter,good morning to everyone except hoes who don ’ t get cold period,normal,"[0, 0, 0, 0, 0, 0, 0, 0, 0, 0, 0, 0, 0]"
1179053864827445248_twitter,<user> his assumption that women turn dyke because they tired of ole dude is just like wtf maybe shes just messy and also queer why cant all these things be true and why is this titled her evils like what,normal,"[0, 0, 0, 0, 0, 0, 0, 0, 0, 0, 0, 0, 0, 0, 0, 0, 0, 0, 0, 0, 0, 0, 0, 0, 0, 0, 0, 0, 0, 0, 0, 0, 0, 0, 0, 0, 0, 0, 0, 0]"
12361622_gab,yes moar fat sheboons telling us all what to do did not we get enough of this from <number> yrs of oprah,hatespeech,"[0, 1, 1, 1, 0, 0, 0, 0, 0, 0, 0, 0, 0, 0, 0, 0, 0, 0, 0, 0, 0, 0]"
1105268381341675520_twitter,if we could teach a giraffe to paint that would be one handy sumbitch,normal,"[0, 0, 0, 0, 0, 0, 0, 0, 0, 0, 0, 0, 0, 0]"
27316579_gab,the retarded asshole justin trudeau has received a well deserved bitch slap from president trump,offensive,"[0, 1, 1, 0, 0, 0, 0, 0, 0, 0, 1, 1, 0, 0, 0]"
22816892_gab,can someone please inform fox news that white people do not need niggers spics or sand niggers to justify what is obvious to white people obeying law order civility virtue respect,hatespeech,"[0, 0, 0, 0, 0, 0, 0, 1, 1, 1, 1, 1, 1, 1, 1, 1, 1, 0, 0, 0, 0, 0, 0, 0, 0, 0, 0, 0, 0, 0, 0]"
12428925_gab,swedish police chiefs agree to start bombing native swedish neighbourhoods to drive racists out of their homes and make them seek refuge elsewhere only then will they learn about empathy and stop regarding foreign refugees as the other mega,offensive,"[0, 0, 0, 0, 0, 1, 1, 1, 1, 1, 0, 0, 0, 0, 0, 0, 0, 0, 0, 0, 0, 0, 0, 0, 0, 0, 0, 0, 0, 0, 0, 0, 1, 1, 1, 1, 1, 1, 0]"
25597752_gab,i think our president is brilliant why are women such brainlets,offensive,"[1, 1, 1, 1, 1, 1, 1, 1, 1, 1, 1]"
5348684_gab,will you meet with the congressional black caucus ryan asked trump responded i would you want to set up the meeting are they friends of yours black activists complain that trump assumes nigger ryan knows nigger caucus members he did not assume he asked if they were her friends,offensive,"[0, 0, 0, 0, 0, 0, 0, 0, 0, 0, 0, 0, 0, 0, 0, 0, 0, 0, 0, 0, 0, 0, 0, 0, 0, 0, 0, 0, 0, 0, 0, 0, 1, 1, 0, 1, 1, 1, 0, 0, 0, 0, 0, 0, 0, 0, 0, 0, 0]"
15586682_gab,i asked you a question before why the hate for iran did an iran hang a homosexual you were emphasis on were fond of,hatespeech,"[0, 0, 0, 0, 0, 0, 0, 0, 0, 0, 0, 1, 1, 1, 1, 1, 1, 1, 1, 1, 1, 1, 1, 1]"
21198393_gab,kike dike kathy schrock is leading educators all over the nation in ed tech a movement to get your kids more engulfed in techno addictions ed tech also pushes children away from local traditions into the curriculum models of silicon valley altrighteducation,hatespeech,"[1, 1, 0, 0, 0, 0, 0, 0, 0, 0, 0, 0, 1, 1, 1, 0, 0, 0, 0, 0, 0, 0, 0, 0, 0, 1, 1, 0, 0, 0, 0, 0, 0, 0, 0, 0, 0, 0, 0, 1, 1, 1]"
6022702_gab,q what do you call a mooslim woman with an opinion a whatever you want she already been stoned to death,hatespeech,"[0, 1, 1, 1, 1, 1, 1, 1, 1, 1, 1, 1, 1, 1, 1, 1, 1, 1, 1, 1, 1]"
19055816_gab,we must secure the existence of our people and a future for white children before its too late,normal,"[0, 0, 0, 0, 0, 0, 0, 0, 0, 0, 0, 0, 0, 0, 0, 0, 0, 0]"
25637354_gab,joy reid the token nigger used by msnbc to stupid to realize it,offensive,"[0, 0, 0, 1, 1, 0, 0, 0, 0, 0, 0, 0, 0]"
13711310_gab,how does the average american democrats feel god will pardon them for abortions queers and little girls bathrooms in accepting isis into our country not to mention the skiing lies the party prevails but then again they might be muslims themselves i do not know,normal,"[0, 0, 0, 0, 0, 0, 0, 0, 0, 0, 0, 0, 0, 0, 0, 0, 0, 0, 0, 0, 0, 0, 0, 0, 0, 0, 0, 0, 0, 0, 0, 0, 0, 0, 0, 0, 0, 0, 0, 0, 0, 0, 0, 0, 0]"
1077301022316478464_twitter,maisie williams with pink hair is making me even gayer i didnt think that was possible 💕,normal,"[0, 0, 0, 0, 0, 0, 0, 0, 0, 0, 0, 0, 0, 0, 0, 0, 0]"
21678073_gab,dear british cops stop licking sand nigger bung holes start protecting people if you traitorous cucks wont do anything for little white girls gang raped by what would you do for a puff attacked by sand niggers,hatespeech,"[0, 0, 0, 0, 1, 1, 1, 1, 1, 0, 0, 0, 0, 0, 1, 1, 0, 0, 0, 0, 0, 1, 1, 1, 1, 1, 0, 0, 0, 0, 0, 0, 0, 0, 0, 1, 1]"
11759817_gab,<user> what up brother did not know you were over here in the twitter ghetto we call gab,normal,"[0, 0, 0, 0, 0, 0, 0, 0, 0, 0, 0, 0, 0, 0, 0, 0, 0, 0]"
15593840_gab,europes muzrat problem predicted to take a sharp sudden drop in numbers as soon as ordinary europeans have had enough go into open rebellion p.s. the uniform on junker should be a communist uniform not german ww2 germany was all about nationalism for their own people,hatespeech,"[1, 1, 1, 1, 1, 1, 1, 1, 1, 1, 1, 1, 1, 1, 1, 1, 1, 1, 1, 1, 1, 1, 1, 1, 0, 0, 0, 0, 0, 0, 0, 0, 0, 0, 0, 0, 0, 0, 0, 0, 0, 0, 0, 0, 0, 0]"
6521607_gab,oh so you say they are homegrown lone wolf terrorists they are just the offspring of the original terrorists it not like these people are coming from 3 rd generation white christian families the level of retardeness these days is unbelievable maga trump,offensive,"[1, 1, 1, 1, 1, 1, 1, 1, 1, 1, 1, 1, 1, 1, 1, 1, 1, 1, 1, 1, 1, 1, 1, 1, 1, 1, 1, 1, 1, 1, 1, 1, 1, 1, 1, 1, 1, 1, 1, 1, 1, 0, 0]"
22250251_gab,we can tolerate flesh queers faggots and spirit queers xtians if they closet their predilections but the race cause is about race,offensive,"[0, 0, 1, 1, 1, 1, 1, 1, 1, 1, 1, 0, 0, 0, 0, 0, 0, 0, 0, 0, 0, 0]"
20174754_gab,good percentage of em are greasy pakis on dole now so no stress and income for life,hatespeech,"[0, 0, 0, 0, 0, 1, 1, 0, 0, 0, 0, 0, 0, 0, 0, 0, 0]"
1179104074119204864_twitter,if a rape victim is laughing and make jokes after a rape it does not mean that she has not been raped <number> <number>,normal,"[0, 0, 0, 0, 0, 0, 0, 0, 0, 0, 0, 0, 0, 0, 0, 0, 0, 0, 0, 0, 0, 0, 0, 0]"
1080898632050724864_twitter,gt raped by light <user> <user>,offensive,"[0, 1, 1, 1, 0, 0]"
7966949_gab,oh fun hardy boy is back i have never been to jefferson county let alone kansas i am a diest and not a fucking retarded cocksucker like you,hatespeech,"[0, 0, 0, 0, 0, 0, 0, 0, 0, 0, 0, 0, 0, 0, 0, 0, 0, 0, 0, 0, 0, 1, 1, 1, 1, 1, 1, 1]"
16487965_gab,that the founders owned slaves mostly negro is a historical fact not a liberal confabulation liberals have a pretty accurate view of american history it their moral response that is the problem,normal,"[0, 0, 0, 0, 0, 0, 0, 0, 0, 0, 0, 0, 0, 0, 0, 0, 0, 0, 0, 0, 0, 0, 0, 0, 0, 0, 0, 0, 0, 0, 0, 0]"
1179012746781679623_twitter,<user> <user> do not you mean niggers everywhere 🤔 just seeing how fast i can lose my account with this word lol,hatespeech,"[0, 0, 0, 0, 0, 0, 1, 0, 0, 0, 0, 0, 0, 0, 0, 0, 0, 0, 0, 0, 0, 0]"
1080448696486121472_twitter,<user> i am delighted peter sweden is as retarded as his twitter career suggests it ’ all very quaint and comfortable,offensive,"[0, 0, 0, 0, 0, 0, 0, 0, 1, 0, 0, 0, 0, 0, 0, 0, 0, 0, 0, 0, 0]"
1084987541579694080_twitter,<user> i hate you so much and i require physical evidence of me doing the same as you ty,normal,"[0, 0, 0, 0, 0, 0, 0, 0, 0, 0, 0, 0, 0, 0, 0, 0, 0, 0, 0]"
23878051_gab,exactly i d rather die than have a nigger or sandnigger doctor,offensive,"[0, 1, 1, 1, 1, 1, 1, 1, 1, 1, 1, 1]"
19791797_gab,derp de derp let me just lay out my profession so this kike whore can attack my career,hatespeech,"[0, 0, 0, 0, 0, 0, 0, 0, 0, 0, 0, 0, 1, 1, 0, 0, 0, 0]"
1078385110460887040_twitter,sucking your grandpas fat dick and choking on his white pubes and swallowing his fat load of cum,hatespeech,"[1, 1, 1, 1, 1, 1, 1, 1, 1, 1, 1, 1, 1, 1, 1, 1, 1, 1]"
14301067_gab,arm yourself against soros funded altifa tyranny and muslime ohell sedition there is no place in america for millions of ohell muslime refugee barbarians and their cult sharia law the dems love women are not slaves in america they are or will be armed if desired for their protection,hatespeech,"[1, 1, 1, 1, 1, 1, 1, 1, 1, 1, 1, 1, 1, 1, 1, 1, 1, 1, 1, 1, 1, 1, 1, 1, 1, 1, 1, 1, 1, 1, 1, 1, 0, 0, 0, 0, 0, 0, 0, 0, 0, 0, 0, 0, 0, 0, 0, 0, 0]"
1251273356680331267_twitter,muslims be calling me islamaphobe for quoting their quran verses,normal,"[0, 0, 0, 0, 0, 0, 0, 0, 0, 0]"
14698347_gab,i am even more concerned about mexican teenage tramps whose birth canals are like bazookas launching anchor beaners onto the lanscape of the united states,hatespeech,"[0, 0, 0, 0, 0, 0, 1, 1, 1, 1, 1, 1, 1, 1, 1, 1, 1, 1, 1, 1, 1, 1, 1, 1, 1]"
14024764_gab,eu will not last another <number> years i think it will be the italians that eventually bring down the kike show,hatespeech,"[0, 0, 0, 0, 0, 0, 0, 0, 0, 0, 0, 0, 0, 0, 0, 0, 0, 0, 0, 1, 0]"
10427435_gab,currynigger and known race traitor <user> has now hit the force unfollow button on me <number> times in the last <number> hours this little freeway shitstain can not pull off even pretending to be pro speech it just wants to cut things into swiss cheese safespace hugboxes for it weakminded little self gab fam,normal,"[1, 1, 1, 1, 1, 0, 0, 0, 0, 0, 0, 0, 0, 0, 0, 0, 0, 0, 0, 0, 0, 0, 0, 0, 1, 1, 0, 0, 0, 0, 0, 0, 0, 0, 0, 0, 0, 0, 0, 0, 0, 0, 0, 0, 0, 0, 0, 0, 0, 0, 0, 0, 0, 0]"
1614691_gab,one would have to be a total fucking retard to fit a statement in <number> characters this is why twitter has become a melanized ghetto,hatespeech,"[0, 0, 0, 0, 0, 0, 0, 1, 1, 0, 0, 0, 0, 0, 0, 0, 0, 0, 0, 0, 0, 0, 0, 1, 1]"
1275784262072008706_twitter,<user> russia ’ neo nazi party calls itself the russian liberal democratic party,normal,"[0, 0, 0, 0, 0, 0, 0, 0, 0, 0, 0, 0, 0]"
1178805995365179392_twitter,<user> <number> would lead to <number> imagine if all the arabs and palestinians suddenly became white they are allready redpilled and angry they just need a dose of agency and they will solve the problem in a heartbeat,normal,"[0, 0, 0, 0, 0, 0, 0, 0, 0, 0, 0, 0, 0, 0, 0, 0, 0, 0, 0, 0, 0, 0, 0, 0, 0, 0, 0, 0, 0, 0, 0, 0, 0, 0, 0, 0, 0, 0]"
10888406_gab,pro tip the niggers do not care if you never owned slaves granddaddy fought the natzis or great great grandad ground the confederacy into dust with the boot heel of the proto bolshevik yankee gubment force of weight and arms behind it they hate you because you are white and you exist altright,offensive,"[0, 0, 0, 1, 0, 0, 0, 0, 0, 0, 0, 0, 0, 0, 0, 1, 0, 0, 0, 0, 0, 0, 0, 0, 0, 0, 0, 0, 0, 0, 0, 0, 0, 0, 0, 0, 0, 0, 0, 0, 0, 0, 1, 1, 1, 1, 1, 1, 1, 1, 1, 1, 0]"
1178665557735944197_twitter,<user> <user> <user> <user> <user> iraqi refugees were forced to flee and started waiting for resettlment since <number> till now is it time to be fair is it time for equality is it time to componsate them the waste years that lost in waiting they lost everything stand with iraqi refugees,normal,"[0, 0, 0, 0, 0, 0, 0, 0, 0, 0, 0, 0, 0, 0, 0, 0, 0, 0, 0, 0, 0, 0, 0, 0, 0, 0, 0, 0, 0, 0, 0, 0, 0, 0, 0, 0, 0, 0, 0, 0, 0, 0, 0, 0, 0, 0, 0, 0, 0, 0, 0]"
1257112399255007233_twitter,fuck fortnite all my homies hate fortnite yo i fucking hate this piece of shit game they they brought back the light sabers fuck <user>,normal,"[0, 0, 0, 0, 0, 0, 0, 0, 0, 0, 0, 0, 0, 0, 0, 0, 0, 0, 0, 0, 0, 0, 0, 0, 0]"
18480293_gab,well good i thought the damn thing was gay as soon as i saw it fuckn water bottles laptops guns chainsaws what weirdo is going to shove thatuch shit into that ugly ass vest hell he needs to advertise to isis with the dumb ass mess of a vest,offensive,"[0, 0, 0, 0, 0, 1, 1, 1, 1, 0, 0, 0, 0, 0, 0, 0, 0, 0, 0, 0, 1, 0, 1, 0, 0, 0, 0, 0, 0, 0, 0, 1, 1, 1, 0, 0, 0, 0, 0, 0, 1, 1, 1, 1, 1, 1, 1, 1, 1]"
1215594254858248192_twitter,<user> no they ’ re wonho in white and shownu in black from monsta x,offensive,"[0, 1, 1, 1, 1, 1, 1, 1, 1, 1, 1, 1, 1, 1, 0]"
26999037_gab,so the major reason that moslem commit murder etc is because that the only way their book says that entry into heaven is guaranteed and they have recently opened it up for women too which previously was forbidden,offensive,"[0, 0, 0, 0, 0, 1, 1, 1, 0, 0, 0, 0, 0, 0, 0, 0, 0, 0, 0, 0, 0, 0, 0, 0, 0, 0, 0, 0, 0, 0, 0, 0, 0, 0, 0, 0, 0, 0]"
18013591_gab,and obama hung out with white ppl in martha vineyard on holidays not in the ghetto imagine that,normal,"[0, 0, 0, 0, 0, 0, 0, 0, 0, 0, 0, 0, 0, 0, 0, 0, 0, 0]"
1179094510241861632_twitter,<user> too bad the sheriff would not let you interview those being housed there to expose the truth pretrial incarceration pretrial murder all lives matter exposed,normal,"[0, 0, 0, 0, 0, 0, 0, 0, 0, 0, 0, 0, 0, 0, 0, 0, 0, 0, 0, 0, 0, 0, 0, 0, 0, 0]"
1179096040143646720_twitter,white people think cause they was raised by black people they can say nigga what,normal,"[0, 0, 0, 0, 0, 0, 0, 0, 0, 0, 0, 0, 0, 0, 0]"
1161856513230692352_twitter,i ’ m sorry gay community call me by my name wasn ’ t it fam,normal,"[0, 0, 0, 0, 0, 0, 0, 0, 0, 0, 0, 0, 0, 0, 0, 0]"
9587435_gab,suicide the camel face muscum cunt,normal,"[0, 1, 1, 1, 1, 1]"
6967433_gab,stealth goatfucker <number> 😂 😂 😂,offensive,"[1, 1, 1, 1, 1, 1]"
1179005827811807232_twitter,<user> where did you dig up this hillbilly,offensive,"[0, 0, 0, 0, 0, 0, 0, 1]"
24889680_gab,black culture encapsulated perfectly in all it ghetto splendor,normal,"[1, 1, 1, 1, 1, 1, 1, 1, 1]"
1178846407937134592_twitter,biopunk what if poor ppl had to deliberately sell their body parts to be used as accessories by the rich while they are still alive it was literally priced by white supremacist standards of what bodies are superior thus more valuable the natural wig industry already exists,normal,"[0, 0, 0, 0, 0, 0, 0, 0, 0, 0, 0, 0, 0, 0, 0, 0, 0, 0, 0, 0, 0, 0, 0, 0, 0, 0, 0, 0, 0, 0, 0, 0, 0, 0, 0, 0, 0, 0, 0, 0, 0, 0, 0, 0, 0, 0, 0]"
1179105076637552641_twitter,<user> did you forget what i told you we really hate you,normal,"[0, 0, 0, 0, 0, 0, 0, 0, 0, 0, 0, 0]"
1178546741160792064_twitter,if do not fuck with indie or house music idk your a faggot,offensive,"[0, 0, 0, 0, 0, 0, 0, 0, 0, 0, 1, 1, 1]"
1103416474507665410_twitter,i dont know who is getting garrett dick wet but she is a lucky bitch,normal,"[0, 0, 0, 0, 0, 0, 0, 0, 0, 0, 0, 0, 0, 0, 0]"
1179072798637133825_twitter,the other $mdxg shorts are all equally gross <user> is a crazy redneck who got fired for cause,normal,"[0, 0, 0, 0, 0, 0, 0, 0, 0, 0, 0, 0, 0, 0, 0, 0, 0, 0]"
17680158_gab,right that is why i keep offering myself up to you by calling you nigger and comparing you to a silverback,hatespeech,"[0, 0, 0, 0, 0, 0, 0, 0, 0, 0, 0, 0, 1, 1, 1, 1, 1, 1, 1, 1, 1]"
7305425_gab,do not worry if muzzies have their way dogs will not be a thing anymore which means that will not have to get sex changes hooray progress to the garbage tip of history we go thanks libtards,normal,"[0, 0, 0, 0, 0, 0, 0, 0, 0, 0, 0, 0, 0, 0, 0, 0, 0, 0, 0, 0, 0, 0, 0, 0, 0, 0, 0, 0, 0, 0, 0, 0, 0, 0, 0, 0, 0]"
19369977_gab,he dindunuffin tho <laugh>,normal,"[0, 0, 0, 0]"
13037580_gab,assignation ass ig nation my sides yeah niggers in power is a dangerous game of nigger roulette <user> we there yet faggot,hatespeech,"[0, 1, 0, 0, 0, 0, 0, 1, 0, 0, 0, 0, 0, 0, 0, 1, 1, 0, 0, 0, 0, 1]"
3526077_gab,<user> i was suspended for so called violence which was a rt about eichenwald gif assault but they let blm terror accounts stay up with no problems,normal,"[0, 0, 0, 0, 0, 0, 0, 0, 0, 0, 0, 0, 0, 0, 0, 0, 0, 0, 0, 0, 0, 0, 0, 0, 0, 0, 0]"
24817734_gab,refugees welcome to walk the plank and get eaten by sharks oh poor factory where you getting cheap labour from oh poor hotel cramming <number> to a room yes ask a postman where they live as well,hatespeech,"[1, 1, 1, 1, 1, 1, 1, 1, 1, 1, 1, 1, 1, 1, 1, 1, 1, 1, 1, 1, 1, 1, 1, 1, 1, 1, 1, 1, 1, 1, 1, 1, 1, 1, 1, 1, 1]"
1178963916715520000_twitter,<user> ahahahahah and the follower of a rapist profit on a flying donkey who raped and murdered aisha minor girls goats and camels and a murderous cult are calling others as rapist slow claps 👏 👏 👏 👏 👏,normal,"[0, 0, 0, 0, 0, 0, 0, 0, 0, 0, 0, 0, 0, 0, 0, 0, 0, 0, 0, 0, 0, 0, 0, 0, 0, 0, 0, 0, 0, 0, 0, 0, 0, 0, 0, 0, 0, 0, 0]"
8475483_gab,sadiq khan kebab givin muzzie love today makes me wanna do this 👇,offensive,"[0, 0, 0, 0, 1, 1, 0, 0, 0, 0, 0, 0, 0]"
1178783886903582720_twitter,<user> tell that to nia wilson parents or 1 5 yr old zaria joshalyn burgess mother after her father raped murdered her maybe tell that to the victims of daniel holtzclaw perhaps the nigerian singer alize family would also want to hear how much better white men are than black men,normal,"[0, 0, 0, 0, 0, 0, 0, 0, 0, 0, 0, 0, 0, 0, 0, 0, 0, 0, 0, 0, 0, 0, 0, 0, 0, 0, 0, 0, 0, 0, 0, 0, 0, 0, 0, 0, 0, 0, 0, 0, 0, 0, 0, 0, 0, 0, 0, 0, 0, 0, 0]"
1178753430162001920_twitter,<user> i fucking hate you lmao,normal,"[0, 0, 0, 0, 0, 0]"
1225172538453643270_twitter,i asked my non muslim friend to pick a hijab color that goes w my outfit amp she goes “ do they make clear heejabs so we can see ur hair ” i,offensive,"[0, 0, 0, 0, 0, 0, 0, 0, 0, 0, 0, 0, 0, 0, 0, 0, 0, 0, 0, 0, 1, 1, 1, 1, 1, 1, 1, 1, 1, 1, 1, 0, 0]"
1278042181769605128_twitter,i ’ ll fucking hate when depression kicks it cause that mf be kicking in hard asf,normal,"[0, 0, 0, 0, 0, 0, 0, 0, 0, 0, 0, 0, 0, 0, 0, 0, 0]"
13780727_gab,jesus fucking christ you are dumb the white population is at <number> and falling owing to immigration sad dumb clueless boomer,offensive,"[1, 1, 1, 0, 0, 1, 0, 0, 0, 0, 0, 0, 0, 0, 0, 0, 0, 0, 1, 0, 0]"
20133226_gab,cheeky chinaman,offensive,"[1, 1]"
15887069_gab,william randolph hearst is the reason marijuana is illegal today he owned newspapers and timberland in n carolina decordecator came out around this time so he printed in his papers blacks and mexicans were smoking it and raping white women also was married to the president sister at the time,hatespeech,"[0, 0, 0, 0, 0, 0, 0, 0, 0, 0, 0, 0, 0, 0, 0, 0, 0, 0, 0, 0, 0, 0, 0, 0, 0, 0, 0, 0, 0, 0, 1, 1, 1, 1, 1, 1, 1, 1, 1, 1, 0, 0, 0, 0, 0, 0, 0, 0, 0, 0]"
22436170_gab,so the british government did not want you to hear a speech that raises awareness to the fact that the indigenous population is being replaced by muslim immigrants perhaps they are scared of the natives retaliating against this betrayal of the british people,hatespeech,"[0, 0, 0, 0, 0, 0, 0, 0, 0, 0, 0, 0, 0, 0, 0, 0, 0, 0, 0, 0, 0, 0, 0, 0, 1, 1, 1, 1, 0, 0, 0, 0, 0, 0, 0, 0, 0, 0, 0, 0, 0, 0, 0]"
1178765655790755845_twitter,<user> why would anyone watch whigger garbage like this show in the beginning,offensive,"[0, 0, 0, 0, 0, 1, 0, 0, 0, 0, 0, 0, 0]"
17587932_gab,just another case of white stupidity that will eventually lead to white race suicide white people are just fucking stupid to seek their own demise lol,hatespeech,"[0, 0, 0, 0, 1, 1, 0, 0, 0, 0, 0, 1, 1, 1, 1, 1, 1, 1, 1, 1, 1, 1, 1, 1, 1, 1]"
6532596_gab,gendered violence was reframed and focused on cultural forms of violence such as honor killings and female genital mutilation less emphasis was placed on gendered violence as a european problem impacting women from all social locations and more as something foreign or imported,normal,"[0, 0, 0, 0, 0, 0, 0, 0, 0, 0, 0, 0, 0, 0, 0, 0, 0, 0, 0, 0, 0, 0, 0, 0, 0, 0, 0, 0, 0, 0, 0, 0, 0, 0, 0, 0, 0, 0, 0, 0, 0, 0, 0]"
14871625_gab,this is so disgusting i have adored and fiercely proudly reveled with real women for bravely taking wild boar as prey with clean rifle shots then field dressing their prey thereby simultaneously being more manly and infinitely more female than these faggots humanity is broken,offensive,"[0, 0, 0, 0, 0, 0, 0, 0, 0, 0, 0, 0, 0, 0, 0, 0, 0, 0, 0, 0, 0, 0, 0, 0, 0, 0, 0, 0, 0, 0, 0, 0, 0, 1, 1, 1, 1, 1, 1, 1, 1, 1, 0, 0, 0]"
19080272_gab,l.a. homelessness surged <number> in six years here why the crisis has been decades in the making los angeles times however islamic <number> <number> syrian refugees got homes last several years and <number> <number> somalians last <number> y that for whom the liberals fight for real pic btw,normal,"[0, 0, 0, 0, 0, 0, 0, 0, 0, 0, 0, 0, 0, 0, 0, 0, 0, 0, 0, 0, 0, 0, 0, 0, 0, 0, 0, 0, 0, 0, 0, 0, 0, 0, 0, 0, 0, 0, 0, 0, 0, 0, 0, 0, 0, 0, 0, 0]"
12651974_gab,what a muslim does in the privacy of his own goat is disgusting better not put a picture here try not to imagine one either,hatespeech,"[1, 1, 1, 1, 1, 1, 1, 1, 1, 1, 1, 1, 1, 0, 0, 0, 0, 0, 0, 0, 0, 0, 0, 0, 0]"
1178292006705074176_twitter,<user> <user> the point is we black people don ’ t control these departments the negros they allow in are severely vetted,offensive,"[0, 0, 0, 0, 0, 0, 0, 0, 0, 0, 0, 0, 0, 0, 0, 1, 0, 0, 0, 0, 1, 1]"
25592740_gab,oh look a cuban canadian a holocaust liar and a casino magnate who funds the rnc and donald trump,normal,"[0, 0, 0, 0, 0, 0, 0, 0, 0, 0, 0, 0, 0, 0, 0, 0, 0, 0, 0]"
1084188293380689920_twitter,recommend me good books about islam islam and women thank you,normal,"[0, 0, 0, 0, 0, 0, 0, 0, 0, 0, 0]"
3836998_gab,a christian jew and muslim walk into a bar the barman says is this some kind of joke well if it is says the muslim i am going to come back and kill everyone here,hatespeech,"[1, 1, 1, 1, 1, 1, 0, 0, 0, 0, 0, 0, 0, 0, 0, 0, 0, 0, 1, 1, 1, 1, 1, 1, 1, 1, 1, 1, 1, 1, 1, 1, 1, 1, 1]"
1179098345316536322_twitter,i have a question answer honestly how many men prefer a slut over a passive woman how many women prefer to have multiple sex partners lastly is it wrong to have an open marriage,offensive,"[0, 0, 0, 0, 0, 0, 0, 0, 0, 1, 1, 1, 0, 0, 1, 1, 0, 0, 0, 0, 0, 0, 0, 0, 0, 0, 0, 0, 0, 0, 0, 0, 0, 0]"
13791088_gab,this kike does not understand someone help her,hatespeech,"[0, 1, 0, 0, 0, 0, 0, 0]"
1215264198927835137_twitter,i haven ’ t had sex since <number> how ghetto,normal,"[0, 0, 0, 0, 0, 0, 0, 0, 0, 0]"
1173653362350247938_twitter,ew look at homura look at her nasty dyke ass,hatespeech,"[0, 0, 0, 0, 0, 0, 0, 1, 1, 1]"
1178758896544079877_twitter,well if you ever wanted to sum up a greasy hook nose performance that it <number> deep block behind a team who have lingard and pereira in the front <number> lmao cant wait for him to get the sack,normal,"[0, 0, 0, 0, 0, 0, 0, 0, 0, 0, 0, 0, 0, 0, 0, 0, 0, 0, 0, 0, 0, 0, 0, 0, 0, 0, 0, 0, 0, 0, 0, 0, 0, 0, 0, 0, 0, 0, 0]"
18418884_gab,it been nearly three weeks since a man described as a somali immigrant attacked evenson while she was walking home from work in uptown minneapolis slashing and stabbing her relentlessly while trying to drag her off of a public street,normal,"[0, 0, 0, 0, 0, 0, 0, 0, 0, 0, 0, 0, 0, 0, 0, 0, 0, 0, 0, 0, 0, 0, 0, 0, 0, 0, 0, 0, 0, 0, 0, 0, 0, 0, 0, 0, 0, 0, 0, 0]"
1179000400810168320_twitter,it officially spooky szn bitch,normal,"[0, 0, 0, 0, 0]"
17565144_gab,seriously oprah so what are gonna get that new besides white people suck white men suck even more blacks are wonderful victims and gays are god chosen hm,normal,"[0, 0, 0, 0, 0, 0, 0, 0, 0, 0, 1, 1, 1, 1, 1, 1, 1, 1, 1, 1, 1, 1, 1, 1, 1, 1, 1, 1]"
27980196_gab,i love my little cricket nigger 😁,offensive,"[0, 0, 0, 1, 1, 1, 0]"
17427882_gab,canada is turning into a muzzie shit hole too,hatespeech,"[0, 0, 0, 0, 0, 1, 1, 1, 0]"
1179092483390746625_twitter,whenever i say redneck in front of white people they act like i said a bad word,offensive,"[1, 1, 1, 1, 1, 1, 1, 1, 0, 0, 0, 0, 0, 0, 0, 0, 0]"
1189125076026822656_twitter,fuck you all faggot ass niggas,offensive,"[1, 0, 0, 1, 1, 1]"
1170210040071901184_twitter,need a new open face helmet arai shoei,normal,"[0, 0, 0, 0, 0, 0, 0, 0]"
1087558599583313921_twitter,steven universe spoiler steven won by roasting white wtf,normal,"[0, 0, 0, 0, 0, 0, 0, 0, 0]"
12956281_gab,as a game player i realize that the media is both a shield and a strange stunning device that prevents white folks from seeing the precipice we have to direct all our fire directly at the media <number> credibility <number> profitability <number> identity,normal,"[0, 0, 0, 0, 0, 0, 0, 0, 0, 0, 0, 0, 0, 0, 0, 0, 0, 0, 0, 0, 0, 0, 0, 0, 0, 0, 0, 0, 0, 0, 0, 0, 0, 0, 0, 0, 0, 0, 0, 0, 0, 0, 0]"
27543139_gab,the jews juden are whitewashed palestinians arabs the only reason they have any brain is because of us otherwise they are nigger semites arabs sandniggers,offensive,"[1, 1, 1, 1, 1, 1, 1, 1, 1, 1, 1, 1, 1, 1, 1, 1, 1, 1, 1, 1, 1, 1, 1, 1, 1]"
1178099912749092864_twitter,<user> <user> <user> <user> <user> <user> <user> sweetie like i said look in the mirror you might want to refrain from posting yours it not a good look even for trailer trash poor plump thing,offensive,"[0, 0, 0, 0, 0, 0, 0, 0, 0, 0, 0, 0, 0, 0, 0, 0, 0, 0, 0, 0, 0, 0, 0, 0, 0, 0, 0, 0, 0, 0, 1, 1, 1, 1, 1]"
1111582276847104000_twitter,you shipyard workin niggas are irritating hope you all get fired bitch,normal,"[0, 0, 0, 0, 0, 0, 0, 0, 0, 0, 0, 0]"
3965684_gab,obama to cubans you can not stay sorry cubans but what about the illegal immigrants from mexico obama they get to stay they vote democrat result obama just guaranteed trump will win florida in <number> gab gabfam speakfreely maga cuba,normal,"[1, 1, 1, 1, 1, 1, 1, 0, 0, 0, 0, 0, 0, 1, 1, 0, 0, 0, 0, 0, 0, 1, 1, 1, 1, 1, 1, 1, 1, 1, 1, 1, 0, 0, 0, 0, 0, 0, 0, 0]"
3481859_gab,maga supremacy is wrong whether its globalist jewish supremacy or white supremacy it antichristian and thus born to fail evil always ends up losing to the good side,normal,"[1, 1, 1, 1, 1, 1, 1, 1, 1, 1, 1, 1, 1, 1, 1, 1, 1, 1, 1, 1, 1, 1, 1, 1, 1, 1, 1, 1]"
1177304303796674568_twitter,<user> they gotta think bout the niggers 😂 i d be giving out smoke like a newport vendor,normal,"[0, 0, 0, 0, 0, 0, 0, 0, 0, 0, 0, 0, 0, 0, 0, 0, 0, 0]"
1187265210366791680_twitter,not all niggas cheat sum just be inna house playin tekken,normal,"[0, 0, 0, 0, 0, 0, 0, 0, 0, 0, 0]"
1179104674391048192_twitter,<user> did i forget to tell you about the white boy,normal,"[0, 0, 0, 0, 0, 0, 0, 0, 0, 0, 0]"
1124408781448736768_twitter,i ’ m so ducking retarded ugh,normal,"[0, 0, 0, 0, 1, 1, 0]"
1179878321833889793_twitter,<user> tell my retarded coach man prefers a bouncer at left back,normal,"[0, 0, 0, 0, 0, 0, 0, 0, 0, 0, 0, 0]"
23014393_gab,that escalated from pros and cons of mc to go fuck a nigger in hm <number> seconds lol u funny,hatespeech,"[0, 0, 0, 0, 0, 0, 0, 0, 0, 0, 1, 1, 1, 0, 0, 0, 0, 0, 0, 0]"
14357997_gab,shalom aussie goyim my name is gladys berejiklian i call myself an armenian but in fact i am a ratfaced kike looking to implement communism in your country do you like my gallah beak,hatespeech,"[1, 1, 1, 0, 0, 0, 0, 0, 0, 0, 0, 0, 0, 0, 0, 0, 0, 0, 0, 1, 1, 0, 0, 0, 0, 0, 0, 0, 0, 0, 0, 0, 0, 0]"
18382217_gab,you ever been forced to stand in line behind a negress who been wearing a weave for months the stench can be described as a combination of rotting flesh ball sweat and baby shit reason <number> <number> that nobody wants niggers around,hatespeech,"[0, 0, 0, 0, 0, 0, 0, 0, 0, 0, 1, 0, 0, 1, 1, 1, 1, 1, 1, 1, 1, 1, 1, 1, 1, 1, 1, 1, 1, 1, 1, 1, 1, 1, 1, 1, 1, 1, 1, 1, 1, 1]"
1179049468764839943_twitter,<user> same we should just kill all the da ron of the world,normal,"[0, 0, 0, 0, 0, 0, 0, 0, 0, 0, 0, 0, 0]"
24770559_gab,i thought wendy wasserman schultz was one ugly jewess where do they dig these disgusting jews up from they are caricatures of humans michellewolf journalists killjournalists,hatespeech,"[0, 0, 0, 0, 0, 0, 1, 1, 1, 1, 1, 1, 1, 1, 1, 1, 1, 1, 1, 1, 1, 1, 1, 0, 0, 1]"
3GS542CVJVOJKFQMWK2EJ8CO4V895P_nf_2,<user> there was just no reason to include it the only message it conveyed was the faggots do not get to be happy,normal,"[0, 0, 0, 0, 0, 0, 0, 0, 0, 0, 0, 0, 0, 0, 0, 0, 0, 0, 0, 0, 0, 0, 0]"
1183144820614799360_twitter,<user> again get ur hair sorted u melt and go golf with ur dad u freaky retard,offensive,"[0, 0, 0, 0, 0, 0, 0, 1, 0, 0, 0, 0, 0, 0, 0, 1, 1]"
13291541_gab,no they do not if what you consider to be races you refer to negroes caucasians and asians mongoloids i assure you that i attend churches of christ with all three represented,hatespeech,"[0, 0, 0, 0, 0, 0, 0, 0, 0, 0, 0, 0, 0, 0, 1, 1, 1, 1, 1, 0, 0, 0, 0, 0, 0, 0, 0, 0, 0, 0, 0, 0]"
5689010_gab,i honestly believe europe was jealous of our niggers and decided to one up us by importing the only people even more retarded and violent than niggers muslims,hatespeech,"[1, 1, 1, 1, 1, 1, 1, 1, 1, 1, 1, 1, 1, 1, 1, 1, 1, 1, 1, 1, 1, 1, 1, 1, 1, 1, 1, 1]"
14163229_gab,according to the bbc the eu to prevent crime terrorist attack carried out by 3 rd world non white mainly moslem immigrant in europe we need even more 3 rd world non white mainly moslem immigrant to come to europe,normal,"[0, 0, 0, 0, 0, 0, 0, 0, 0, 0, 0, 0, 0, 0, 0, 0, 0, 0, 0, 0, 0, 0, 0, 0, 0, 0, 0, 0, 0, 0, 0, 0, 0, 0, 0, 0, 0, 0, 0, 0]"
10009556_gab,why are people so offended by the word paki surely the word fucking that comes before is more offensive,offensive,"[0, 0, 0, 0, 0, 0, 0, 0, 1, 0, 0, 0, 0, 0, 0, 0, 0, 0, 0]"
11958001_gab,people who lose their shit about some youtube gamer saying nigger are faggot nerds who should be sterilized,hatespeech,"[0, 0, 0, 0, 0, 0, 0, 0, 0, 0, 1, 0, 1, 0, 0, 0, 0, 0]"
1178781190972559360_twitter,so you are gonna be loud on ig about rapists and stick up for women yet you have raped and abused multiple women including myself and told your mrs i am just your crazy ex and that why i hate you pick a fucken side you sick fuck,normal,"[0, 0, 0, 0, 0, 0, 0, 0, 0, 0, 0, 0, 0, 0, 0, 0, 0, 0, 0, 0, 0, 0, 0, 0, 0, 0, 0, 0, 0, 0, 0, 0, 0, 0, 0, 0, 0, 0, 0, 0, 0, 0, 0, 0, 0, 0, 0, 0]"
1178828341052395520_twitter,how buck white ass shoes look untouched in all this madness 911 on fox,normal,"[0, 0, 0, 0, 0, 0, 0, 0, 0, 0, 0, 0, 0, 0]"
11927880_gab,degenerate faggot if we have our way queers like you will be dealt with immediately,hatespeech,"[1, 1, 0, 0, 0, 0, 0, 1, 0, 0, 0, 0, 0, 0, 0]"
833004295494762496_twitter,i need more gay friends 🏳 ️ ‍ 🌈,normal,"[0, 0, 0, 0, 0, 0, 0, 0, 0]"
1213875760420794368_twitter,<user> yet colin nike exploits asians at an alarming rate i hate graham and the cult45 but i agree with him on this,normal,"[0, 0, 0, 0, 0, 0, 0, 0, 0, 0, 0, 0, 0, 0, 0, 0, 0, 0, 0, 0, 0, 0, 0]"
20371641_gab,i heard about it from an epileptic kike journo,offensive,"[0, 0, 0, 0, 0, 0, 1, 1, 1]"
26272412_gab,damn these facebook people are so fucking predictable they are blaming gun violence on men time to dig up some skeletons,normal,"[0, 0, 0, 0, 0, 0, 0, 0, 0, 0, 0, 0, 0, 0, 0, 0, 0, 0, 0, 0, 0]"
11042138_gab,i did not say anything about the violence in chicago other than a lot of people are responsible for it lol,normal,"[0, 0, 0, 0, 0, 0, 0, 0, 0, 0, 0, 0, 0, 0, 0, 0, 0, 0, 0, 0, 0]"
22280608_gab,they are retarded mouth breathing little children saying this is our club and you can not come in,offensive,"[1, 1, 1, 1, 1, 1, 1, 1, 1, 0, 0, 0, 0, 0, 0, 0, 0, 0]"
19502440_gab,oh just a jew nigger with a phone that does not know walking while filming is retarded try holding still jew nigger,hatespeech,"[0, 0, 0, 1, 1, 0, 0, 0, 0, 0, 0, 0, 0, 0, 0, 0, 0, 0, 0, 0, 1, 1]"
11645635_gab,baked alaska is probably my favorite anti racist holocaust denier definitely top <number>,hatespeech,"[0, 0, 0, 0, 0, 0, 1, 1, 1, 1, 0, 0, 0]"
15483686_gab,just because they go to an email it does not mean a goddamn thing they going to an email because you have it setup through gab that way you fucking idiot it a notification feature it not a personal harassment harassment or direct threat points for trying though 😏,normal,"[0, 0, 0, 0, 0, 0, 0, 0, 0, 0, 0, 0, 0, 0, 0, 0, 0, 0, 0, 0, 0, 0, 0, 0, 0, 0, 0, 0, 0, 0, 0, 0, 0, 0, 0, 0, 0, 0, 0, 0, 0, 0, 0, 0, 0, 0, 0, 0, 0]"
13210523_gab,i wonder how many illegal immigrants will still seek sanctuary in california lol,offensive,"[0, 0, 0, 0, 1, 1, 1, 1, 1, 1, 1, 1, 0]"
20615024_gab,breaking news kike sheriff pursued into mountains by nra forces lamborgini with broward county police insignia found in forest culvert,hatespeech,"[0, 0, 1, 0, 0, 0, 0, 0, 0, 0, 0, 0, 0, 0, 0, 0, 0, 0, 0, 0]"
15989475_gab,vox believes kristol foreign policy goals will always take precedence and he will move the goalposts as suits him vox is a dumpster fire but they got this part right other lefty kikes like tomasky see trump as an existential threat to kike hegemony and do not care about the details,hatespeech,"[0, 0, 0, 0, 0, 0, 0, 0, 0, 0, 0, 0, 0, 0, 0, 0, 0, 0, 0, 0, 0, 0, 0, 0, 0, 0, 0, 0, 0, 0, 1, 1, 1, 0, 0, 0, 0, 0, 0, 0, 0, 0, 1, 1, 0, 0, 0, 0, 0, 0, 0]"
24188360_gab,just give me a couple minits with this racist cocksucker in a ghetto alley a real fuckin pig parasite of black people true and factual carrion bastard,offensive,"[1, 1, 1, 1, 1, 1, 1, 1, 1, 1, 1, 1, 1, 1, 1, 1, 1, 1, 1, 1, 1, 1, 1, 1, 1, 1, 1]"
19590344_gab,disgusting like we need more sand niggers here,hatespeech,"[0, 0, 0, 0, 0, 1, 1, 0]"
17693630_gab,the muzzies working there will stir lattes with their left hand fingers if they know the drink is for an infidel,hatespeech,"[0, 1, 0, 0, 0, 0, 0, 0, 0, 0, 0, 0, 0, 0, 0, 0, 0, 0, 0, 0, 1]"
8632939_gab,the criminality of homosexual acts is consistent with western values one should not confuse western culture with current fashion especially since many of the current fashions are symptoms of the disintegration of western culture on the same order as the islamic invasion,normal,"[0, 1, 1, 1, 1, 1, 1, 1, 1, 1, 1, 1, 1, 1, 1, 1, 1, 1, 1, 1, 1, 1, 1, 1, 1, 1, 1, 1, 1, 1, 1, 1, 1, 1, 1, 1, 1, 1, 1, 1, 1, 1]"
7479514_gab,indeed the ethiopians are bad enough but somalis are something else entirely despite being genetically similar there probably less difference between them than between a swede and a dane but pisslam makes them more retarded by far,offensive,"[0, 1, 1, 1, 1, 1, 1, 1, 1, 1, 1, 1, 1, 1, 1, 1, 1, 1, 1, 1, 1, 1, 1, 1, 1, 1, 1, 1, 1, 1, 1, 1, 1, 1, 1, 1, 1]"
1109661527072751617_twitter,if you hate yourself nothing will work for you,normal,"[0, 0, 0, 0, 0, 0, 0, 0, 0]"
1187788028380618753_twitter,stop bleaching the red flags white,normal,"[0, 0, 0, 0, 0, 0]"
1179046594982727680_twitter,i was gonna wear a sparkly slutty dress today but it all cold and shitty out and i am a lil bitch when it comes to cold days,normal,"[0, 0, 0, 0, 0, 0, 0, 0, 0, 0, 0, 0, 0, 0, 0, 0, 0, 0, 0, 0, 0, 0, 0, 0, 0, 0, 0, 0]"
1232184182610243584_twitter,<user> radicalized islamic jihadi,normal,"[0, 1, 1, 1]"
1121873744128094208_twitter,<user> <user> do not have any hth need more hoes tho,hatespeech,"[0, 0, 0, 0, 0, 0, 0, 0, 0, 1, 0]"
1189416420783706112_twitter,<user> very sad moreno valley is ghetto stay away,normal,"[0, 0, 0, 0, 0, 0, 0, 0, 0]"
17898824_gab,if a three year old nigger with down syndrome walked up to me and started giving me life advice i d probably listen then i d go find the careless nigger sow that shit it out and return the little burden,hatespeech,"[0, 0, 1, 1, 1, 1, 0, 0, 0, 0, 0, 0, 0, 0, 0, 0, 0, 0, 0, 0, 0, 0, 0, 0, 0, 0, 0, 0, 0, 1, 1, 1, 1, 1, 1, 1, 1, 1, 1, 1, 1]"
1179008086046101505_twitter,<user> <user> translation if trump is impeached or lose in <number> we will take our guns and kill all the americans who disagree with trump,normal,"[0, 0, 0, 0, 0, 0, 0, 0, 0, 0, 0, 0, 0, 0, 0, 0, 0, 0, 0, 0, 0, 0, 0, 0, 0]"
1109240085231398912_twitter,ariana this girl been stealing my songs man wtf everglow and stop being stingy bitch,offensive,"[0, 0, 0, 0, 0, 0, 0, 0, 0, 0, 0, 0, 0, 1, 1]"
1178613994371928065_twitter,me getting books from the library about queer cowboys and homoeroticism in cinema instead of anything useful for my thesis,normal,"[0, 0, 0, 0, 0, 0, 0, 0, 0, 0, 0, 0, 0, 0, 0, 0, 0, 0, 0, 0]"
1097848326228271105_twitter,<user> jksfhjk dejame i am too gay for this,normal,"[0, 0, 0, 0, 0, 0, 0, 0, 0]"
1180794675000696838_twitter,jongin no homo but you are cute kyungsoo no homo but your dick was in my ass last night,normal,"[0, 0, 0, 0, 0, 0, 0, 0, 0, 0, 0, 0, 0, 0, 0, 0, 0, 0, 0]"
10052189_gab,counterpoint automatic servers only save money in non nig areas filled with people who respect the bot robots will get destroyed or rendered useless by sub <number> ghetto dwellers,hatespeech,"[0, 0, 0, 0, 0, 0, 0, 1, 1, 1, 0, 0, 0, 0, 0, 0, 0, 0, 0, 0, 0, 0, 0, 0, 0, 0, 0, 1, 1]"
6900714_gab,i realize something about myself after hearing some white nationalists talk i reflected on my past and realized ever since i was young i was attracted to asians,normal,"[0, 0, 0, 0, 0, 0, 0, 0, 0, 0, 0, 0, 0, 0, 0, 0, 0, 0, 0, 0, 0, 0, 0, 0, 0, 0, 0, 0]"
21759911_gab,no michael actually nigger monkeys are the problem now go back to africa and catch aids you cunt,hatespeech,"[0, 0, 0, 1, 1, 1, 1, 1, 0, 1, 1, 1, 1, 0, 1, 1, 1, 1]"
1879106_gab,<number> of <number> borders are being erased fundamental human standards are being toppled the refugee stampede and the sexual perversion are promoted by the cultural marxists as a way of destroying the middle class barrier to establishing their social tyranny and by the multinational corporations,offensive,"[0, 0, 0, 0, 0, 0, 0, 0, 0, 0, 0, 0, 0, 0, 1, 1, 1, 1, 1, 0, 0, 0, 0, 0, 0, 1, 0, 0, 0, 0, 1, 1, 1, 1, 1, 1, 0, 0, 0, 0, 0, 0, 0, 0, 0]"
18698237_gab,because he was a sand nigger and all sand niggers are disgusting animals sub human filth every last one,hatespeech,"[1, 1, 1, 1, 1, 1, 1, 1, 1, 1, 1, 1, 1, 1, 1, 1, 1, 1, 1]"
1166008203118862336_twitter,<user> listen to i know places not even thinking about taylor just listen to it and its just so gay,normal,"[0, 0, 0, 0, 0, 0, 0, 0, 0, 0, 0, 0, 0, 0, 0, 0, 0, 0, 0, 0]"
1179105068295114752_twitter,<user> it all white people so i am nothing but skeptical,normal,"[0, 0, 0, 0, 0, 0, 0, 0, 0, 0, 0]"
1182819011295236098_twitter,just me amp my bitch amp all she wanna do is hear me say some fly shit,normal,"[0, 0, 0, 0, 1, 0, 0, 0, 0, 0, 0, 0, 0, 0, 0, 1, 1]"
1178554750809362432_twitter,charwe in full nehanda charwe nyakasikana born <number> — died <date> one of the major spiritual leaders of african resistance to white rule during the late 1 9 th century in what is now zimbabwe,normal,"[0, 0, 0, 0, 0, 0, 0, 0, 0, 0, 0, 0, 0, 0, 0, 0, 0, 0, 0, 0, 0, 0, 0, 0, 0, 0, 0, 0, 0, 0, 0, 0, 0, 0, 0]"
1179086916114714625_twitter,<user> read the koran its not allowed for muzzie to convert,hatespeech,"[0, 0, 0, 0, 0, 0, 0, 0, 1, 0, 0]"
2979951_gab,<user> how does a militant fascist retard know what a patriot sounds like,offensive,"[0, 1, 1, 1, 1, 1, 1, 1, 1, 1, 1, 1, 1]"
1179018591116513280_twitter,<user> yo send me the track he acting like a faggot,offensive,"[0, 0, 0, 0, 0, 0, 0, 1, 1, 1, 1]"
15788400_gab,trump during the election i will put clinton in jail trump after the election got all franken magafags yes huge success me you missed the fucking mark also when you going to deport the fucking illegals and halt immigration you kike owned bastard,hatespeech,"[0, 0, 0, 0, 0, 0, 0, 0, 0, 0, 0, 0, 0, 0, 0, 0, 0, 0, 0, 0, 0, 0, 0, 0, 0, 0, 0, 0, 0, 0, 0, 0, 1, 1, 1, 1, 1, 1, 1, 1, 1, 1, 1]"
2037223_gab,if you think pizza gate is just about pedos think again satanic queers lgbt filth are all over this shit sodomites sexual orientation anything goes,hatespeech,"[0, 0, 0, 0, 0, 0, 0, 0, 0, 0, 0, 1, 1, 1, 1, 0, 0, 0, 0, 0, 1, 1, 1, 1, 1]"
17622816_gab,orca the niggerette lesbian can go fuck gayle,hatespeech,"[0, 1, 1, 1, 0, 0, 1, 0]"
27848788_gab,curanis are nigger jews,hatespeech,"[1, 1, 1, 1]"
22816151_gab,if words have no effect in the uk i guess firebombing government buildings would not either nor firebombing moslem businesses it would be a shame if masked persons did it,hatespeech,"[0, 0, 0, 0, 0, 0, 0, 0, 0, 0, 1, 0, 0, 0, 0, 0, 0, 1, 1, 1, 1, 1, 1, 1, 1, 1, 1, 1, 1, 1]"
1087130490648363009_twitter,i want to hate you but i can not 😞,normal,"[0, 0, 0, 0, 0, 0, 0, 0, 0, 0]"
16460769_gab,they absolutely do everyone used to believe sweden was the best place in eu to go but there is not anywhere there you could pay me enough to go visit much less live most esp bc of the mudslimes socialism,hatespeech,"[0, 0, 0, 0, 0, 0, 0, 0, 0, 0, 0, 0, 0, 0, 0, 0, 0, 0, 0, 0, 0, 0, 0, 0, 0, 0, 0, 0, 0, 0, 0, 0, 0, 0, 0, 0, 0, 0, 1, 0]"
1178468053274771456_twitter,i fucking hate white socks they literally make me feel like a whole other person when i am wearing them,normal,"[0, 0, 0, 0, 0, 0, 0, 0, 0, 0, 0, 0, 0, 0, 0, 0, 0, 0, 0, 0]"
1212091792893583360_twitter,<user> why do u live in the ghetto ratatata,offensive,"[0, 0, 0, 0, 0, 0, 0, 1, 1]"
1178966416227090433_twitter,<user> <user> yes so moral of story is never make the moderate muzzie posterboy for hindus he will b as much a empty vessel as any other,hatespeech,"[0, 0, 0, 0, 0, 0, 0, 0, 0, 0, 0, 0, 1, 0, 0, 0, 0, 0, 0, 0, 0, 0, 0, 0, 0, 0, 0]"
17994158_gab,you are not white you filthy perfidious kike rat,hatespeech,"[0, 0, 0, 0, 0, 1, 1, 1, 1]"
15840111_gab,just look at arab non muslims berbers druze alawites even the christian arabs are low iq chimps completely retarded societies whether based on islam or not,offensive,"[0, 0, 0, 0, 0, 0, 1, 1, 1, 1, 1, 1, 1, 1, 1, 1, 1, 0, 1, 0, 0, 0, 0, 0, 0, 0]"
13285441_gab,there a kike around every corner a false friend around every bend,hatespeech,"[0, 0, 1, 0, 0, 0, 0, 0, 0, 0, 0, 0]"
1187113823397920768_twitter,hottest picture ever red and white bathing suit free dick pictures boobs clips bra panty photo,normal,"[0, 0, 0, 0, 0, 0, 0, 0, 0, 0, 0, 0, 0, 0, 0, 0]"
21726323_gab,you are not even white ya fucking kike suck that fuentes spic dick more fake ass kike moonman,hatespeech,"[0, 0, 0, 0, 0, 0, 1, 1, 0, 0, 0, 1, 0, 0, 0, 0, 1, 0]"
11620676_gab,read on swedish facebook police does not have time to arrest a rapist who raped a <number> year old girl despite knowing where he lives and who he is,offensive,"[0, 0, 0, 0, 0, 0, 0, 0, 0, 0, 0, 1, 1, 1, 1, 1, 1, 1, 1, 1, 1, 0, 0, 0, 0, 0, 0, 0, 0]"
1179018041562210304_twitter,<user> ah can honestly say ave never had a deep fried mars bar they do not do them here prefer a nice deep fried faggot and chippies 🤪 🤪,normal,"[0, 0, 0, 0, 0, 0, 0, 0, 0, 0, 0, 0, 0, 0, 0, 0, 0, 0, 0, 0, 0, 0, 0, 0, 0, 0, 0, 0, 0]"
16096681_gab,back to where they came from or white europeans need to build their own nation from scratch excluding others the same way the jews did with israel,offensive,"[0, 0, 0, 0, 0, 0, 0, 1, 1, 1, 1, 1, 1, 1, 1, 1, 1, 1, 1, 1, 1, 1, 1, 1, 1, 1, 1]"
20511112_gab,milton is a kike lover who pretends to be against communism when he promotes degeneracy,hatespeech,"[0, 0, 0, 1, 0, 0, 0, 0, 0, 0, 0, 0, 0, 0, 1]"
16098694_gab,spic face gutierrez is talking right now i have had dogs as pets that were smarter than this piece of fucking spic shit,hatespeech,"[1, 1, 1, 0, 0, 0, 0, 0, 0, 0, 0, 0, 0, 0, 0, 0, 0, 0, 0, 0, 1, 1, 1]"
1178963188441739264_twitter,men have had these conversations with countless women but they never learn because they have not listened to the labor of those women they have not changed after being asked again and again,normal,"[0, 0, 0, 0, 0, 0, 0, 0, 0, 0, 0, 0, 0, 0, 0, 0, 0, 0, 0, 0, 0, 0, 0, 0, 0, 0, 0, 0, 0, 0, 0, 0, 0]"
2984501_gab,<user> conversano seen by some as controlled opposition advocates frontal clash risks civil war whereas the french white population has no weapons contrary to the heavily armed ghettos good idea,offensive,"[0, 0, 0, 0, 0, 0, 0, 0, 0, 0, 0, 0, 0, 0, 0, 0, 0, 0, 0, 0, 0, 0, 1, 1, 1, 1, 1, 1, 0, 0]"
1144477259425730560_twitter,<user> there were also no mentions of the threats immigrants present to citizens screw israel,offensive,"[0, 0, 0, 0, 0, 0, 0, 0, 0, 0, 0, 0, 0, 1, 1]"
17016310_gab,not once have you refuted my arguments you ran from the debate like the faggot you are i stole your dinner money gave you a wedgie and stuffed you in your own locker 🐸,offensive,"[0, 0, 0, 0, 0, 0, 0, 0, 0, 0, 0, 0, 0, 0, 1, 0, 0, 0, 1, 1, 1, 1, 1, 1, 1, 1, 0, 1, 1, 1, 1, 1, 1, 0]"
26460479_gab,no be better is the advice from the conservatively loved first lady can not be a slut if you have never had sex btw,offensive,"[1, 1, 1, 1, 1, 1, 1, 1, 1, 1, 1, 1, 1, 1, 1, 1, 1, 1, 1, 1, 1, 1, 1, 1]"
16335394_gab,the rape upon these women are violence and horrific if only they could have a knife on them act brave toward their abuser and stay calm then strike them when they least expect it these savages deserve no less,normal,"[0, 0, 0, 0, 0, 0, 0, 0, 0, 0, 0, 0, 0, 0, 0, 0, 0, 0, 0, 0, 0, 0, 0, 0, 0, 0, 0, 0, 0, 0, 0, 0, 0, 0, 0, 0, 0, 0, 0]"
17553164_gab,even calls them black out of respect for her nigger gods,hatespeech,"[0, 0, 0, 0, 0, 0, 0, 0, 0, 1, 0]"
15152821_gab,issue is not just islam non white immigration is an issue as whole non moslem black brown is as vile and violent rapist thieff thug as moslem ones are only difference is they do not engage in terror attacks yet issue is racial non whites have no place in white lands period,hatespeech,"[0, 0, 0, 0, 0, 1, 1, 1, 1, 1, 1, 1, 1, 1, 1, 1, 1, 1, 1, 1, 1, 1, 1, 1, 1, 1, 1, 1, 1, 0, 0, 0, 0, 0, 0, 0, 0, 0, 0, 0, 0, 0, 0, 1, 1, 1, 1, 1, 1, 1, 1, 0]"
9389450_gab,seems ellison was not the first mudslime in congress amash was and is ellison cohert to destroy america,hatespeech,"[0, 0, 0, 0, 0, 0, 1, 0, 0, 0, 0, 0, 0, 0, 0, 0, 1, 1]"
1077260697376038912_twitter,<user> ashkenazi jewish folks are literally yt,normal,"[0, 0, 0, 0, 0, 0, 0]"
15445326_gab,bitcoin and islam is the same shit gehirnwäsche fangt an zu denken,hatespeech,"[1, 1, 1, 1, 1, 1, 1, 0, 0, 0, 0, 0]"
13529737_gab,nigger thinks there is absolute freedom maybe relatively speaking for billionaires but otherwise no especially for nappy haired ghetto groids,hatespeech,"[1, 1, 1, 1, 1, 1, 0, 0, 0, 0, 0, 0, 0, 0, 1, 1, 1, 1, 1, 1]"
1094841391946059778_twitter,ew faggots no offense no more necessary i might run a cuck nigger im black man forgot rob to be seen machine girl watch,offensive,"[1, 1, 0, 0, 0, 0, 0, 0, 0, 0, 0, 1, 1, 0, 1, 1, 0, 0, 0, 0, 0, 0, 0, 0]"
1246699062335655936_twitter,the singularity already happened retard where do you think you even came from,offensive,"[0, 0, 0, 0, 1, 0, 0, 0, 0, 0, 0, 0, 0]"
3949269_gab,<user> forgot to tell you my favorite food is italian food do you make canoles it sad what happening over there with the refugees,normal,"[0, 0, 0, 0, 0, 0, 0, 0, 0, 0, 0, 0, 0, 0, 0, 0, 0, 0, 0, 0, 0, 0, 0, 0]"
24337479_gab,sergei the faggot would prefer the nsdap had not burned gay pornography and books on transgender theory,hatespeech,"[1, 1, 1, 1, 1, 1, 1, 1, 1, 1, 1, 1, 1, 1, 1, 1, 1]"
1178783322148876289_twitter,kpop fans gonna switch like faggots when the full mv drops like they always do yall stay tryna be different nn,offensive,"[0, 0, 0, 0, 0, 1, 0, 0, 0, 0, 0, 0, 0, 0, 0, 0, 0, 0, 0, 0, 0]"
14022755_gab,insinuating that i am the retard whilst claiming to be in the alt right whilst shilling for jews and faggots nice whole new levels of retard have been achieved with this one,offensive,"[0, 0, 0, 0, 0, 1, 0, 0, 0, 0, 0, 0, 0, 0, 0, 1, 1, 1, 1, 1, 0, 0, 0, 0, 0, 1, 0, 0, 0, 0, 0, 0]"
17664393_gab,en zo is dar die taqqiya moslim moet gewoon oprottn naar marokko,normal,"[0, 0, 0, 0, 0, 0, 0, 0, 0, 0, 0, 0]"
10723000_gab,shut up goatfucker shitbag and answer the question who killed <number> black babies last year the kk or planned parenthood,offensive,"[1, 1, 1, 1, 0, 0, 0, 0, 0, 1, 1, 1, 1, 1, 1, 1, 1, 1, 1, 1]"
17081882_gab,why not a safety area for our muslim friends and their jewish enablers,offensive,"[0, 0, 0, 0, 0, 0, 0, 0, 0, 0, 0, 1, 1]"
1179018870461329408_twitter,how to kill yourself without actually killing yourself,normal,"[0, 0, 0, 0, 0, 0, 0, 0]"
17181350_gab,kenyun paki at <number>,normal,"[0, 0, 0, 0]"
1178817883595558912_twitter,<user> well fuck you too hoe,normal,"[0, 0, 0, 0, 0, 0]"
17138988_gab,wow go figure once again the placed crowd at new year rockin eve is mainly chinks niggers beaners muslims kikes dykes faggots and chicks with dicks,hatespeech,"[0, 0, 0, 0, 0, 0, 0, 0, 0, 0, 0, 0, 0, 0, 0, 1, 1, 1, 1, 1, 1, 1, 1, 1, 1, 1]"
27300415_gab,if anyone looks at them yes by the way that was a backpedal originally quote was suppressed revealing that the intent is to crush replies down into an easily ignored ghetto under the big brand posts,normal,"[0, 0, 0, 0, 0, 0, 0, 0, 0, 0, 0, 0, 0, 0, 0, 0, 0, 0, 0, 0, 0, 0, 0, 0, 0, 0, 0, 0, 0, 0, 0, 0, 0, 0, 0, 0]"
1178853359819866113_twitter,<user> yeah can not really pretend you are not a bigot when your both sides are bad poem does not say shit about the rise in white supremacist violence and hate crimes but goes out of its way to paint outrage and accusations of false racism as the real problem,normal,"[0, 0, 0, 0, 0, 0, 0, 0, 0, 0, 0, 0, 0, 0, 0, 0, 0, 0, 0, 0, 0, 0, 0, 0, 0, 0, 0, 0, 0, 0, 0, 0, 0, 0, 0, 0, 0, 0, 0, 0, 0, 0, 0, 0, 0, 0, 0, 0, 0, 0]"
18661129_gab,barry o <number> with crazy mohammedan louie farakhan rubbing elbows with the guys that openly say they want to kill all white people and enslave the world,normal,"[0, 0, 0, 0, 0, 0, 0, 0, 0, 0, 0, 0, 0, 0, 0, 0, 0, 0, 0, 0, 0, 0, 0, 0, 0, 0, 0]"
18382683_gab,<user> you definitely get the scarlett johansson award for removing the fugly kike proboscis and replacing it with an aesthetically pleasant caucasian nose without the aid of cosmetic surgery it almost as if you are trying to hide something,hatespeech,"[0, 0, 0, 0, 0, 0, 0, 0, 0, 0, 0, 1, 1, 1, 0, 0, 0, 0, 0, 0, 0, 0, 0, 0, 0, 0, 0, 0, 0, 0, 0, 0, 0, 0, 0, 0, 0, 0, 0]"
22055036_gab,remember <user> ‍ this nigger is one of your american nationalists and he calling you a fed lol burgerwars,hatespeech,"[0, 0, 0, 0, 1, 0, 0, 0, 0, 0, 0, 0, 0, 0, 0, 0, 0, 0, 0]"
8280174_gab,kike was a term german jews used on eastern european jews that flooded in from russia and poland during the vicious pogroms of the late 1 9 th century when many german jews fled the third reich they brought the term here the origin of goat fucker is obvious,normal,"[0, 0, 0, 0, 0, 0, 0, 0, 0, 0, 0, 0, 0, 0, 0, 0, 0, 0, 0, 0, 0, 0, 0, 0, 0, 0, 0, 0, 0, 0, 0, 0, 0, 0, 0, 0, 0, 0, 0, 0, 0, 0, 0, 0, 0, 0, 0, 0, 0]"
21092381_gab,when i see usernames like jill kews or people posting pictures of violence against black civil rights marchers on here i know they are neo bolshevicks here to piss in the well that is and will continue to be a problem with rightist spaces,normal,"[0, 0, 0, 0, 0, 0, 0, 0, 0, 0, 0, 0, 0, 0, 0, 0, 0, 0, 0, 0, 0, 0, 0, 0, 0, 0, 0, 0, 0, 0, 0, 0, 0, 0, 0, 0, 0, 0, 0, 0, 0, 0, 0, 0]"
7787743_gab,<user> hanging out kike moose nuts lol i gotta grin from ya,hatespeech,"[0, 0, 0, 1, 1, 1, 1, 0, 0, 0, 0, 0]"
12985498_gab,beta males and their feminist masters yammer on about the morality of sex being nice and how women are the real victims while mexican alpha breed them out of existence virtue signaling will not propagate your genes only subjugating women and putting buns in the oven early and often,offensive,"[1, 1, 1, 1, 1, 1, 0, 0, 0, 0, 0, 0, 0, 0, 0, 0, 0, 0, 0, 0, 0, 0, 0, 0, 0, 0, 0, 0, 0, 0, 0, 0, 0, 0, 0, 0, 0, 1, 1, 1, 1, 1, 1, 1, 1, 1, 1, 1, 1]"
1082124379624857600_twitter,gyu broke a caratbong and now his shoes are flying away from his feet dude,normal,"[0, 0, 0, 0, 0, 0, 0, 0, 0, 0, 0, 0, 0, 0, 0]"
13473447_gab,sorry tom you are wrong the qur an haddiths sanction rape mohammed himself raped many women including the <number> year old aisha he was poisoned by a jewess he had raped after murdering her husband the qur an encourages the rape of unbelievers it is the religion of satan,hatespeech,"[0, 0, 0, 0, 0, 1, 1, 1, 1, 1, 1, 1, 1, 1, 1, 1, 1, 1, 1, 1, 1, 1, 1, 1, 1, 1, 1, 1, 1, 1, 1, 1, 1, 1, 1, 1, 1, 1, 1, 1, 1, 1, 1, 0, 0, 0, 0, 0, 0]"
27648579_gab,why go to a movie to watch women steal just spend a couple of hours in family court system,offensive,"[1, 1, 1, 1, 1, 1, 1, 1, 1, 1, 1, 1, 1, 1, 1, 1, 1, 1, 1]"
1096719635175690240_twitter,chicago annual illegal alien related expenses are <number> million and their annual annual deficit is <number> million you do the math,normal,"[0, 0, 0, 0, 0, 0, 0, 0, 0, 0, 0, 0, 0, 0, 0, 0, 0, 0, 0, 0, 0]"
18052581_gab,i hope president trump fills their seats with the families of those murdered by illegal aliens black folks are not going to be happy when they realize it their liberal and nigger leaders celebrities who been fucking them not whitey,hatespeech,"[0, 0, 0, 0, 0, 0, 0, 0, 0, 0, 0, 0, 0, 0, 1, 1, 0, 0, 0, 0, 0, 0, 0, 0, 0, 0, 0, 0, 0, 0, 0, 1, 0, 0, 0, 0, 0, 0, 0, 0]"
1178495639035895813_twitter,my brother calls me versace sensei for some reason and everyone thinks i am some weird bitch when he screams it to me,normal,"[0, 0, 0, 0, 0, 0, 0, 0, 0, 0, 0, 0, 0, 0, 0, 0, 0, 0, 0, 0, 0, 0, 0]"
26941009_gab,another muslim terrorist attack dodged,normal,"[0, 0, 0, 0, 0]"
25945236_gab,there can be no world peace until the last muslim has been removed from the earth,hatespeech,"[1, 1, 1, 1, 1, 1, 1, 1, 1, 1, 1, 1, 1, 1, 1, 1]"
1103783031482081286_twitter,oomf just said i shouldn ’ t joke about being homophobic first of all it ’ not a joke fuck gays 😂 😴,offensive,"[0, 0, 0, 0, 0, 0, 0, 0, 0, 0, 1, 0, 0, 0, 0, 0, 0, 0, 0, 1, 1, 1, 0]"
1179047123351937024_twitter,<user> <user> <user> how ironic islam treats women as property they just legalized marrying ur daughter in iran which is a muslim country,normal,"[0, 0, 0, 0, 0, 0, 0, 0, 0, 0, 0, 0, 0, 0, 0, 0, 0, 0, 0, 0, 0, 0, 0]"
1179005517806686208_twitter,i literally told them to walk their ass around the court like why tf you trying to walk in the middle of the court just to leave the gym then the white bitch had the nerves to keep looking at me like she had a problem,normal,"[0, 0, 0, 0, 0, 0, 0, 0, 0, 0, 0, 0, 0, 0, 0, 0, 0, 0, 0, 0, 0, 0, 0, 0, 0, 0, 0, 0, 0, 0, 0, 1, 1, 0, 0, 0, 0, 0, 0, 0, 0, 0, 0, 0, 0, 0]"
18465892_gab,there is no such thing as trans it is called queer or freak,offensive,"[0, 0, 0, 0, 0, 0, 1, 0, 0, 0, 0, 0, 0]"
26010473_gab,when you cannot deny that the democrats are going above board for illegal immigrants and non humans do not think compassion think votes,normal,"[0, 0, 0, 0, 0, 0, 0, 0, 0, 0, 0, 0, 1, 1, 1, 1, 1, 1, 1, 1, 1, 0, 0]"
1116760942052663296_twitter,<user> thank you for hiding my notifications you living human garbage you communist nazi,offensive,"[0, 0, 0, 0, 0, 0, 0, 0, 0, 0, 0, 0, 1, 1]"
1178427236686409728_twitter,<user> <user> whites evil white privilege men evil toxic masculinity citizens evil do not use the term illegal alien,normal,"[0, 0, 0, 0, 0, 0, 0, 0, 0, 0, 0, 0, 0, 0, 0, 0, 0, 0, 0]"
26107063_gab,that nigger loving ginger is a disgrace to the great kings and queens of england who would never have tolerate a nigger in the royal family,offensive,"[0, 1, 1, 1, 0, 0, 0, 0, 0, 0, 0, 0, 0, 0, 0, 0, 0, 0, 0, 0, 0, 1, 0, 0, 0, 0]"
18388582_gab,as the only white man on earth who can actually think you can imagine how painful everyday life in this miserablist of all jewtopias is for me sharemypain,offensive,"[0, 0, 1, 1, 1, 1, 1, 1, 1, 1, 1, 0, 0, 0, 0, 0, 0, 0, 0, 0, 1, 1, 1, 1, 1, 1, 1, 0]"
8919424_gab,this story makes me consider the white suicide vs white genocide memes our situation is similar it is white auto genocide in a way we have not been physically conquered and forced into these policies at gunpoint but we are doing it because of constant malicious suggestions by outside groups,normal,"[0, 0, 0, 0, 0, 0, 0, 0, 0, 0, 0, 0, 0, 0, 0, 0, 0, 0, 0, 0, 0, 0, 0, 0, 0, 0, 0, 0, 0, 0, 0, 0, 0, 0, 0, 0, 0, 0, 0, 0, 0, 0, 0, 0, 0, 0, 0, 0, 0, 0]"
22928931_gab,dumb dumb the nt explicitly tells us that jewish blood does not give them any special favor with god after christ and that jews who refuse to follow jesus are of the devil,offensive,"[1, 1, 0, 0, 0, 0, 0, 0, 1, 0, 0, 0, 0, 0, 0, 0, 0, 0, 0, 0, 0, 0, 0, 0, 0, 0, 0, 0, 0, 0, 0, 0, 1]"
20317918_gab,that nigress must be a soy farmer,hatespeech,"[0, 1, 0, 0, 0, 0, 0]"
1179035080301240322_twitter,<user> not this man clocking your chicken legs with the white womens walking shoe 😭 he did not come to date he came to read,normal,"[0, 0, 0, 0, 0, 0, 0, 0, 0, 0, 0, 0, 0, 0, 0, 0, 0, 0, 0, 0, 0, 0, 0, 0, 0]"
16866274_gab,you conservative faggots have not conserved anything enjoy your niglet grandchildren,hatespeech,"[0, 1, 1, 0, 0, 0, 0, 0, 0, 1, 0]"
1179105233449996290_twitter,<user> there are three very real victims of a hate crime here all three are white boys call it out,normal,"[0, 0, 0, 0, 0, 0, 0, 0, 0, 0, 0, 0, 0, 0, 0, 0, 0, 0, 0, 0]"
19560803_gab,<number> strawman <number> strawman <number> blacks voted <percent> democrat in <number> hispanics and asians both <percent> jewish <percent> muzzies <percent>,offensive,"[0, 0, 0, 0, 0, 0, 0, 0, 0, 0, 0, 0, 0, 0, 0, 0, 0, 0, 1, 1]"
1246071447644143617_twitter,lol now im worried i will post my dressing up as bts albums pics and someone is gonna bash me for being muslim and posting my outfit,offensive,"[0, 0, 0, 0, 0, 0, 0, 0, 0, 0, 0, 0, 0, 0, 0, 0, 0, 0, 1, 1, 1, 1, 1, 0, 0, 0, 0]"
27305748_gab,some spick kids scratched my parents car today and for whatever reason i did not call the cops and just scared them away,offensive,"[0, 1, 1, 0, 0, 0, 0, 0, 0, 0, 0, 0, 0, 0, 0, 0, 0, 0, 0, 0, 0, 0, 0]"
17220078_gab,i think you are dreaming to an extent you are right but we have only dealt with a tiny minority of asians to date do not forget what the chinese did to their own people in the mao cultural revolution mainland chinese are a rapacious materialistic people that only respect money,offensive,"[0, 0, 0, 0, 0, 0, 0, 0, 0, 0, 0, 0, 0, 0, 0, 0, 0, 0, 0, 0, 0, 0, 0, 0, 0, 0, 0, 0, 0, 0, 0, 0, 0, 0, 0, 0, 0, 0, 0, 0, 1, 1, 1, 1, 1, 1, 1, 1, 1, 1, 1]"
7776491_gab,kidd is a formal name for a baby goat and nsfmw means not safe for muslim work,offensive,"[1, 1, 1, 1, 1, 1, 1, 1, 1, 0, 0, 0, 1, 1, 1, 1, 1]"
1179098577286696960_twitter,<user> <user> it at my house but you can pull it out of my dead white girl wasted hands,normal,"[0, 0, 0, 0, 0, 0, 0, 0, 0, 0, 0, 0, 0, 0, 0, 0, 0, 0, 0]"
13699384_gab,his thing is retarded and un american,offensive,"[1, 1, 1, 1, 1, 1, 1]"
15769087_gab,shut your filthy mouth kike,hatespeech,"[1, 1, 1, 1, 1]"
1130851794433658880_twitter,so apparently tornadoes on the isle of white is the wrong answer erm what aqageography,normal,"[0, 0, 0, 0, 0, 0, 0, 0, 0, 0, 0, 0, 0, 0, 0]"
15914970_gab,i am here and i am not queer so too bad for the internet then,normal,"[0, 0, 0, 0, 0, 0, 0, 0, 0, 0, 0, 0, 0, 0, 0]"
1179008776369778689_twitter,<user> nearly every white cis male gay man i have met has been low key racist and conservative i can not help but think that so many wars for queer rights were won because white men wanted them,normal,"[0, 0, 0, 0, 0, 0, 0, 0, 0, 0, 0, 0, 0, 0, 0, 0, 0, 0, 0, 0, 0, 0, 0, 0, 0, 0, 0, 0, 0, 0, 0, 0, 0, 0, 0, 0, 0, 0]"
1179082549617930240_twitter,<user> <user> what an idiotic comment white people are not using these asians to sue harvard the asians are suing on their own initiative hypocrite hari also known as the neckless one is trying to insidiously scapegoat white people in his anti white bigotry,normal,"[0, 0, 0, 0, 0, 0, 0, 0, 0, 0, 0, 0, 0, 0, 0, 0, 0, 0, 0, 0, 0, 0, 0, 0, 0, 0, 0, 0, 0, 0, 0, 0, 0, 0, 0, 0, 0, 0, 0, 0, 0, 0, 0, 0]"
12761562_gab,in a robotic voice israel is our greatest ally they totally do not just take billions of our tax dollars and do nothing in return but drag us into sand nigger wars dradles and yamakas are neat,normal,"[0, 0, 0, 0, 0, 0, 0, 0, 0, 0, 0, 0, 0, 0, 0, 0, 0, 0, 0, 0, 0, 0, 0, 0, 0, 0, 0, 0, 0, 0, 0, 0, 0, 0, 0, 0, 0]"
5831102_gab,i am a metro kc resident none of this is on any <number> of kc media stations i also got my bachelors from umkc and was the mascot umkc is in the ghetto anyway would not be surprised if there more of this,normal,"[0, 0, 0, 0, 0, 0, 0, 0, 0, 0, 0, 0, 0, 0, 0, 0, 0, 0, 0, 0, 0, 0, 0, 0, 0, 0, 0, 0, 1, 1, 1, 1, 1, 1, 0, 0, 0, 0, 0, 0, 0, 0, 0]"
1178776670234243072_twitter,<user> <user> you sound like a faggot,hatespeech,"[0, 0, 0, 1, 1, 1, 1]"
14896755_gab,and he was given a traditional moslem sea burial,normal,"[0, 0, 0, 0, 0, 0, 0, 0, 0]"
22808348_gab,music <number> years later and this record still sounds fucking awfull fuck manchester manchester raped the globe with this pish,normal,"[0, 0, 0, 0, 0, 0, 0, 0, 0, 1, 1, 1, 0, 1, 1, 0, 0, 0, 0, 0]"
1094758797673938944_twitter,<user> i ’ m not playing he ghetto as shit 😂 then why around there 💀,normal,"[0, 0, 0, 0, 0, 0, 0, 0, 0, 0, 0, 0, 0, 0, 0, 0]"
13535328_gab,no they did not you are a retarded faggot caseclosed,offensive,"[0, 0, 0, 0, 1, 1, 1, 1, 1, 0]"
1179104320257757184_twitter,<user> bro its cod bruh still wack imagine playin cod on fingers lmao shit is retarded,normal,"[0, 0, 0, 0, 0, 0, 0, 0, 0, 0, 0, 0, 0, 0, 0, 0]"
19429874_gab,this is fucking disgusting it time to send all the sand niggers back to the middle east then nuke it and if that offends you too fuckin bad,offensive,"[1, 1, 1, 1, 1, 1, 1, 1, 1, 1, 1, 1, 1, 1, 1, 1, 1, 1, 1, 1, 1, 1, 1, 1, 1, 1, 1, 1]"
1531846_gab,<user> it was never about the eu it about european countries who are affected by african and moslem refugees and who will do something,normal,"[0, 0, 0, 0, 0, 0, 0, 0, 0, 0, 0, 0, 0, 0, 0, 0, 0, 0, 0, 0, 0, 0, 0, 0]"
1192186972481236997_twitter,<user> you don ’ t see whoever that is commenting on my shit 😭 😭 i can ’ t even see the retweet or responses tho,normal,"[0, 0, 0, 0, 0, 0, 0, 0, 0, 0, 0, 0, 0, 0, 0, 0, 0, 0, 0, 0, 0, 0, 0, 0, 0, 0]"
1179088766624878592_twitter,<user> btw i need numbers people all my friends left my fat white ass,normal,"[0, 0, 0, 0, 0, 0, 0, 0, 0, 0, 0, 0, 0, 0]"
11561381_gab,in the past hour i have seen two leftists make two remarkably stupid claims anyone with access to google and five minutes could debunk a that houston is full of nazis so they deserve the storm b the level of violence nazis committed in the 2 0 th century was unprecedented,normal,"[0, 0, 0, 0, 0, 0, 0, 0, 0, 0, 0, 0, 0, 0, 0, 0, 0, 0, 0, 0, 0, 0, 0, 0, 0, 0, 0, 0, 0, 0, 0, 0, 0, 0, 0, 0, 0, 0, 0, 0, 0, 0, 0, 0, 0, 0, 0, 0, 0, 0, 0]"
1178972194363363328_twitter,she was subjected to rape threats which police never investigated when this happens to female mps it trending news,normal,"[0, 0, 0, 0, 0, 0, 0, 0, 0, 0, 0, 0, 0, 0, 0, 0, 0, 0, 0]"
1205883388311359496_twitter,<user> what if the illegal immigrants are hindus,normal,"[0, 0, 0, 0, 0, 0, 0, 0]"
23300157_gab,life under nigger <number> iq rule,hatespeech,"[0, 0, 1, 1, 1, 0]"
1179053847446093826_twitter,from me to me fuck you nobody care about you you meant to be alone go kill yourself,normal,"[0, 0, 0, 0, 0, 0, 0, 0, 0, 0, 0, 0, 0, 0, 0, 0, 0, 0]"
1143192346974183426_twitter,big boory hoes for jinyoung and big tiddies hoes for jaebeom,offensive,"[1, 1, 1, 0, 0, 0, 1, 1, 1, 0, 0]"
13518887_gab,well the ones who watch that dyke ellen are pretty fucking dumb,offensive,"[0, 0, 0, 0, 0, 0, 1, 0, 0, 0, 0, 0]"
27900902_gab,trump democrats do not care about the impact of uncontrolled migration on your communities your schools your hospitals your jobs and your safety democrats put illegal immigrants before they put american citizens,normal,"[0, 0, 0, 0, 0, 0, 0, 0, 0, 0, 0, 0, 0, 0, 0, 0, 0, 0, 0, 0, 0, 0, 0, 0, 0, 0, 0, 0, 0, 0, 0, 0]"
1166514732859191297_twitter,tw asians to the girl that made fun of me for having small eyes it ’ funny how your dog disappeared the day after bethany 🥢,offensive,"[0, 1, 0, 0, 0, 0, 0, 0, 0, 0, 0, 1, 1, 1, 0, 0, 1, 1, 1, 1, 1, 1, 0, 0, 0, 0]"
12321491_gab,i would not trust a nigger to clean my toilet let alone care for my child,hatespeech,"[1, 1, 1, 1, 1, 1, 1, 1, 1, 1, 0, 0, 0, 0, 0, 0]"
10842673_gab,all people deserve to believe in their heritage the line is crossed with violence and destruction for the only moral reason for govt to exist is the protection of rights property and person no more demonization,normal,"[0, 0, 0, 0, 0, 0, 0, 0, 0, 0, 0, 0, 0, 0, 0, 0, 0, 0, 0, 0, 0, 0, 0, 0, 0, 0, 0, 0, 0, 0, 0, 0, 0, 0, 0, 0]"
1206439074879414272_twitter,<user> <user> there is a reason some states are majority retard and if given the choice they would build farms or malls over them,normal,"[0, 0, 0, 0, 0, 0, 0, 0, 0, 0, 0, 0, 0, 0, 0, 0, 0, 0, 0, 0, 0, 0, 0, 0]"
1108098060138229761_twitter,<user> he is not a news anchor he is a suck up to d trump maybe even secret gay lovers,normal,"[0, 0, 0, 0, 0, 0, 0, 0, 0, 0, 0, 0, 0, 0, 0, 0, 0, 0, 0, 0]"
1257676017268920321_twitter,<user> it ’ bamya in writing but some people still say banya bc so many grown arabs say it so i mean 🌚,normal,"[0, 0, 0, 0, 0, 0, 0, 0, 0, 0, 0, 0, 0, 0, 0, 0, 0, 0, 0, 0, 0, 0, 0]"
1258834932811665408_twitter,<user> i swear lee min ho will successfully turn me gayy 😪 😪 💔 💔,normal,"[0, 0, 0, 0, 0, 0, 0, 0, 0, 0, 0, 0, 0, 0, 0]"
1186061543819173889_twitter,massage parlor old lady underwear domina sub big black dick pics nice sex doll,normal,"[0, 0, 0, 0, 0, 0, 0, 0, 0, 0, 0, 0, 0, 0]"
5941126_gab,some feminists say that women work harder than men for less pay reward so instead of taking the day off would not it make more sense to emphasize the point by working later than usual say <number> pm,normal,"[0, 0, 0, 0, 0, 0, 0, 0, 0, 0, 0, 0, 0, 0, 0, 0, 0, 0, 0, 0, 0, 0, 0, 0, 0, 0, 0, 0, 0, 0, 0, 0, 0, 0, 0, 0, 0, 0]"
22203969_gab,i do not have a problem with this the beaners are always shooting and throwing rocks at bp agents from spicland fuck off beaners build the fucking wall trump,hatespeech,"[0, 0, 0, 0, 0, 0, 0, 0, 0, 1, 0, 0, 0, 0, 0, 0, 0, 0, 0, 0, 1, 1, 1, 1, 1, 1, 1, 1, 0]"
1078682709948620800_twitter,women love tellin she ’ half amp half i ’ ll tell you who is tho 😂 😭 😂 😭 😂,offensive,"[1, 0, 0, 0, 0, 1, 1, 0, 0, 0, 0, 0, 0, 0, 0, 0, 0, 0, 0, 0, 0]"
8123704_gab,jim_jordan we want premiums to come down for middle class and working class families me too and illegals out welfare bums get off your asses get a job and pay your own damn way no refugees,hatespeech,"[1, 1, 1, 1, 1, 1, 1, 1, 1, 1, 1, 1, 1, 1, 1, 1, 1, 1, 1, 1, 1, 1, 1, 1, 1, 1, 1, 1, 1, 1, 1, 1, 1, 1, 1, 1]"
27162365_gab,i did not know drawings specifically designed for adults would hurt children if anything i am staying away from kids for sure it okay to admit that lolis are better than 3 d women like you in every way and you feel inferior intimidated by it,normal,"[0, 0, 0, 0, 0, 0, 0, 0, 0, 0, 0, 0, 0, 0, 0, 0, 0, 0, 0, 0, 0, 0, 0, 0, 0, 0, 0, 1, 1, 1, 1, 1, 1, 1, 1, 1, 1, 1, 1, 1, 1, 1, 1, 1, 1, 1]"
26224458_gab,mgtow reeks of kike subversion if you subscribe to that idea you are playing into their hand you are rejecting natural law and giving up on the biological goal of your existence you are giving up on your race and nation sort your life out or swallow a shotgun blast,hatespeech,"[1, 0, 0, 1, 0, 0, 0, 0, 0, 0, 0, 0, 0, 0, 0, 0, 0, 0, 0, 0, 0, 0, 0, 0, 0, 0, 0, 0, 0, 0, 0, 0, 0, 0, 0, 0, 0, 0, 0, 0, 0, 0, 0, 0, 0, 0, 0, 0, 0, 0]"
18231369_gab,fascism makes the goyim rich communism make the jews rich that why capitalists who want that wealth spreads with equality among youth again through the gold standard are vilified as fascists by the jews the czars of russia were the last defenders of evil fascism,hatespeech,"[0, 0, 0, 1, 0, 0, 0, 0, 1, 0, 0, 0, 0, 0, 0, 0, 0, 0, 0, 0, 0, 0, 0, 0, 0, 0, 0, 0, 1, 1, 1, 1, 1, 1, 0, 1, 1, 1, 1, 1, 1, 1, 1, 1, 1]"
23627866_gab,funny how they bring in millions of ragheads and then bitch about anti kike sentiments,hatespeech,"[1, 1, 1, 1, 1, 1, 1, 1, 1, 1, 1, 1, 1, 1, 1]"
1189567918465605632_twitter,this is my last year being gay,offensive,"[0, 0, 0, 0, 0, 0, 1]"
1260448846041227264_twitter,ghetto how i ’ m not cuddling and receiving kisses rn 🥱,normal,"[0, 0, 0, 0, 0, 0, 0, 0, 0, 0, 0, 0]"
22293015_gab,joe biden own words are proof that the left resorts to violence when they do not like something said by others that the tolerant left for you from a legal standpoint nonthreatening words are never justification for assault battery,normal,"[0, 0, 0, 0, 0, 0, 0, 0, 0, 0, 0, 0, 0, 0, 0, 0, 0, 0, 0, 0, 0, 0, 0, 0, 0, 0, 0, 0, 0, 0, 0, 0, 0, 0, 0, 0, 0, 0, 0]"
19324692_gab,just a part of their victimhood narrative the only target of anger should be their own in wakanda who sold them to the jews and arabs really they need to be repatriated by force no exceptions even dr carson,hatespeech,"[1, 1, 1, 1, 1, 1, 1, 1, 1, 1, 1, 1, 1, 1, 1, 1, 1, 1, 1, 1, 1, 1, 1, 1, 1, 1, 1, 1, 1, 1, 1, 1, 1, 1, 0, 0, 0, 0, 0]"
26434464_gab,loved 7 0 comedy you could say nigga paki and be lazy and chase women with big bristols and john and larry were the brighton element,offensive,"[0, 0, 0, 0, 0, 0, 0, 1, 1, 0, 0, 0, 0, 0, 0, 0, 0, 0, 0, 0, 0, 0, 0, 0, 0, 0]"
8686222_gab,niggers in tulsa on video saying fuck the police after a wild nigger mentally ill was killed by cops we do not want or need niggers in america quit using <number> niggers call black lives matter instead of <number> better yet leave america now you worthless pieces of shit,offensive,"[1, 1, 1, 1, 1, 1, 1, 1, 1, 1, 1, 1, 1, 1, 1, 1, 1, 1, 1, 1, 1, 1, 1, 1, 1, 1, 1, 1, 1, 1, 1, 1, 1, 1, 1, 1, 1, 1, 1, 1, 1, 1, 1, 1, 1, 1, 1, 1, 1]"
1162673479348563968_twitter,hell will freeze over before arabs arrive on time,offensive,"[0, 0, 0, 0, 0, 1, 1, 1, 1]"
1179003954455203840_twitter,i really fucking hate you i really genuenly fucking hate you,normal,"[0, 0, 0, 0, 0, 0, 0, 0, 0, 0, 0]"
1179066466081083393_twitter,when young thug said my bitch a virgo but she actin like a pisces i became a horoscope slut,normal,"[0, 0, 0, 0, 0, 0, 0, 0, 0, 0, 0, 0, 0, 0, 0, 0, 0, 0, 0]"
14439827_gab,bill clinton raped multiple women and lied under oath not a single democrat voted to remove him from office we refuse to accept their claimed moral authority and we will vote in our own interests as we see fit regardless of what lies the washington post chooses to print,normal,"[1, 1, 1, 1, 1, 1, 1, 1, 1, 0, 0, 0, 0, 0, 0, 0, 0, 0, 0, 0, 0, 0, 0, 0, 0, 0, 0, 0, 0, 0, 0, 0, 0, 0, 0, 0, 0, 0, 0, 0, 0, 0, 0, 0, 0, 0, 0, 0, 0]"
1118338491119742976_twitter,only in a sprite commercial can black people look retarded dancing,offensive,"[0, 0, 0, 0, 0, 1, 1, 1, 1, 1, 1]"
2408325_gab,how many refugees should be admitted to the united states if your answer was greater than zero we have got a problem immigration,offensive,"[1, 1, 1, 1, 1, 1, 1, 1, 1, 1, 1, 1, 1, 1, 1, 1, 1, 1, 1, 1, 1, 1, 0]"
8608996_gab,desert fox says <date> <number> at <time> what would you expect from the chicago ghetto people and the no clue major media love them because they are of the same caliber,offensive,"[0, 0, 0, 0, 0, 0, 0, 0, 1, 1, 1, 1, 1, 1, 1, 1, 0, 0, 0, 0, 0, 0, 0, 0, 0, 1, 1, 1, 1, 1, 1]"
1178428611151331328_twitter,<user> <user> sorry not true the white countries like sweden and german are practically ruled by gays and teach masterbation in kindergarten ffs whereas numerous black and muslim countries homosexuality is against the law and often the death penalty the culture in general is not pro gay,normal,"[0, 0, 0, 0, 0, 0, 0, 0, 0, 0, 0, 0, 0, 0, 0, 0, 0, 0, 0, 0, 0, 0, 0, 0, 0, 0, 0, 0, 0, 0, 0, 0, 0, 0, 0, 0, 0, 0, 0, 0, 0, 0, 0, 0, 0, 0, 0]"
1179054205589426182_twitter,what the fuck is sad boy hours you faggots,offensive,"[0, 0, 0, 0, 0, 0, 0, 0, 1]"
25250464_gab,mike enoch invented slurs to slander his own side the next time you get called a larper remember they have been gaslit by kike shills,hatespeech,"[0, 0, 0, 0, 0, 0, 0, 0, 0, 0, 0, 0, 0, 0, 0, 0, 0, 0, 0, 0, 0, 1, 1, 1, 1]"
26949881_gab,after trump appoints one or two more scotus members they may be able to find that gay marriage was not hidden in the constitution either,normal,"[0, 0, 0, 0, 0, 0, 0, 0, 0, 0, 0, 0, 0, 0, 0, 0, 0, 0, 0, 0, 0, 0, 0, 0, 0]"
1178664749971709952_twitter,niggas be fucking dykes talmbout yea she lemme kill that meanwhile she hit that nigga with the strap no ammo 🤣 🤣,hatespeech,"[1, 1, 1, 1, 0, 0, 0, 0, 0, 0, 0, 0, 0, 0, 0, 0, 0, 0, 0, 0, 0, 0]"
27370845_gab,you sound like a fucking kike,hatespeech,"[0, 0, 0, 0, 0, 1]"
1179089948865126407_twitter,tarique is a fucking idiot,normal,"[0, 0, 0, 0, 0]"
26539825_gab,little boys and little girls are being raped by pedophilles in the elite circles also muslims that why the pedophiles in the government support the muslims for they r pedophilles also sicko perverts,offensive,"[1, 1, 1, 1, 1, 1, 1, 1, 1, 1, 1, 1, 1, 1, 1, 1, 1, 1, 1, 1, 1, 1, 1, 1, 1, 1, 1, 1, 1, 1, 1, 1, 1]"
17940228_gab,lol i see you changed your picture so you can advocate mixing races while using the fellow white people line,normal,"[0, 0, 0, 0, 0, 0, 0, 0, 0, 0, 0, 0, 0, 0, 0, 0, 0, 0, 0, 0]"
6934426_gab,why are middle class white intellectual leftists so pleased a muslim was elected mayor of london does not that tell you how many muslims live in the nations capital and also self destructive indoctrinated english there are now multiculturalism has fractured my country and is not a strength sjw,offensive,"[1, 1, 1, 1, 1, 1, 1, 1, 1, 1, 1, 1, 1, 1, 1, 1, 1, 1, 1, 1, 1, 1, 1, 1, 1, 1, 1, 1, 1, 1, 1, 1, 1, 1, 1, 1, 1, 1, 1, 1, 1, 1, 1, 1, 1, 1, 1, 1, 1]"
1178686676639420417_twitter,i will say this training is anti harassment and it is basically a take down of white men feeling privileged,normal,"[0, 0, 0, 0, 0, 0, 0, 0, 0, 0, 0, 0, 0, 0, 0, 0, 0, 0, 0, 0]"
8725240_gab,holy fuck is gab filling up with moslem loving retards seems to be islam is terror islam is shit mohammed took it up the ass,hatespeech,"[0, 0, 0, 0, 0, 0, 0, 1, 1, 1, 0, 0, 0, 1, 1, 1, 1, 1, 1, 1, 1, 1, 1, 1, 1]"
1107467954059444224_twitter,<user> <user> nobody is going to hate you you are an awesome resistor,normal,"[0, 0, 0, 0, 0, 0, 0, 0, 0, 0, 0, 0, 0]"
1179105596840316928_twitter,<user> <user> <user> why is it never ever a white person getting killed why,normal,"[0, 0, 0, 0, 0, 0, 0, 0, 0, 0, 0, 0, 0, 0]"
1178943571400880128_twitter,<user> <user> <user> tells the world needs more love she ghosts her father and cuts him dead lol trailer trash at its worst,normal,"[0, 0, 0, 0, 0, 0, 0, 0, 0, 0, 0, 0, 0, 0, 0, 0, 0, 0, 1, 1, 0, 0, 0]"
1238867010752253958_twitter,this year so far has been ghetto,normal,"[0, 0, 0, 0, 0, 0, 0]"
1126143085652500481_twitter,my period is stopping me from being the muslim i wanted to be,normal,"[0, 0, 0, 0, 0, 0, 0, 0, 0, 0, 0, 0, 0]"
1075942935194099712_twitter,<number> of american women are overweight or obese — what the hell is going on in our country,offensive,"[0, 0, 1, 1, 1, 1, 1, 1, 0, 0, 0, 0, 0, 0, 0, 0, 0, 0]"
1179045266281783297_twitter,customer can you help me find a foundation for my skin type me yes of course i do not wear foundation anymore myself bu c can you get me someone who knows what they are talking about bitch i have tried half the foundations in this store i just do not wear foundation,normal,"[0, 0, 0, 0, 0, 0, 0, 0, 0, 0, 0, 0, 0, 0, 0, 0, 0, 0, 0, 0, 0, 0, 0, 0, 0, 0, 0, 0, 0, 0, 0, 0, 0, 0, 0, 0, 0, 0, 0, 0, 0, 0, 0, 0, 0, 0, 0, 0, 0, 0, 0, 0, 0]"
1178850691550453760_twitter,<user> — white girls i know they act ghetto so that how i describe them to me ghetto is a personality trait not a place it just who i am shit i call <user> ghetto,normal,"[0, 0, 0, 0, 0, 0, 0, 0, 0, 0, 0, 0, 0, 0, 0, 0, 0, 0, 0, 0, 0, 0, 0, 0, 0, 0, 0, 0, 0, 0, 0, 0, 0, 0, 0]"
1178849131445604353_twitter,<user> get this white ass shit,normal,"[0, 0, 0, 0, 0, 0]"
21189732_gab,this is islam,normal,"[0, 0, 0]"
1082480874527092737_twitter,nia can not do shit she can not even fall right what a dumb hoe,offensive,"[0, 0, 0, 0, 0, 0, 0, 0, 0, 0, 0, 0, 0, 0, 1]"
3425198_gab,being on some app store being some bigtech bitch can be banned anytime lose <number> of revenue long approval process in the best case do not progressive web apps being apple bitch,normal,"[0, 0, 0, 0, 0, 0, 0, 0, 0, 0, 0, 0, 0, 0, 0, 0, 0, 0, 0, 0, 0, 0, 0, 0, 0, 0, 0, 0, 0, 0, 0, 0]"
17885803_gab,they should be at work they are arabs,normal,"[0, 0, 0, 0, 0, 0, 0, 0]"
20766776_gab,<user> ‍ my sexy bitch,offensive,"[0, 0, 0, 1, 1]"
16014351_gab,that not the fuxking point you embicile even the small percentage of whites that practice islam are still prone to terrorism you denied ideology role saying there isnt an involvement when your fellow white converts are engaging in terrorism once they convert to islam,hatespeech,"[0, 0, 0, 0, 0, 0, 1, 1, 1, 1, 1, 1, 1, 1, 1, 1, 1, 1, 1, 1, 1, 0, 0, 0, 0, 0, 0, 0, 0, 0, 0, 0, 0, 1, 1, 1, 1, 1, 1, 0, 0, 0, 0, 0]"
1186126853330948096_twitter,today in shae can only tight kite in blackjack apparently,normal,"[0, 0, 0, 0, 0, 0, 0, 0, 0, 0]"
1178985339144196096_twitter,a flower does not love you or hate you it just exists – mike white fumiyasankai forytffjapan <user>,normal,"[0, 0, 0, 0, 0, 0, 0, 0, 0, 0, 0, 0, 0, 0, 0, 0, 0, 0]"
12313219_gab,i don t even know what you are talking about no violence,normal,"[0, 0, 0, 0, 0, 0, 0, 0, 0, 0, 0, 0]"
15990140_gab,all high level bolsheviks were <percent> kosher the only russians involved were low level muscle golden rule if a kike says it it will almost always be a lie,hatespeech,"[0, 0, 0, 0, 0, 0, 0, 0, 0, 0, 0, 0, 0, 0, 0, 0, 0, 1, 1, 1, 1, 1, 1, 1, 1, 1, 1, 1, 1]"
27713812_gab,the nigger mess gets bigger till the white man pulls the trigger,hatespeech,"[0, 1, 1, 0, 0, 0, 0, 1, 1, 1, 1, 1]"
1179055796262338560_twitter,to the mans who angrily but lovingly yelled get a helmet you fucking faggot at me yesterday you right and i love you,normal,"[0, 0, 0, 0, 0, 0, 0, 0, 0, 0, 0, 0, 0, 0, 0, 0, 0, 0, 0, 0, 0, 0, 0]"
1088064713664151554_twitter,davos is merely whitewashed economic gangsterism,normal,"[0, 0, 0, 0, 0, 0]"
1125215874581958656_twitter,bro arabs live in a mf desert and still got time to be racist lmao go drink some water or smth 😂 😂 😂,normal,"[0, 0, 0, 0, 0, 0, 0, 0, 0, 0, 0, 0, 0, 0, 0, 0, 0, 0, 0, 0, 0, 0, 0, 0]"
8533874_gab,fuck ramadan fuck moslems death 💀 be upon you you filthy stinking retarded fucks you stupid fucks wash your nasty balls fungus infested feet before you pray but never brush or floss your rotten teeth you smell like you have been eating shit sandwiches,hatespeech,"[1, 1, 1, 1, 1, 1, 1, 1, 1, 1, 1, 1, 1, 1, 0, 1, 1, 1, 1, 1, 1, 1, 0, 0, 0, 0, 0, 0, 0, 0, 0, 0, 0, 0, 0, 0, 1, 1, 1, 1, 1, 1, 1, 1]"
1179073691814125568_twitter,<user> <user> no fr like how tf do i block ppl on twitter cause this nigger always commenting on my shit and is aggravating,normal,"[0, 0, 0, 0, 0, 0, 0, 0, 0, 0, 0, 0, 0, 0, 0, 0, 0, 0, 0, 0, 0, 0, 0, 0]"
6653253_gab,if money was grown on trees women would be dating monkeys oh wait never mind,hatespeech,"[1, 1, 1, 1, 1, 1, 1, 1, 1, 1, 1, 1, 1, 1, 1]"
24887819_gab,dont try to follow me cunts i aint blind bitch faggot sandniggers,hatespeech,"[0, 0, 0, 0, 0, 1, 0, 0, 1, 1, 1, 1]"
1178610756574699521_twitter,<user> greta the psychotic retard,offensive,"[0, 0, 0, 1, 1]"
20151404_gab,he the faggot who goes on and on about people calling don lemon a nigger because trump said shithole,offensive,"[1, 1, 1, 1, 1, 1, 1, 1, 1, 1, 1, 1, 1, 1, 1, 1, 1, 1, 1]"
3334032_gab,<user> you have got to realize they do not go to muslim countries because they are not refugees they are the frontline foot soldiers of a terrorist army this is all part of their plan to conquor the world maga,offensive,"[0, 0, 0, 0, 0, 0, 0, 0, 0, 0, 0, 0, 0, 0, 0, 0, 0, 0, 1, 1, 1, 1, 1, 1, 1, 1, 1, 1, 1, 1, 1, 1, 1, 1, 1, 1, 1, 1, 1, 1]"
22193205_gab,i got <number> min into it the jews control the hierarchy through money manipulation ie he who has the gold makes the rules,offensive,"[0, 0, 0, 0, 0, 0, 0, 1, 0, 0, 0, 0, 1, 1, 0, 0, 0, 0, 0, 0, 0, 0, 0]"
23785295_gab,already millions looking at him saying he is a kike shill moron he out in <number>,hatespeech,"[0, 0, 0, 0, 0, 0, 0, 0, 1, 1, 1, 1, 0, 0, 0, 0]"
18804468_gab,irish joe mccarthy warned us decades ago about all the commies in govt <number> lotta satanists nazis queers and muslims in usa govt now,normal,"[0, 0, 0, 0, 0, 0, 0, 0, 0, 0, 0, 0, 0, 0, 0, 0, 0, 0, 0, 0, 0, 0, 0, 0]"
1178728995967291392_twitter,hot take asexuality is the absence or lack of a libido and is not inherently queer you can be ace and straight,normal,"[0, 0, 0, 0, 0, 0, 0, 0, 0, 0, 0, 0, 0, 0, 0, 0, 0, 0, 0, 0, 0, 0]"
14969295_gab,laura dirty bloomers loomer laura date me or i will tell the police you raped me loomer,offensive,"[0, 0, 0, 0, 0, 0, 0, 0, 0, 0, 1, 1, 1, 1, 1, 1, 0]"
15453243_gab,sung to the tune of the communist globalist hippy anthem imagine you may say that i am a beaner but i am not the only juan i hope someday you will join us and the world will be as juan,hatespeech,"[0, 0, 0, 0, 0, 0, 0, 0, 0, 0, 0, 0, 0, 0, 0, 0, 0, 0, 1, 0, 0, 0, 0, 0, 0, 1, 0, 0, 0, 0, 0, 0, 0, 0, 0, 0, 0, 0, 0, 1]"
1089693014132441088_twitter,a buddy cop show where one of them is a holocaust survivor and the other is a holocaust denier,normal,"[0, 0, 0, 0, 0, 0, 0, 0, 0, 0, 0, 0, 0, 0, 0, 0, 0, 0, 0]"
1206413758060519426_twitter,<user> zz boring tweet 😴 😴 😴 you wish to be my rap ass ghetto ass 🎤 🎤 🎤 🎤,offensive,"[0, 0, 0, 0, 0, 0, 0, 0, 0, 0, 0, 0, 1, 1, 1, 1, 0, 0, 0, 0]"
19022342_gab,one does not need stats all you need to know is that moslems are low iq mildly retarded savages,hatespeech,"[0, 0, 0, 0, 0, 1, 1, 1, 1, 1, 1, 1, 1, 1, 1, 1, 1, 1, 1]"
1251692662257827845_twitter,fetty wap my way still slaps 😎 😎 😎 if u disagree ya moms a hoe,normal,"[0, 0, 0, 0, 0, 0, 0, 0, 0, 0, 0, 0, 0, 0, 0, 0]"
3920705_gab,american ghetto trash is so determined to push the eroded we oppresed agenda that they appointed white rachel dolezar to be president of the naacp and uber white shaun king to be the face of the black lies matter scam swinglowersweetchariot,hatespeech,"[1, 1, 1, 0, 0, 0, 0, 0, 0, 0, 0, 0, 0, 0, 0, 0, 1, 1, 1, 0, 0, 0, 0, 0, 0, 0, 1, 1, 0, 0, 0, 0, 0, 0, 0, 0, 0, 0, 0, 1, 1]"
4622589_gab,she has yid and sandnigger blood irl she is quite manic overcompensating perhaps her first impacts with the wall are leaving her dazed and yiddy,offensive,"[1, 1, 1, 1, 1, 1, 0, 0, 0, 0, 0, 0, 1, 1, 1, 1, 1, 1, 1, 1, 1, 1, 1, 1, 1]"
4587670_gab,slav girls dance with traditional feminine grace american girls dance with enraged negress fury twerking buttocks like febrile she baboons in heat,offensive,"[0, 0, 0, 0, 0, 0, 0, 0, 0, 0, 0, 0, 1, 1, 0, 0, 0, 0, 1, 1, 0, 0]"
25924912_gab,i was banned off twitter for telling a fat dyke her tits looked like roadkill they refused my appeal too lol fuck twitter i do not need it,offensive,"[0, 0, 0, 0, 0, 0, 0, 1, 1, 1, 1, 1, 1, 1, 1, 0, 0, 0, 0, 0, 0, 0, 0, 0, 0, 0, 0, 0]"
1105884352616058883_twitter,i ’ m happy i came up around whites imagine being raised in the ghetto,normal,"[0, 0, 0, 0, 0, 0, 0, 0, 1, 0, 0, 1, 1, 1, 1]"
1215641843402203137_twitter,🤣 this so ghetto i ’ m ready to get tf,offensive,"[0, 1, 1, 1, 0, 0, 0, 0, 0, 0, 0]"
8271175_gab,<number> <number> child refugees in sweden are adults,normal,"[0, 0, 0, 0, 0, 0, 0, 0]"
10428925_gab,fuck off we have more than enough muzzies to deal with,hatespeech,"[0, 0, 1, 1, 1, 1, 1, 1, 1, 1, 1]"
1178933706511323136_twitter,see the bible is weird because there is cosmic horror but also a lot of god is my nice dad and god helps us kill all of our enemies for their sins of being our enemies,normal,"[0, 0, 0, 0, 0, 0, 0, 0, 0, 0, 0, 0, 0, 0, 0, 0, 0, 0, 0, 0, 0, 0, 0, 0, 0, 0, 0, 0, 0, 0, 0, 0, 0, 0, 0, 0]"
11252192_gab,meanwhile in the me goat resorts to drastic measures in attempt to flee raghead love,normal,"[0, 0, 0, 0, 0, 0, 0, 0, 0, 0, 0, 0, 0, 0, 0]"
18642993_gab,subscribe to my channel faggots <number> youtube com c drezekiel,offensive,"[0, 0, 0, 1, 1, 0, 0, 0, 0, 0]"
1179421734098878465_twitter,<user> the wrench and hammer are deep fake additions that chinazi pig came over ready to kill someone,offensive,"[0, 0, 0, 0, 0, 0, 0, 0, 0, 0, 1, 1, 0, 0, 0, 0, 1, 1]"
1178902367590342657_twitter,<user> <user> the police union and this rag head woman has the nerve to get angry with him for calling out that racist cop,normal,"[0, 0, 0, 0, 0, 0, 0, 0, 0, 0, 0, 0, 0, 0, 0, 0, 0, 0, 0, 0, 0, 0, 0, 0]"
18979487_gab,is luke ford on a mission to infiltrate the altright to prove his kike conversion bona fides,hatespeech,"[0, 0, 0, 0, 0, 0, 0, 0, 0, 0, 0, 0, 0, 1, 0, 0, 0]"
13351205_gab,another voat gem i think we should start shaming the pro diversity people that do not live in the middle of a ghetto like they are advocating,hatespeech,"[0, 0, 0, 0, 0, 0, 0, 0, 1, 1, 1, 1, 1, 0, 0, 0, 0, 0, 0, 0, 0, 0, 1, 0, 0, 0, 0]"
17910790_gab,yes he respects women and is totally not a repulsive shitskin super beta who has to badger women until he orgasms mpc status updates,normal,"[0, 0, 0, 0, 0, 0, 0, 0, 0, 1, 1, 1, 1, 0, 0, 0, 0, 0, 0, 0, 0, 0, 0, 0]"
5110218_gab,an observation the most anti gay men i know tend to be good with women either because they are players or they know how to keep their wives under their thumbs the most pro homo men i have known are either incels or stuck in relationships with bitchy ugly women who dominate them,offensive,"[0, 0, 1, 1, 1, 1, 1, 1, 1, 1, 1, 1, 1, 1, 1, 1, 1, 1, 1, 1, 1, 1, 1, 1, 1, 1, 1, 1, 1, 1, 1, 1, 1, 1, 1, 1, 1, 1, 1, 1, 1, 1, 1, 1, 1, 1, 1, 1, 1, 1, 1, 1, 1]"
24473478_gab,most bulldykes were just born ugly and have been rejected by men all their lives attractive or feminine lesbos were mostly raped or abused by men an ugly woman is a safe substitute for them,hatespeech,"[1, 1, 1, 1, 1, 1, 1, 1, 1, 1, 1, 1, 1, 1, 1, 1, 1, 1, 1, 1, 1, 1, 1, 1, 1, 1, 1, 1, 1, 1, 1, 1, 1, 1, 1]"
10431568_gab,remembering that this country was once an empire now england is a fucking moslem liberal run piece of shit country not fit for white people except those who want to be moslem slaves,hatespeech,"[0, 0, 0, 0, 0, 0, 0, 0, 0, 0, 0, 1, 1, 1, 0, 0, 1, 1, 1, 1, 1, 1, 1, 1, 1, 1, 1, 1, 1, 1, 1, 1, 1]"
14048204_gab,james woods <user> without immigration democrats would cease to exist anybody who has lived under democrat rule understands they actually have no platform neal boortz why do democrats fight merit based immigration because immigrants with merit are not likely to become democrats,normal,"[0, 0, 0, 0, 0, 0, 0, 0, 0, 0, 0, 0, 0, 0, 0, 0, 0, 0, 0, 0, 0, 0, 0, 0, 0, 0, 0, 0, 0, 0, 0, 0, 0, 0, 0, 0, 0, 0, 0, 0, 0, 0]"
1249008639051993090_twitter,<user> i his jews in my closet i ’ m a hero give me a follow,normal,"[0, 0, 0, 0, 0, 0, 0, 0, 0, 0, 0, 0, 0, 0, 0, 0]"
1145140813707583489_twitter,only in america are legal citizens labeled racists and nazi but illegal aliens are called dreamers,offensive,"[0, 0, 0, 0, 1, 1, 1, 1, 1, 1, 1, 1, 1, 1, 1, 1]"
6647002_gab,did you see many sand niggers in bulgaria i read a few days ago that about <number> muslims with turkey dual citizenship voted in the recent bulgaria elections they supported the losing side but it still a significant,hatespeech,"[0, 0, 0, 0, 1, 1, 1, 1, 0, 0, 0, 0, 0, 0, 0, 0, 1, 1, 1, 1, 1, 1, 1, 1, 1, 1, 1, 1, 0, 0, 0, 0, 0, 0, 0, 0, 0, 0]"
1178785944238841857_twitter,<user> <user> i mean that if you wanna get raped in price 🤷 ‍ ♂️ 🤷 ‍ ♂️ 🥶,normal,"[0, 0, 0, 0, 0, 0, 0, 0, 0, 0, 0, 0, 0, 0, 0, 0, 0, 0, 0]"
1169284201985843200_twitter,<user> no don ’ t mind belligerent retards,offensive,"[0, 0, 0, 0, 0, 0, 0, 1]"
21777048_gab,we are not offended by the counter semitism if you are not outraged by what elite jews are doing to white countries you are not paying attention,offensive,"[0, 0, 0, 0, 0, 0, 1, 1, 0, 0, 0, 0, 1, 0, 1, 1, 1, 0, 0, 0, 0, 0, 0, 0, 0, 0, 0]"
18624874_gab,you do not think it the fact that you sound like a whiny wheezy nasally libtard right now calling you a kike faggot does not make someone a nazi kikefag that an insult to real nazis,hatespeech,"[0, 0, 0, 0, 0, 0, 0, 0, 0, 0, 0, 0, 0, 0, 0, 0, 0, 0, 0, 0, 0, 1, 1, 0, 0, 0, 0, 0, 0, 1, 0, 0, 0, 0, 0, 0]"
1178871873465131008_twitter,<user> extreme butoden budokai tenkaichi are good but a lot of the newer stuff including battle of z is just really bad because of the art style never really liked tadayoshi yamamuro new art style they all look shiny and stiff with very boring poses,normal,"[0, 0, 0, 0, 0, 0, 0, 0, 0, 0, 0, 0, 0, 0, 0, 0, 0, 0, 0, 0, 0, 0, 0, 0, 0, 0, 0, 0, 0, 0, 0, 0, 0, 0, 0, 0, 0, 0, 0, 0, 0, 0, 0, 0, 0]"
1178784899899240451_twitter,<user> theyll be like no one loves you ugly porch monkey ass looking bitch thats why the person in your bio gone thats not cool to say its just twitter,normal,"[0, 0, 0, 0, 0, 0, 0, 0, 0, 0, 0, 0, 0, 0, 0, 0, 0, 0, 0, 0, 0, 0, 0, 0, 0, 0, 0, 0, 0, 0]"
9982674_gab,more and more leftists are moving closer to center these days you would not know it by the msm though in order to keep the chaos going importing muslim fighters is now their main tactic they know that many demoncraps voted for trump and that they grow less relevant every day,hatespeech,"[0, 0, 0, 0, 0, 0, 0, 0, 0, 0, 0, 0, 0, 0, 0, 0, 0, 0, 0, 0, 0, 0, 0, 0, 0, 0, 0, 1, 1, 1, 1, 1, 1, 1, 1, 0, 0, 0, 0, 0, 0, 0, 0, 0, 0, 0, 0, 0, 0, 0, 0]"
25016495_gab,i got in a argument with that mudshark after her redice interview she is not a nationalist nor altright an egalitarian sjw is closer to her beliefs her comment about nationalism being superior to others is a lie,hatespeech,"[0, 0, 0, 0, 0, 0, 0, 1, 0, 0, 0, 0, 0, 0, 0, 0, 0, 0, 0, 0, 0, 0, 0, 0, 0, 0, 0, 0, 0, 0, 0, 0, 0, 0, 0, 0, 0, 0]"
22922973_gab,white brothers you want to fight alongside the white leftists if that all you need to call someone a brother you are going to be in trouble,offensive,"[1, 1, 0, 0, 0, 0, 0, 0, 0, 1, 0, 0, 0, 0, 0, 0, 0, 0, 0, 0, 0, 0, 0, 0, 0, 0, 0]"
1105907073156550656_twitter,as muich as i love playing stupid shit if i get <number> retards locking dps imma throw that game as well,offensive,"[0, 0, 0, 0, 0, 0, 0, 0, 0, 0, 1, 1, 1, 0, 0, 0, 0, 0, 0, 0, 0]"
1179010487457112064_twitter,<user> <user> <user> except for all the extra women who get raped and sexually assaulted why do you think we have separate sex facilities,normal,"[0, 0, 0, 0, 0, 0, 0, 0, 0, 0, 0, 0, 0, 0, 0, 0, 0, 0, 0, 0, 0, 0, 0, 0]"
24910842_gab,<number> of geneticists on the planet say so it cold hard science mathematical physics as guaranteed totally ignorant of genetics what white folks are and does not believe in science they are all total retards complete ignorance this is like shooting fish in a barrel,offensive,"[0, 0, 0, 0, 0, 0, 0, 0, 0, 0, 0, 0, 0, 0, 0, 0, 0, 0, 0, 0, 0, 0, 0, 0, 0, 0, 0, 0, 0, 0, 1, 1, 1, 1, 1, 1, 1, 0, 0, 0, 0, 0, 0, 0, 0]"
7500341_gab,and a closet muslim like obama jerks off whenever the rads go boom,hatespeech,"[1, 1, 1, 1, 1, 1, 1, 1, 1, 1, 1, 1, 1]"
1164948545759264769_twitter,niggas be lying i be believing em 🥺,normal,"[0, 0, 0, 0, 0, 0, 0, 0]"
1179092902913495040_twitter,if this bitch calls b*cky <censored> white one more time oomfs pls unfollow im begging,normal,"[0, 0, 0, 0, 0, 0, 0, 0, 0, 0, 0, 0, 0, 0, 0]"
1178630624476712960_twitter,<user> <user> <user> it makes no sense to say those things it makes no sense that women and men are getting raped it makes no sense because it should be common sense not to rape people,normal,"[0, 0, 0, 0, 0, 0, 0, 0, 0, 0, 0, 0, 0, 0, 0, 0, 0, 0, 0, 0, 0, 0, 0, 0, 0, 0, 0, 0, 0, 0, 0, 0, 0, 0, 0, 0]"
15977167_gab,diversity means getting shot by blacks raped by mexicans blown up by arabs and shitty customer service from indians,hatespeech,"[1, 1, 1, 1, 1, 1, 1, 1, 1, 1, 1, 1, 1, 1, 1, 1, 1, 1, 1]"
25499620_gab,and fish smell sweaty in the raghead and body bags,hatespeech,"[0, 1, 1, 1, 1, 1, 1, 1, 1, 1]"
1263335735580430336_twitter,ur mom gay,offensive,"[1, 1, 1]"
26842382_gab,round up the jews,offensive,"[1, 1, 1, 1]"
22676953_gab,i think you indeed can call people nigger if you so please,hatespeech,"[0, 0, 0, 0, 1, 1, 1, 1, 0, 0, 0, 0]"
18088062_gab,this morbid yid with fleas brown only in his shithole,hatespeech,"[0, 0, 1, 0, 0, 0, 1, 1, 1, 1]"
15945623_gab,cry more bitch made nigger faggot,hatespeech,"[0, 0, 1, 1, 1, 1]"
11432298_gab,concentrate on white genocide jews elites corrupt politicians etc and leave christianity alone,offensive,"[0, 0, 1, 1, 1, 1, 1, 1, 0, 0, 0, 0, 0]"
15885342_gab,i vote <number> genocide for the arab and nigger scum raping our women killing our people and destroying europe also include the traitors who support the destruction of our people and our ancestral homelands white power,hatespeech,"[0, 0, 1, 1, 1, 1, 1, 1, 1, 1, 0, 0, 0, 0, 0, 0, 0, 0, 0, 0, 0, 0, 0, 0, 0, 0, 0, 0, 0, 0, 0, 0, 0, 0, 1, 1]"
21104601_gab,bcz those fucking kikes let muslim araps in our countries while they are killing same muslim arabs on a land kikes stole from them as for nazi your fucking kikes were nazies as u are,offensive,"[1, 1, 1, 1, 1, 1, 1, 1, 1, 1, 1, 1, 1, 1, 1, 1, 1, 1, 1, 1, 1, 1, 1, 1, 1, 1, 1, 1, 1, 1, 1, 1, 1, 1, 1]"
24463222_gab,<user> ‍ hope you die from all the nigger aids anglin gave you you are a fucking weirdo not to mention your posts are fake and gay,hatespeech,"[0, 0, 0, 1, 1, 0, 0, 0, 1, 1, 0, 0, 0, 0, 0, 0, 1, 1, 0, 0, 0, 0, 0, 0, 0, 0, 0]"
9824869_gab,the communist leadership must also remove themselves to their choice of a communist or muslim run country they so blatantly love,normal,"[0, 0, 0, 0, 0, 0, 0, 0, 0, 0, 0, 0, 0, 0, 0, 0, 0, 0, 0, 0, 0]"
15263357_gab,when asked what prince phillip thought about harry and megan he answered i have no problem with this historically the royal family has always owned a nigger or two,hatespeech,"[0, 0, 0, 0, 0, 0, 0, 0, 0, 0, 0, 0, 0, 0, 0, 0, 0, 0, 0, 0, 0, 0, 0, 0, 1, 1, 1, 1, 1]"
1179081659465027590_twitter,<user> <user> <user> israel is the only democracy of m.e. with right humans from where no one muslim is refugee in eu the iranians in eu refugees are milions and often are very professionale and high education around israel the others states sharia jadh <number> virgins <number> wives shahid and bullshits same,normal,"[0, 0, 0, 0, 0, 0, 0, 0, 0, 0, 0, 0, 0, 0, 0, 0, 0, 0, 0, 0, 0, 0, 0, 0, 0, 0, 0, 0, 0, 0, 0, 0, 0, 0, 0, 0, 0, 0, 0, 0, 0, 0, 0, 0, 0, 0, 0, 0, 0, 0, 0, 0]"
4854321_gab,i am depressed what it really means boo hoo i am a little faggot who lets others control my life so i will go wallow in grief and not make any attempts to fix my life,offensive,"[0, 0, 0, 0, 0, 0, 0, 1, 1, 1, 1, 1, 1, 1, 1, 1, 1, 1, 1, 1, 0, 0, 0, 0, 0, 0, 0, 0, 0, 0, 0, 0, 0, 0, 0, 0]"
25660109_gab,the <number> million jews killed hitler prove me wrong is my favorite troll on kike book right now,hatespeech,"[0, 0, 0, 1, 0, 0, 0, 0, 0, 0, 0, 0, 1, 1, 1, 1, 0, 0]"
1179038144466833409_twitter,<user> <user> and a ching chong and bing bong to you too,offensive,"[0, 0, 0, 0, 1, 1, 0, 1, 1, 0, 0, 0]"
16728755_gab,reality is <percent> of whites vote only <percent> niggers voted trump reality is all one only needs to do is pull <percent> of the <percent> of whites who voted for democrats this is an easier path than trying to muh based maga hat nigger shit <user> is trying to pull,hatespeech,"[0, 0, 0, 0, 0, 0, 0, 0, 1, 0, 0, 0, 0, 0, 0, 0, 0, 0, 0, 0, 0, 0, 0, 0, 0, 0, 0, 0, 0, 0, 0, 0, 0, 0, 0, 0, 0, 0, 0, 0, 0, 0, 1, 1, 1, 1, 0, 0, 0, 0]"
8210486_gab,sub <number> dispshit the gender queers almosy unanimously align with the other side hence why i said im happy to fight them slow down and think a little bit before you respond tends to help,normal,"[0, 0, 0, 0, 0, 0, 0, 0, 0, 0, 0, 0, 0, 0, 0, 0, 0, 0, 0, 0, 0, 0, 0, 0, 0, 0, 0, 0, 0, 0, 0, 0, 0, 0, 0]"
21547300_gab,left wing politicians allowing this for the muzzrat vote jo cox did not learn just saying,normal,"[0, 0, 0, 0, 0, 0, 0, 1, 0, 0, 0, 0, 0, 0, 0, 0]"
12846110_gab,stop acting like a dyke and people will not call you a dyke simple,hatespeech,"[1, 1, 1, 1, 1, 1, 1, 1, 1, 1, 1, 1, 1, 0]"
27999703_gab,he does not care if america goes brown and shitskins are anti free speech show me one shitskin country with free speech shaprio is a fast talking jew tool,hatespeech,"[0, 0, 0, 0, 0, 0, 0, 0, 0, 1, 0, 0, 0, 0, 0, 0, 0, 1, 1, 0, 0, 0, 0, 0, 0, 0, 0, 1, 0]"
1179072603677450240_twitter,i like the five gay guys it uplifting,normal,"[0, 0, 0, 0, 0, 0, 0, 0]"
1121644672189734912_twitter,iron man black widow thanos dies in the new avengers movie 🥴,normal,"[0, 0, 0, 0, 0, 0, 0, 0, 0, 0, 0, 0]"
5457483_gab,i have seen two people threaten to sue gab users for utterly frivolous reasons the raving retard braverymovie and you,offensive,"[0, 0, 0, 0, 0, 0, 0, 0, 0, 0, 0, 0, 0, 0, 0, 1, 1, 0, 0, 0]"
27555666_gab,one nigger baby at a time 😁,hatespeech,"[0, 1, 0, 0, 0, 0, 0]"
1206395571562377216_twitter,those days are long gone my dudes im gonna be a psychology hoe,offensive,"[0, 0, 0, 0, 0, 0, 0, 0, 0, 0, 0, 0, 1]"
1179090810232610817_twitter,<user> as in retarded,normal,"[0, 0, 0, 1]"
23079818_gab,this fuckin beaner is dummer than most dummer than most where is the vatican mafia when we need em go was some more rag head feet u loser,hatespeech,"[0, 1, 1, 0, 0, 0, 0, 0, 0, 0, 0, 0, 0, 0, 0, 0, 0, 0, 0, 0, 0, 0, 1, 1, 1, 1, 0, 0]"
1079092016158593024_twitter,arsenal is a fucking small club with a lot of noise makers called fans livars,offensive,"[0, 0, 0, 1, 0, 0, 0, 0, 0, 0, 0, 0, 0, 0, 1]"
18545554_gab,yep we need a way to control our women remotely,offensive,"[0, 0, 0, 0, 0, 0, 1, 1, 1, 1]"
17675581_gab,we have laws because people commit crimes niggers chimp out they can not get that they flee da hood because of niggers and bitch that racist whites do not want them as neighbors low iq logic from turd flinging monkeys,hatespeech,"[0, 0, 0, 0, 0, 0, 0, 1, 1, 0, 0, 0, 0, 0, 0, 0, 1, 1, 1, 1, 1, 1, 0, 0, 0, 0, 0, 0, 0, 0, 0, 0, 0, 1, 1, 1, 1, 1, 1, 1]"
13013412_gab,only fools think any kike is on the side of whites that foes triple for jewfags,hatespeech,"[0, 0, 0, 0, 1, 0, 0, 0, 0, 0, 0, 0, 0, 0, 0, 1]"
1178770890944897024_twitter,i am that nigga you love,normal,"[0, 0, 0, 0, 0, 0]"
1178171578825228288_twitter,bad sirop on the fuck with us poppin this nigger,hatespeech,"[0, 0, 0, 0, 0, 0, 0, 0, 0, 1]"
1105140751673880576_twitter,<user> well during ramadan do muslims sit at home don t work and islam is based on democracy is biggest joke,offensive,"[0, 0, 1, 1, 1, 1, 1, 1, 1, 1, 1, 1, 1, 1, 1, 1, 1, 1, 1, 1, 1]"
24419087_gab,uh oh u fags getting triggerer u fags getting triggered is because most women want like berserk and meh,hatespeech,"[1, 1, 1, 1, 1, 1, 1, 1, 1, 1, 1, 1, 1, 1, 1, 1, 1, 1, 1]"
13403307_gab,this guy is an apostate he is no more a muslim than jesus christ,normal,"[0, 0, 0, 0, 0, 0, 0, 0, 0, 0, 0, 0, 0, 0]"
5872236_gab,mainstream media in slav nations accurately reports the mass epidemic of white women sexually attacked by afro muslim immigrants would you ever see a national magazine cover like this in the usa canada the uk australia germany sweden belgium france of course not,offensive,"[1, 1, 1, 1, 1, 1, 1, 1, 1, 1, 1, 1, 1, 1, 1, 1, 1, 1, 1, 1, 1, 1, 1, 1, 1, 1, 1, 1, 1, 1, 1, 1, 1, 1, 1, 1, 1, 1, 1, 1, 1, 1, 1]"
22806498_gab,i have just escaped the fb ghetto and am in search of normal trump2020 patriot followme,normal,"[0, 0, 0, 0, 0, 0, 0, 0, 0, 0, 0, 0, 0, 0, 0, 0]"
1178839677127798789_twitter,<user> confused on why the song about being raped by hybrid creatures is on the soundtrack,normal,"[0, 0, 0, 0, 0, 0, 0, 0, 0, 0, 0, 0, 0, 0, 0, 0]"
1852693_gab,hrc wants undocumented immigrants to all have drivers licenses so they can vote this is how <number> million stole the popular vote from <user> wikileaks org podesta emails …,normal,"[0, 0, 0, 0, 0, 0, 0, 0, 0, 0, 0, 0, 0, 0, 0, 0, 0, 0, 0, 0, 0, 0, 0, 0, 0, 0, 0, 0, 0]"
19001762_gab,what is christianity but spiritual democracy who to say that aborted pail nigger is just as good and valid as you are god says the christian,hatespeech,"[0, 0, 0, 0, 0, 0, 0, 0, 0, 0, 0, 1, 1, 0, 0, 0, 0, 0, 0, 0, 0, 0, 0, 0, 0, 0]"
22188689_gab,haha holy fuck just try not to say that guy name in a squeaky hobgoblin yid voice 😂 😂,offensive,"[0, 0, 1, 0, 0, 0, 0, 0, 0, 0, 0, 0, 0, 0, 1, 1, 1, 0, 0]"
11050982_gab,cair antifa blm hamas front moslem brotherhood all need to be deemed terrorist and enemy number <number> along with isis,normal,"[0, 0, 0, 0, 0, 0, 0, 0, 0, 0, 0, 0, 0, 0, 0, 0, 0, 0, 0, 0]"
1084699485148798977_twitter,<user> <user> bahfroom niggas rise up,normal,"[0, 0, 0, 0, 0, 0]"
17563616_gab,i am so ghetto,normal,"[0, 0, 0, 0]"
1177627706055249921_twitter,<user> chinaman satanist lee hsien loong biggest cowards criminals keep on chattering audibly in <number> <number> wellington circle singapore he is arranging the biggest racial violence the world has ever seen drug addicts pseudo terrorists might be employed talks of uk citizens now,offensive,"[0, 1, 0, 0, 0, 0, 0, 0, 0, 0, 0, 0, 0, 0, 0, 0, 0, 0, 0, 0, 0, 0, 0, 0, 0, 0, 0, 0, 0, 0, 0, 0, 0, 0, 0, 0, 0, 0, 0, 0, 0, 0, 0]"
15219656_gab,jean is absolutely retarded and apparently a heeb dickrider,hatespeech,"[0, 0, 0, 0, 0, 0, 0, 1, 1]"
1179056053507514370_twitter,the homos are finally getting married this wedding season is about to be queered up make my queer little heart glad,normal,"[0, 0, 0, 0, 0, 0, 0, 0, 0, 0, 0, 0, 0, 0, 0, 0, 0, 0, 0, 0, 0]"
15868359_gab,i want roy moore to win even if it only to hear all the kikes commie faggot scum screaming about inbred misogynistic toothless alabama hillbilly white trash,hatespeech,"[0, 0, 0, 0, 0, 0, 0, 0, 0, 0, 0, 0, 0, 0, 1, 1, 1, 1, 1, 0, 0, 0, 0, 1, 1, 1, 1]"
15127744_gab,implying women and niggers can have merit oh wait i see what you did there,normal,"[1, 1, 1, 1, 1, 1, 1, 0, 0, 0, 0, 0, 0, 0, 0]"
1178657467586285574_twitter,niggas in the army be fucking dykes lmaopoo how lil bro get pregnant riddle me that queer,hatespeech,"[1, 0, 0, 0, 0, 1, 1, 0, 0, 0, 0, 0, 0, 0, 0, 0, 1]"
1179011933829120000_twitter,<user> bitch im screaming at the top of my lungs 😩,normal,"[0, 0, 0, 0, 0, 0, 0, 0, 0, 0, 0]"
1179029756853010432_twitter,mind your mufuckin business for i hurt a bitch feelings today please ‼️,offensive,"[0, 1, 1, 1, 0, 0, 0, 0, 1, 0, 0, 0, 0]"
1178428495824859136_twitter,why come wizards have so many towers,normal,"[0, 0, 0, 0, 0, 0, 0]"
27214899_gab,no it wasn t muslim men were always hanging round young girls our mum would say stay away from the pakis,offensive,"[0, 0, 0, 0, 0, 0, 0, 0, 0, 0, 0, 0, 0, 0, 0, 0, 1, 1, 1, 1, 1]"
1260382131886239744_twitter,my little sister came into my room anx yelled “ your gay for catra “ helpcfndjdk,normal,"[0, 0, 0, 0, 0, 0, 0, 0, 0, 0, 0, 0, 0, 0, 0, 0]"
20197595_gab,critise islam and you will be permanently banned from twitter i never threatened violence i never promoted violence ironically islam does so here i am at gab another redpilled refugee of the culture war,normal,"[1, 1, 0, 0, 0, 0, 0, 0, 0, 0, 0, 0, 0, 0, 0, 0, 0, 0, 1, 1, 1, 0, 0, 0, 0, 0, 0, 0, 1, 1, 0, 0, 0, 0]"
1179021145682501633_twitter,<user> oo what does it say about women,normal,"[0, 0, 0, 0, 0, 0, 0, 0]"
10917548_gab,pepper your speech with hatephrases gayer than aids fatter than a feminist dumber than a nigger tranny scary nagging like a negress cruel as a communist deceptive as a democrat jealous as a jew murderous as a muslim unmarriageable as madonna,offensive,"[0, 0, 0, 0, 0, 1, 1, 1, 1, 1, 1, 1, 1, 1, 1, 1, 1, 1, 1, 1, 1, 1, 1, 1, 1, 1, 1, 1, 1, 1, 1, 1, 1, 1, 1, 1, 1, 1, 1, 1, 1]"
24402010_gab,it feels good to say kike on social media,hatespeech,"[0, 0, 0, 0, 0, 1, 0, 0, 0]"
1176887518857330690_twitter,what medic is a dilf a feral scientist a brick shithouse a magnificent bastard father of <number> doves what medic is not a nazi,normal,"[0, 0, 0, 0, 0, 0, 0, 0, 0, 0, 0, 0, 0, 0, 0, 0, 0, 0, 0, 0, 0, 0, 0, 0]"
1468975_gab,biggest unforced cultural error of the last few years couple of ugly dykes suing christian bakery for refusing to make them a gay wedding cake any potential wedge between trump and the religious right was healed then and there nice work ladies trumpslide meme war maga,hatespeech,"[0, 0, 0, 0, 0, 0, 0, 0, 0, 0, 0, 1, 1, 0, 0, 0, 0, 0, 0, 0, 0, 0, 0, 0, 0, 0, 0, 0, 0, 0, 0, 0, 0, 0, 0, 0, 0, 0, 0, 0, 0, 0, 0, 0, 0, 0]"
1162576410982133760_twitter,<user> i just watched my two retarded 4 th grade teachers be retarded assholes,normal,"[0, 0, 0, 0, 0, 0, 0, 0, 0, 0, 0, 0, 0, 0]"
13396700_gab,fuck muslimes and fuck islame go back to your own shithole country if you want sharia crap,hatespeech,"[1, 1, 1, 1, 1, 1, 1, 1, 1, 1, 1, 1, 1, 1, 1, 1, 1]"
1117509252044685318_twitter,<user> jisung hums urging him to continue biting down on his lips to stop the corners of his mouth turning up,normal,"[0, 0, 0, 0, 0, 0, 0, 0, 0, 0, 0, 0, 0, 0, 0, 0, 0, 0, 0, 0, 0]"
1178963159907852288_twitter,<user> ching chong,hatespeech,"[0, 1, 1]"
1207895450491203585_twitter,<user> he also a white man whose family was killed by white supremacist nazis weird how that works,normal,"[0, 0, 0, 0, 0, 0, 0, 0, 0, 0, 0, 0, 0, 0, 0, 0, 0, 0]"
20302840_gab,gun control the theory that a woman found dead in an alley raped and strangled with her panty hose is somehow morally superior to a woman explaining to police how her attacker got that fatal bullet wound l neil smith,normal,"[0, 0, 0, 0, 0, 0, 0, 0, 0, 0, 0, 0, 0, 0, 0, 0, 0, 0, 0, 0, 0, 0, 0, 0, 0, 0, 0, 0, 0, 0, 0, 0, 0, 0, 0, 0, 0, 0, 0, 0]"
1116725294684155905_twitter,ho keep sayin in the1 dior on my bitch and flood myself in saint laurent ⭐ ️ ⚠️,normal,"[0, 0, 0, 0, 0, 0, 0, 0, 0, 0, 0, 0, 0, 0, 0, 0, 0, 0]"
1178605804292837376_twitter,get your fucking dirty nigger ass out of here nigger,hatespeech,"[0, 0, 1, 1, 1, 1, 0, 0, 0, 1]"
1241584964216541184_twitter,told my special ed friend to freestyle on beat nigga was going retarded 🔥,offensive,"[1, 1, 1, 1, 1, 1, 1, 1, 1, 1, 1, 1, 1, 0]"
1081679540127174656_twitter,<user> there are no palestinian people because there is no palestine we saw your true colors <number> days ago you filthy bitch,offensive,"[0, 1, 1, 1, 1, 1, 1, 1, 1, 1, 1, 0, 0, 0, 0, 0, 0, 0, 0, 0, 1, 1]"
1178700599040176128_twitter,<user> <user> i know because they are retards,normal,"[0, 0, 0, 0, 0, 0, 0, 0]"
1178879179086917637_twitter,new mgmt i call them white haired old men love to do things in secret was scrolling thru the new line up of mgmt in hr structure and i dont recognise nearly everyone dont even know they existed rumours rife but no concrete evidence until now,normal,"[0, 0, 0, 0, 0, 0, 0, 0, 0, 0, 0, 0, 0, 0, 0, 0, 0, 0, 0, 0, 0, 0, 0, 0, 0, 0, 0, 0, 0, 0, 0, 0, 0, 0, 0, 0, 0, 0, 0, 0, 0, 0, 0, 0, 0, 0]"
9215358_gab,fastest growing by percentile not numbers asians doubling in numbers would still be <number> whites for every asian you are in a university environment so all those women white or not should be assumed to be ruined until proven otherwise i am not pro ricemixing but it not the main problem here,offensive,"[0, 0, 0, 0, 0, 0, 1, 1, 1, 1, 0, 0, 0, 0, 0, 0, 0, 0, 0, 0, 0, 0, 0, 0, 0, 1, 1, 1, 1, 1, 1, 1, 1, 1, 1, 1, 1, 1, 1, 1, 0, 0, 0, 1, 1, 0, 0, 0, 0, 0, 0, 0]"
1178758526145089538_twitter,<user> reminds me of the god less spell checker guy demanding the deplatforming of some muslim fundies off bbc nightline some years ago only to then be free speech absolutest when it comes to white nationalists going on national tv they are full of hypocrisies,normal,"[0, 0, 0, 0, 0, 0, 0, 0, 0, 0, 0, 0, 0, 0, 0, 0, 0, 0, 0, 0, 0, 0, 0, 0, 0, 0, 0, 0, 0, 0, 0, 0, 0, 0, 0, 0, 0, 0, 0, 0, 0, 0, 0, 0, 0]"
1143201658324881408_twitter,you know those fb sex memes and quotes the ghetto lit rally the ghetto,normal,"[0, 0, 0, 0, 0, 0, 0, 0, 0, 0, 0, 0, 0, 0]"
23334987_gab,gab needs to work on making it more user friendly it improving i hate muslimes,hatespeech,"[0, 0, 0, 0, 0, 0, 0, 0, 0, 0, 0, 0, 1, 1, 1]"
6586152_gab,breitbart over on twitter really does themselves a major disservice by writing some retarded scribbling instead of a headline before the link for example lel throwdown huh whoopsie alas bring et k.i.s.s. yus wot you all ignant k me irl sumwun gwumpy etc etc what dipshits,normal,"[0, 0, 0, 0, 0, 0, 0, 0, 0, 0, 0, 0, 0, 0, 0, 0, 0, 0, 0, 0, 0, 0, 0, 0, 0, 0, 0, 0, 0, 0, 0, 0, 0, 0, 0, 0, 0, 0, 0, 0, 0, 0, 0, 0, 0, 0]"
13487883_gab,michael schenker michael schenker <number> day ago take the ghetto out of nfl ﻿,normal,"[0, 0, 0, 0, 0, 0, 0, 1, 1, 1, 1, 1, 1, 1]"
1251197037116350465_twitter,any black women need some groceries hit me here or in the dms ima choose two for today ❤ ️,normal,"[0, 0, 0, 0, 0, 0, 0, 0, 0, 0, 0, 0, 0, 0, 0, 0, 0, 0, 0, 0]"
1178934909823418371_twitter,dialu alukan <number> <number> <number> <number> <number> bank islam thank you <happy>,normal,"[0, 0, 0, 0, 0, 0, 0, 0, 0, 0, 0, 0]"
17895389_gab,keeping those crime stats in the ghetto low,normal,"[0, 0, 0, 0, 0, 0, 0, 0]"
15284640_gab,that was just a photo look up rhyan moody she was killed on thanksgiving by an illegal spic,offensive,"[0, 0, 0, 0, 0, 0, 0, 0, 0, 0, 0, 0, 0, 0, 0, 0, 1, 1]"
1178308553238618114_twitter,<user> only one misusing scholars words and glorifying slavery here that islam tried to abolish in every way is you tfou 3 leik 🤢 🤮,offensive,"[0, 0, 0, 0, 0, 0, 0, 1, 1, 0, 0, 0, 0, 0, 0, 0, 0, 0, 0, 0, 1, 1, 1, 0, 0]"
1161526681557000192_twitter,<user> nice job towel head,offensive,"[0, 0, 0, 1, 1]"
17439443_gab,gays love communism and especially islam they want to try to see if they can fly of tall buildings with a pack of carpet kissers helping them just to show they are not racist lol,hatespeech,"[1, 0, 0, 0, 0, 1, 1, 1, 1, 1, 1, 1, 1, 1, 1, 1, 1, 1, 1, 1, 1, 1, 1, 1, 1, 1, 1, 1, 1, 1, 1, 1, 1, 1, 0]"
20577878_gab,damon young is the stupid nigger who wants blacks to start barking in white people faces boy is he not going to like the response if he keeps this shit up,hatespeech,"[0, 0, 0, 0, 1, 1, 0, 0, 0, 0, 0, 0, 0, 0, 0, 0, 0, 0, 0, 0, 0, 0, 0, 0, 0, 0, 0, 0, 0, 0, 0]"
14590776_gab,a moslem cockroach to lead anti semitism they are guaranteeing what they are trying to prevent,hatespeech,"[1, 1, 1, 0, 0, 0, 0, 0, 0, 0, 0, 0, 0, 0, 0, 0]"
16596733_gab,sadly many will swallow the lies add the twatter purge which no doubt western govs are also involved in europe is moving to totalitarian states be ready to fight for your freedom or be a subservient of islam moslemsaretheproblem,offensive,"[0, 0, 0, 0, 0, 0, 0, 0, 0, 0, 0, 0, 0, 0, 0, 0, 0, 0, 0, 0, 0, 0, 0, 0, 0, 0, 0, 0, 0, 0, 0, 0, 0, 1, 1, 1, 1, 1, 1]"
1178912010760704000_twitter,i really do not get white australians hatred of immigrants you are all literally immigrants wtf is wrong with you all i mean i get you hate poc but come on,normal,"[0, 0, 0, 0, 0, 0, 0, 0, 0, 0, 0, 0, 0, 0, 0, 0, 0, 0, 0, 0, 0, 0, 0, 0, 0, 0, 0, 0, 0, 0, 0]"
24192391_gab,brown vs board of education what good did this do now we have blacks wanting separation go figure after they fucked up good white schools misanthrope,hatespeech,"[0, 0, 0, 0, 0, 0, 0, 0, 0, 0, 1, 1, 1, 1, 1, 1, 1, 1, 1, 1, 1, 1, 1, 1, 1, 1]"
24512621_gab,now i know you are lying because the shit you are pulling here do not fly on that faggot ass website it has not for a long time,offensive,"[0, 0, 0, 0, 0, 0, 1, 1, 1, 1, 1, 1, 1, 1, 1, 1, 1, 1, 1, 1, 1, 0, 0, 0, 0, 0, 0, 0]"
1177971370896039936_twitter,niggers should suck white dick them faggots,hatespeech,"[1, 1, 1, 1, 1, 0, 1]"
13528053_gab,willard spratt willard spratt <number> hours ago these thugs do not have enough sense to understand what there doing we need more white players anyway let them go back to ghetto and shoot one another ﻿,hatespeech,"[0, 0, 0, 0, 0, 0, 0, 1, 1, 1, 1, 1, 1, 1, 0, 0, 0, 0, 0, 0, 1, 1, 1, 1, 1, 1, 1, 1, 1, 1, 1, 1, 1, 1, 1, 1]"
24143269_gab,too bad we cannot deport you how did ever get into office to begin with yes wop with out papers from the days of the first italian immigrants when they hit ellis island and some other ports of entry how bad for us maggot cuomo,hatespeech,"[1, 1, 1, 1, 1, 1, 1, 1, 1, 1, 1, 1, 1, 1, 1, 1, 1, 1, 1, 1, 1, 1, 1, 1, 1, 1, 1, 1, 1, 1, 1, 1, 1, 1, 1, 1, 1, 1, 1, 1, 1, 1, 1, 1, 1]"
12758693_gab,i mean i consider myself white and greek and polish and jewish just explaining that guy tweet i think my opinion is what most jews believe although i guess i can not be <number> positive,normal,"[0, 0, 0, 0, 0, 0, 0, 0, 0, 0, 0, 0, 0, 0, 0, 0, 0, 0, 0, 0, 0, 0, 0, 0, 0, 0, 0, 0, 0, 0, 0, 0, 0, 0, 0]"
7020770_gab,zuckerberg loves live streamed violence such as gang rapes the pitiful jew cunt but call a wetback a wetback and you get <number> days fucking psycho,hatespeech,"[0, 0, 0, 0, 0, 0, 0, 0, 0, 0, 0, 1, 1, 0, 0, 0, 1, 1, 1, 0, 0, 0, 0, 0, 0, 0]"
4059367_gab,some people seeing something unusual feel so shocked that they want to kill and destroy it immediately it retarded as all fundamentalism is,normal,"[0, 0, 0, 0, 0, 0, 0, 0, 0, 0, 0, 0, 0, 0, 0, 0, 0, 0, 0, 0, 0, 0, 0]"
8927382_gab,trump needs to fire that kike rod rosenstein he should have known you can not trust a jew,hatespeech,"[0, 0, 0, 0, 0, 1, 0, 0, 0, 0, 0, 0, 0, 1, 1, 1, 1, 1]"
1179050937148678144_twitter,white chocolate covered strawberries edible arrangement me please,normal,"[0, 0, 0, 0, 0, 0, 0, 0]"
15718894_gab,mudsharks set the movement back more than anything just having female leaders sets us back let alone being both female and a nigger lover wn is diametrically opposed to race mixing richard spencer is way better than her she wallows in the mud,hatespeech,"[1, 0, 0, 0, 0, 0, 0, 0, 1, 1, 1, 1, 1, 1, 1, 1, 1, 1, 1, 1, 1, 1, 1, 1, 0, 0, 0, 1, 1, 1, 1, 0, 0, 0, 0, 0, 0, 0, 1, 1, 1, 1, 1]"
1172542211516448768_twitter,rt <user> moving is so ghetto who tf wanna pack up boxes all day 🥴,normal,"[0, 0, 0, 0, 0, 0, 0, 0, 0, 0, 0, 0, 0, 0, 0]"
25079212_gab,it just going to make you alt kike faggots get even more milquetoast and moderate in the vain hope that if you fine tune your optics just right then the jews will leave you alone,offensive,"[0, 0, 0, 0, 0, 0, 1, 1, 1, 0, 0, 0, 0, 0, 0, 0, 0, 0, 0, 0, 0, 0, 0, 0, 0, 0, 0, 0, 0, 0, 1, 0, 0, 0, 0]"
1179065558836207616_twitter,<user> please explain what does this have to do with pakistan though was a jihadi attack foiled,normal,"[0, 0, 0, 0, 0, 0, 0, 0, 0, 0, 0, 0, 0, 0, 0, 0, 0]"
1118196417464606720_twitter,see this little white supremacist idol you got going for you is not why notre dame was built it was built to honor a living god,normal,"[0, 0, 0, 0, 0, 0, 0, 0, 0, 0, 0, 0, 0, 0, 0, 0, 0, 0, 0, 0, 0, 0, 0, 0, 0, 0]"
25813894_gab,did yah see dat nigger bich shitting in da macdonald an throwin her shit da employees,offensive,"[0, 0, 0, 0, 1, 1, 0, 0, 0, 0, 0, 0, 0, 0, 0, 0]"
21060944_gab,what else breaks bonds between white families social security why are you a racialist if you believe government has to take care of every aspect of an alleged white man life how is a white man distinguished from a holstein cow in your mind,normal,"[1, 1, 1, 1, 1, 1, 1, 1, 1, 1, 1, 1, 1, 1, 1, 1, 1, 1, 1, 1, 1, 1, 1, 1, 1, 1, 1, 1, 1, 1, 1, 1, 1, 1, 1, 1, 1, 1, 1, 1, 1, 1, 1, 1]"
10824155_gab,shillary is still crying why why you lost you traitorous hag you hate your own race and put illegals and non whites above your own people figure it out and then go away and no one wants that shitty book except maybe dykes with purple hair,offensive,"[1, 0, 0, 0, 0, 0, 0, 0, 0, 1, 1, 1, 1, 1, 1, 1, 1, 1, 1, 1, 1, 1, 1, 1, 1, 1, 0, 0, 0, 0, 0, 0, 0, 0, 0, 0, 0, 0, 0, 0, 0, 0, 1, 1, 1, 1]"
1177977240996499457_twitter,you niggas faggots putting you all hands on females,hatespeech,"[0, 1, 1, 0, 0, 0, 0, 0, 0]"
16087960_gab,i am surprised blacks managed to get off their lazy nigger asses to vote,hatespeech,"[0, 0, 0, 0, 0, 0, 0, 0, 0, 1, 1, 1, 1, 1]"
1178790620896354310_twitter,how the fuck did that nigger secured this my head is so hot,hatespeech,"[0, 0, 0, 0, 0, 1, 0, 0, 0, 0, 0, 0, 0]"
1112597524920057858_twitter,<user> you think they ’ re nazis,normal,"[0, 0, 0, 0, 0, 0, 1]"
3YOAVL4CA0IGUN4ZMDD3R483J064ZV_nf_3,men and boys it homecoming in my town i heard this 2 x today so let me tell ya girls dont get raped bc they wear revealing dresses girls get raped bc ppl rape them plain and simple no other reason,normal,"[0, 0, 0, 0, 0, 0, 0, 0, 0, 0, 0, 0, 0, 0, 0, 0, 0, 0, 0, 0, 0, 0, 0, 0, 0, 0, 0, 0, 0, 0, 0, 0, 0, 0, 0, 0, 0, 0, 0, 0, 0]"
18749415_gab,jones is a kike shill he as well as rush limbaugh never call out those they always refer to as they liberals the left instead of as jews,hatespeech,"[0, 0, 0, 1, 1, 0, 0, 0, 0, 0, 0, 0, 0, 0, 0, 0, 1, 1, 1, 1, 1, 1, 1, 1, 1, 1, 1, 1]"
21284677_gab,history from the future world war <number> muslim pedofags are defeated muslim countries are lifeless wastelands moohammad is remembered in history correctly as a pedophile all the towelheaded pedofags are dead and you were all worried ww3 was going to be a bad thing haha,hatespeech,"[0, 0, 0, 0, 0, 0, 0, 1, 1, 0, 0, 0, 0, 0, 1, 1, 0, 0, 0, 0, 0, 0, 0, 0, 1, 1, 1, 1, 1, 0, 0, 0, 0, 0, 0, 0, 0, 0, 0, 0, 0, 0, 0, 0, 0]"
1179103597633703936_twitter,<user> on god those people are retarded bro 😂,offensive,"[0, 0, 0, 1, 1, 1, 1, 0, 0]"
15982304_gab,shit like this is what leads to civil war cuomo and his pedo son along with the rest of the muzzie lovers need to wake the fuck up,hatespeech,"[0, 0, 0, 0, 0, 0, 0, 0, 0, 1, 1, 1, 1, 1, 0, 0, 0, 0, 0, 0, 1, 1, 0, 0, 0, 0, 1, 1]"
1177780200962166784_twitter,prolly heard ima hoe from a hoe 😤,normal,"[0, 0, 0, 0, 0, 0, 0, 0]"
1178405798164205569_twitter,these niggas on the half yard line good game lions 😕,normal,"[0, 0, 0, 0, 0, 0, 0, 0, 0, 0, 0]"
16512796_gab,i really wish i could disagree with that statement entirely but it tricky because there a lot of truth there however you are probably referring to north africans and arabs in general also some women arabs and blacks are adults that can reason many white men are not and cannot,normal,"[0, 0, 0, 0, 0, 0, 0, 0, 0, 0, 0, 0, 0, 0, 0, 0, 0, 0, 0, 0, 0, 0, 0, 0, 0, 0, 0, 0, 0, 0, 0, 0, 0, 0, 0, 0, 0, 0, 0, 0, 0, 0, 0, 0, 0, 0, 0, 0, 0, 0]"
24024394_gab,come on faggot you can do better than that why do not you come at me with scholarly sources scratch that you raggedy ass faggots would not know a reputable source or scholars for that matter if it fucked you in the ass get thee behind me faggot,hatespeech,"[1, 1, 1, 1, 1, 1, 1, 1, 1, 1, 1, 1, 1, 1, 1, 1, 1, 1, 1, 1, 1, 1, 1, 1, 1, 1, 1, 1, 1, 1, 1, 1, 1, 1, 1, 1, 1, 1, 1, 1, 1, 1, 1, 1, 1, 1, 1, 1]"
10665227_gab,idk about you but i think kimjongun is perhaps retarded no offense to retarded people northkorea,offensive,"[0, 0, 0, 0, 0, 0, 0, 0, 0, 1, 0, 0, 0, 1, 0, 0]"
11082039_gab,conservative libertarianism is a farce libertarianism promotes gay marriage drug use race mixing all manner of filth and degeneracy you are a tool of the international jew i could just as easily say this is not <number> anymore that not an argument you idiot,hatespeech,"[0, 0, 0, 0, 0, 1, 1, 1, 1, 1, 1, 1, 1, 1, 1, 1, 1, 1, 1, 0, 0, 0, 1, 1, 1, 1, 1, 0, 0, 0, 0, 0, 0, 0, 0, 0, 0, 0, 0, 0, 0, 0, 0, 0]"
22777982_gab,as benjamin schwarz has pointed out in fact britain today receives more immigrants in a single year than it did in the entire period from <number> to <number>,normal,"[0, 0, 0, 0, 0, 0, 0, 0, 0, 0, 0, 0, 0, 0, 0, 0, 0, 0, 0, 0, 0, 0, 0, 0, 0, 0, 0, 0]"
1178671130862858241_twitter,<user> just be thankful someone bullied you in boston but in fact did not call you a faggot,normal,"[0, 0, 0, 0, 0, 0, 0, 0, 0, 0, 0, 0, 0, 0, 0, 0, 0, 0]"
1178234102002016256_twitter,late nite shower felt risky towel on my head call me towel head,hatespeech,"[0, 0, 0, 0, 0, 0, 0, 0, 0, 0, 0, 1, 1]"
1178441964997550085_twitter,made a priv so i can call players niggers,hatespeech,"[0, 0, 0, 0, 0, 0, 0, 0, 1]"
1178804257744666626_twitter,mlane <user> and we worry about immigrant terrorists ha putin is right he said that he did not have to ruin america because we would ruin ourselves and he gloated when he said it,normal,"[0, 0, 0, 0, 0, 0, 0, 0, 0, 0, 0, 0, 0, 0, 0, 0, 0, 0, 0, 0, 0, 0, 0, 0, 0, 0, 0, 0, 0, 0, 0, 0, 0, 0]"
22458158_gab,i am surrounded by like <number> asians,normal,"[0, 0, 0, 0, 0, 0, 0]"
1203520636217372672_twitter,i fucking hate my uncle its so hard to enjoy my buckeyes when all he does is insult my buckeyes and thier amazing head coach,normal,"[0, 0, 0, 0, 0, 0, 0, 0, 0, 0, 0, 0, 0, 0, 0, 0, 0, 0, 0, 0, 0, 0, 0, 0, 0]"
1178744077791023104_twitter,<user> after half their girls get raped shameless folks any self respecting society would have reacted more sensibly,normal,"[0, 0, 0, 0, 0, 0, 0, 0, 0, 0, 0, 0, 0, 0, 0, 0, 0, 0]"
1252705297266769921_twitter,<user> <user> just stand up retard,hatespeech,"[0, 0, 0, 0, 0, 1]"
4068077_gab,<user> you do not know that no arabs are allowed in kurdistan beyond sunset if they have legitimate business like truck drivers r more americans per capita in isis than there r kurds very very few most are giving their lives and treasure to protect yazidis christians assyrians,normal,"[0, 0, 0, 0, 0, 0, 0, 0, 0, 0, 0, 0, 0, 0, 0, 0, 0, 0, 0, 0, 0, 0, 0, 0, 0, 0, 0, 0, 0, 0, 0, 0, 0, 0, 0, 0, 0, 0, 0, 0, 0, 0, 0, 0, 0, 0, 0, 0]"
25470749_gab,most of the violent muzzies are inbred retards with iq of <number>,offensive,"[0, 0, 0, 1, 1, 1, 1, 1, 1, 1, 1, 1]"
9546109_gab,no it actually does bc most ppl are so tired of liberalism that they blindly backlash in weird ways so they hate globalists which makes them isolationists which is retarded or they hate multiculturalism which makes them into white nationalists most ppl are not that smart,offensive,"[0, 1, 1, 1, 1, 1, 1, 1, 1, 1, 1, 1, 1, 1, 1, 1, 1, 1, 1, 1, 1, 1, 1, 1, 1, 1, 1, 0, 0, 1, 1, 1, 1, 1, 1, 1, 1, 1, 1, 1, 1, 1, 1, 1, 1, 1]"
1179089450258829312_twitter,<user> black and white i ´ ts is amazing o sea blanco y negro sencillamente espectacular,normal,"[0, 0, 0, 0, 0, 0, 0, 0, 0, 0, 0, 0, 0, 0, 0, 0]"
11756950_gab,this number is sheer bullshit israel has thousands upon thousands of sand niggers receiving citizenship every year not to mention tens in some years hundreds of thousands of jews this kind of garbage stats is what makes the difference between white nationalists and fascist scum,offensive,"[0, 0, 0, 0, 0, 0, 0, 0, 0, 0, 0, 1, 1, 0, 0, 0, 0, 0, 0, 0, 0, 0, 0, 0, 0, 0, 0, 0, 1, 0, 0, 0, 0, 0, 0, 0, 0, 0, 0, 0, 1, 1, 1, 1, 1]"
19277676_gab,blacks are only <number> of the u.s. population therefore black millionaires and billionaires like oprah samuel l jackson colin kaepernick and countless others confirm my point white america made these blacks extremely wealthy and yet sadly most millennial blacks believe the left lie that their opportunities for success are limited,offensive,"[1, 1, 1, 1, 1, 0, 0, 0, 0, 0, 0, 0, 0, 0, 0, 0, 0, 0, 0, 0, 0, 0, 0, 0, 0, 0, 0, 0, 0, 1, 1, 0, 0, 0, 0, 0, 0, 0, 0, 0, 0, 1, 1, 0, 0, 0, 0, 0, 0, 0]"
19019897_gab,non whites negroes mestizos asians are used by jews as proxies against whites that why jews promote non white immigration in white countries so they can use non white proxies against whites to frame and blackmail for political control and eventually murder whites,hatespeech,"[1, 1, 1, 1, 1, 1, 1, 1, 1, 1, 1, 1, 1, 1, 1, 1, 1, 1, 1, 1, 1, 1, 1, 1, 1, 1, 1, 1, 1, 1, 1, 1, 1, 1, 1, 1, 1, 1, 1, 1, 1, 1, 1]"
1234156512110632965_twitter,<user> islamphobes are so annoying as well right,offensive,"[0, 1, 1, 1, 1, 1, 1, 1]"
1204172896618393601_twitter,<user> play it its actually really fun kinda above my skill level but i luv how it looks also cloud is a depressed gay,normal,"[0, 0, 0, 0, 0, 0, 0, 0, 0, 0, 0, 0, 0, 0, 0, 0, 0, 0, 0, 0, 0, 0, 0, 0]"
27180730_gab,no you shitlib faggot i think the standard in virginia is at least <number> years i can not wait until we can start killing you faggots and your nigger pets and your race traitor pigs the day is nigh,hatespeech,"[0, 1, 1, 1, 0, 0, 0, 0, 0, 0, 0, 0, 0, 0, 0, 1, 1, 1, 1, 1, 1, 1, 1, 1, 1, 1, 1, 1, 1, 1, 1, 1, 1, 1, 1, 1, 1, 1, 1]"
1076059642537496576_twitter,<user> children future the rate they will join the young nazi movement stop being an idiot and read about the eu nazi origins,normal,"[0, 0, 0, 0, 0, 0, 0, 0, 0, 0, 0, 0, 0, 0, 0, 0, 0, 0, 0, 0, 0, 0, 0]"
19372617_gab,because he is he ruined his life to avenge a stupid crackwhore that sold her body to a fucking nigger for a fix not even worth a little pity neither of them,offensive,"[0, 0, 0, 0, 0, 0, 0, 0, 0, 0, 1, 1, 0, 0, 0, 0, 0, 0, 1, 1, 0, 0, 0, 0, 0, 0, 0, 0, 0, 0, 0, 0]"
1206633266968551425_twitter,<user> netflix will you be releasing a homosexual movie about profit mohammad just in time for eid just wondering,normal,"[0, 0, 0, 0, 0, 0, 0, 1, 1, 1, 1, 1, 1, 1, 1, 1, 1, 0, 0]"
22987236_gab,you dumb nigger <user>,hatespeech,"[0, 1, 1, 0]"
1087182794130903041_twitter,changed my approach no more loving these hoes,offensive,"[0, 0, 0, 0, 0, 0, 0, 1]"
1098743898179100674_twitter,<user> oh im fucken retarded 🤭,offensive,"[0, 0, 0, 1, 1, 0]"
1178667730150416384_twitter,in the manga lucy called plue key white doggy instead of nikora the canis minor pun bot,normal,"[0, 0, 0, 0, 0, 0, 0, 0, 0, 0, 0, 0, 0, 0, 0, 0, 0]"
1227579600181628929_twitter,<user> <user> you are a muslim so you have no say on judaism,offensive,"[0, 0, 0, 0, 0, 1, 0, 0, 0, 1, 1, 1, 1]"
1179001936844132354_twitter,<user> they are taught every day in every direction that we are the white devil nothings going to change get used to it sad,normal,"[0, 0, 0, 0, 0, 0, 0, 0, 0, 0, 0, 0, 0, 0, 0, 0, 0, 0, 0, 0, 0, 0, 0, 0]"
1178715933357019137_twitter,<user> jim sonny dykes sounds like a great vacation destination for lesbians we d love to hear more about it sincerely the wnba,normal,"[0, 0, 0, 0, 0, 0, 0, 0, 0, 0, 0, 0, 0, 0, 0, 0, 0, 0, 0, 0, 0, 0, 0]"
5822752_gab,objectively east asians are an upgrade intelligence and the mixes are frequently stunning look at kristin kreuk dutch chinese and hybrid vigor is a thing,offensive,"[1, 1, 1, 1, 1, 1, 1, 1, 1, 1, 1, 1, 1, 1, 1, 1, 1, 1, 1, 1, 1, 1, 1, 1, 1]"
1196432493135577088_twitter,<user> islamophobia is not just in the mind islamist extremists are for real these are hardened moderate muslims,normal,"[0, 0, 0, 0, 0, 0, 0, 0, 0, 0, 0, 0, 0, 0, 0, 0, 0, 0]"
1178776310312685568_twitter,horrible game and that aubameyang goal is everything that wrong with var ref blows the whistle before auba shoots and the goal is still awarded after review pl refereeing is a fucking joke,normal,"[0, 0, 0, 0, 0, 0, 0, 0, 0, 0, 0, 0, 0, 0, 0, 0, 0, 0, 0, 0, 0, 0, 0, 0, 0, 0, 0, 0, 0, 0, 0, 0, 0]"
21112613_gab,trudeau is a muzzie loving faggot he loves the goathumpers at the expense of canadians yet the canadians elected him what is wrong with canada,hatespeech,"[1, 1, 1, 1, 1, 1, 1, 1, 1, 1, 1, 1, 1, 1, 1, 1, 1, 1, 1, 1, 0, 0, 0, 0, 0]"
19746031_gab,she lying she does not wish to get attacked by jealous nigger bitches white women are not popular with black women,hatespeech,"[0, 0, 0, 0, 0, 0, 0, 0, 0, 0, 1, 1, 1, 0, 0, 0, 0, 0, 0, 0, 0]"
1179095017647853568_twitter,it good to see such a mix of immigrants and colors in van nuys there not a lot of white people but it a city and it los angeles,normal,"[0, 0, 0, 0, 0, 0, 0, 0, 0, 0, 0, 0, 0, 0, 0, 0, 0, 0, 0, 0, 0, 0, 0, 0, 0, 0, 0, 0, 0]"
21771383_gab,i hope they have the same shit skins build us a space ship funny enough if you look at the spacex falcon heavy launch video they are all white or asian engineers male,hatespeech,"[0, 0, 0, 0, 0, 0, 1, 1, 0, 0, 0, 0, 0, 0, 0, 0, 0, 0, 0, 0, 0, 0, 0, 0, 0, 0, 0, 0, 1, 1, 1, 1, 1]"
16968379_gab,yes shiksa the democrats how about a sermon about how they are the real raycis and the chosenites are muh greatest ally or magic dirt makes niggers people,hatespeech,"[0, 1, 0, 0, 0, 0, 0, 0, 0, 0, 0, 0, 0, 0, 0, 0, 0, 0, 0, 0, 0, 0, 0, 1, 1, 1, 1, 1]"
1249409690011721728_twitter,<user> <user> poverty is the worst form of violence,normal,"[0, 0, 0, 0, 0, 0, 0, 0, 0]"
17565199_gab,but <percent> get to wear the ever stylish mudshark monocle take that bigots,normal,"[0, 0, 0, 0, 0, 0, 0, 0, 0, 0, 0, 0, 0]"
8537801_gab,melbourne single shade of islam this was the terrorist yacqub khayre note that he not wearing arab or moslem clothes he literally looks like he going to a club and probably pays his bills like other australians but he fought for terrorists that taqiya that islam,normal,"[0, 1, 1, 1, 1, 0, 0, 0, 0, 0, 0, 0, 0, 0, 0, 0, 0, 0, 1, 0, 0, 0, 0, 0, 0, 0, 0, 0, 0, 0, 0, 0, 0, 0, 0, 0, 0, 0, 0, 0, 0, 1, 0, 0, 0, 1]"
24399964_gab,warski on the list nah i do not think he an enemy i just think he needs to be red pilled a lot more maybe if he came and hung out in the ghetto for about an hour he would wake up,offensive,"[0, 0, 0, 0, 0, 0, 0, 0, 0, 0, 0, 0, 0, 0, 0, 0, 0, 0, 0, 0, 0, 0, 0, 0, 1, 1, 1, 1, 1, 1, 1, 1, 1, 1, 1, 1, 1, 1, 1, 1, 1, 1]"
11070324_gab,ghetto whites influenced by ghetto blacks can you give one example of when black culture has influenced whites positively nb4 rock n roll,offensive,"[1, 1, 0, 0, 1, 1, 0, 0, 0, 0, 0, 0, 0, 0, 0, 0, 0, 0, 0, 0, 0, 0, 0]"
12193495_gab,an explosion took place on a crowded london underground train early friday morning reportedly injuring up to <number> people at the time of this publishing postings on social media showed the aftermath of what appears to be a white bucket inside a bag with wires sticking out of it,normal,"[0, 0, 0, 0, 0, 0, 0, 0, 0, 0, 0, 0, 0, 0, 0, 0, 0, 0, 0, 0, 0, 0, 0, 0, 0, 0, 0, 0, 0, 0, 0, 0, 0, 0, 0, 0, 0, 0, 0, 0, 0, 0, 0, 0, 0, 0, 0, 0, 0]"
17714719_gab,when moslems flee moslem countries dont that make them islamophobic,normal,"[0, 0, 0, 0, 0, 0, 0, 0, 0, 0]"
1246577578506194945_twitter,it ’ the demonazi ’ and republicommies,normal,"[0, 0, 0, 0, 0, 0, 0]"
1181180628076843008_twitter,lofuckenl im not fucken with these niggers today ‼️ 😒,normal,"[0, 0, 0, 0, 0, 0, 1, 0, 0, 0]"
1187943154714075141_twitter,everybody criticize lebron as if they can do w this nigga has done for the last <number> yrs lol,normal,"[0, 0, 0, 0, 0, 0, 0, 0, 0, 0, 0, 0, 0, 0, 0, 0, 0, 0, 0]"
1267961587328925696_twitter,<user> <user> fred couldnt renew his mind enough god almighty snapped his neck without violence u want do that again,normal,"[0, 0, 0, 0, 0, 0, 0, 0, 0, 0, 0, 0, 0, 0, 0, 0, 0, 0, 0, 0]"
26178271_gab,concerning thotgate it was only when women such as faith goldy lauren rose and blonde in the belly of the beast announced that they were embracing white identity ethnonationalism that figures like weev and anglin decided to strike lauren southern previous relationship to the nigger was known prior to the incident,hatespeech,"[0, 1, 0, 0, 0, 0, 0, 0, 0, 0, 0, 0, 0, 0, 0, 0, 0, 0, 0, 0, 0, 0, 0, 0, 0, 0, 0, 1, 1, 0, 0, 0, 0, 0, 0, 0, 0, 0, 0, 0, 0, 0, 0, 0, 1, 0, 0, 0, 0, 0, 0]"
1178861760100601857_twitter,i literally love my bf so much omg you niggers suck lane ass,normal,"[0, 0, 0, 0, 0, 0, 0, 0, 0, 0, 0, 0, 0]"
1177726979438596096_twitter,smoking fiya in a hotel eating shrimp wit a towel under the door and a thick red hoe,offensive,"[0, 0, 0, 0, 0, 0, 0, 0, 0, 0, 0, 0, 0, 0, 0, 0, 0, 1]"
1181626302224371714_twitter,<user> parties with leo room full of bad bitch and fine niggas,normal,"[0, 0, 0, 0, 0, 0, 0, 0, 0, 0, 0, 0]"
1178687316581240834_twitter,<user> <user> it depends like i have been with all kinds of white boys but i dated this one basketball player he was fine as hell <number> one of them white boys who hung around niggas all the time that was some elite dick,normal,"[0, 0, 0, 0, 0, 0, 0, 0, 0, 0, 0, 0, 0, 0, 0, 0, 0, 0, 0, 0, 0, 0, 0, 0, 0, 0, 0, 0, 0, 0, 0, 0, 0, 0, 0, 0, 0, 0, 0, 0, 0, 0, 0, 0]"
1282447_gab,yes gay marriage does affect you just as high divorce rates affect you <number> in <number> kids grow up fatherless today which contributes hugely to sexual identity problems later in life gay marriages only compound the struggle of homosexual identity by bringing others into the equation including kids,offensive,"[0, 1, 1, 1, 1, 1, 0, 0, 0, 0, 0, 0, 0, 0, 0, 0, 0, 0, 0, 0, 0, 0, 0, 0, 0, 0, 0, 0, 0, 0, 0, 1, 1, 1, 1, 1, 1, 1, 1, 1, 0, 0, 0, 0, 0, 0, 0, 0]"
1178809661719486465_twitter,<user> <user> wake up your leader is a queer indian globalist who is signing laws to turn ireland black islamic with <number> years,normal,"[0, 0, 0, 0, 0, 0, 0, 0, 1, 1, 1, 0, 0, 0, 0, 0, 0, 0, 0, 0, 0, 0, 0]"
17364832_gab,u fucking kike troll eat shit with your nazi obvious cuckfaggory,hatespeech,"[0, 1, 1, 1, 0, 0, 0, 0, 1, 1, 1]"
1225554716014280705_twitter,<user> <user> this means there are not illegal immigrants,normal,"[0, 0, 0, 0, 0, 0, 0, 0, 0]"
22568574_gab,yes they do ours hates niggers she goes nuts anytime she see a nigger buck or sow,hatespeech,"[0, 0, 0, 1, 1, 1, 1, 1, 1, 1, 1, 1, 1, 1, 1, 1, 1]"
1145907252857122816_twitter,<user> <user> shtu she can stay her 🍑 in queens or d.c. and these illegal immigrants can go back home anytime they wish 😢 soft 🍑,offensive,"[0, 0, 0, 0, 0, 1, 1, 0, 0, 0, 0, 0, 0, 1, 1, 1, 1, 1, 1, 1, 0, 0, 0, 0, 0, 0]"
20563340_gab,personally i favour fat camps exercise dietary education and fat awareness are the way forward in the future white ethnostate fast food outlets will be forced to sell healthy food or be taxed out of existence feel feels will be mocked and ridiculed 🐸,offensive,"[1, 0, 1, 1, 1, 0, 0, 0, 0, 0, 0, 0, 0, 0, 0, 1, 1, 1, 1, 0, 0, 0, 0, 0, 0, 0, 0, 0, 0, 0, 0, 0, 0, 0, 0, 0, 0, 0, 0, 0, 0, 0, 0, 0]"
23344825_gab,sorry middle east and country like syria problem is from islam kill the nonmuslim that includes people who live there that why it is not going to stop it western will not be there in those areas if there was no oil or care or even bring them to western,hatespeech,"[1, 1, 1, 1, 1, 1, 1, 1, 1, 1, 1, 1, 1, 1, 1, 1, 1, 1, 1, 1, 1, 1, 1, 1, 1, 1, 1, 1, 1, 1, 1, 1, 1, 1, 1, 1, 1, 1, 1, 1, 1, 1, 1, 1, 1, 1, 1, 1, 1, 1]"
7791304_gab,i had a wonderful wonderful nigger free weekend,hatespeech,"[0, 0, 0, 0, 0, 1, 1, 1]"
1178786478870142976_twitter,also i am very much like the homosexual friend this is pretty much how my old friends used to see me,normal,"[0, 0, 0, 0, 0, 0, 0, 0, 0, 0, 0, 0, 0, 0, 0, 0, 0, 0, 0, 0, 0]"
12994897_gab,multiple kinds of strengths modesty is one i lack you sorta have to though when i get called an ugly world destroying kike whore commenting that they have a valid point is probably unproductive,hatespeech,"[0, 0, 0, 0, 0, 0, 0, 0, 0, 0, 0, 0, 0, 0, 0, 0, 0, 0, 1, 1, 1, 1, 1, 1, 0, 0, 0, 0, 0, 0, 0, 0, 0, 0]"
1179088137022083073_twitter,<user> tfw cv is <number> and the yoof call her a nazi for <number> of <number> paths <number> did not enable pedophilia hard enough <number> white genocide enabler let us choose option <number> white supremacy,normal,"[0, 0, 0, 0, 0, 0, 0, 0, 0, 0, 0, 0, 0, 0, 0, 0, 0, 0, 0, 0, 0, 0, 0, 0, 0, 0, 0, 0, 0, 0, 0, 0, 0, 0, 0]"
1242188730099793920_twitter,white bitch pink pussy,offensive,"[1, 1, 1, 1]"
1178518039655927809_twitter,i am literally retarded kms,normal,"[0, 0, 0, 0, 0]"
17112256_gab,rico beaners are busy stealing hording the cash from charities and welfare daddy usa instead of fixing the infrastructure and getting shit done the problem is corruption by elected officials and puerto ricans always has been and always will be,hatespeech,"[1, 1, 1, 1, 1, 1, 1, 1, 1, 1, 1, 1, 0, 0, 0, 0, 0, 0, 0, 0, 0, 0, 0, 0, 0, 0, 0, 0, 0, 0, 0, 0, 0, 0, 0, 0, 0, 0, 0, 0]"
24357524_gab,i still think i will blog and youtube under my instagram alias it fun playing a happy character i am heavily tempted to start a blog and affiliate market under alias as newbie muslim convert so i can get that islamic money taqiya goes both ways ha ha,offensive,"[0, 0, 0, 0, 0, 0, 0, 0, 0, 0, 0, 0, 0, 0, 0, 0, 0, 0, 1, 1, 1, 1, 1, 1, 1, 1, 1, 1, 1, 1, 1, 1, 1, 1, 1, 1, 1, 1, 1, 1, 1, 1, 1, 1, 1, 1, 0, 0]"
11366872_gab,not tame just do not use words like nigger and kike etc disqus lets websites blacklist particular words,normal,"[0, 0, 0, 0, 0, 0, 0, 0, 0, 0, 0, 0, 0, 0, 0, 0, 0, 0]"
11917412_gab,this of course is just donald trump charming kike son in law helping out the don with 4 d ultra hi res techni colour chess you will have to admit it sooner or later america trump was controlled opposition against clinton,hatespeech,"[0, 0, 0, 0, 0, 0, 0, 0, 1, 0, 0, 0, 0, 0, 0, 0, 0, 0, 0, 0, 0, 0, 0, 0, 0, 0, 0, 0, 0, 0, 0, 0, 0, 0, 0, 0, 0, 0, 0, 0, 0]"
16912340_gab,an idiot child who thought his nazi fan boy ramblings were nuggets of gold,normal,"[0, 1, 1, 0, 0, 0, 1, 1, 1, 0, 0, 0, 0, 0]"
1185280086272106497_twitter,<user> what flag goes on top now the russian one the nazi one the traitorus rebel flag the turkish one or old glory,normal,"[0, 0, 0, 0, 0, 0, 0, 0, 0, 0, 0, 0, 0, 0, 0, 0, 0, 0, 0, 0, 0, 0, 0]"
1130933063263883264_twitter,this girl was so retarded when she told me dis bacc in the day i tried so hard not <number> laugh bra,offensive,"[0, 0, 0, 0, 1, 0, 0, 0, 0, 0, 0, 0, 0, 0, 0, 0, 0, 0, 0, 0, 0, 0]"
1240029444812791808_twitter,“ i wanna spank ur creamy ass until it turns pink ” sir i am a negro,offensive,"[0, 1, 1, 1, 1, 1, 1, 1, 1, 1, 1, 1, 1, 1, 1, 1, 1]"
16881276_gab,make up your retarded mind did hitler or did he not kill <number> jews,offensive,"[0, 0, 0, 1, 0, 1, 1, 1, 1, 1, 1, 1, 1, 1]"
14715730_gab,drunk driving could have easily killed me in the past couple years luckily enough people on mpc called me a nigger so i have stopped doing that mpc status updates,offensive,"[0, 0, 0, 0, 0, 0, 0, 0, 0, 0, 0, 0, 0, 0, 0, 0, 0, 0, 0, 0, 1, 0, 0, 0, 0, 0, 0, 0, 0, 0]"
1104346615941345280_twitter,miss kennedy six grade i hate you and i do have an attitude problem which i am adjusting how is the black gym teacher mr green,offensive,"[0, 0, 0, 0, 1, 1, 1, 0, 0, 0, 0, 0, 0, 0, 0, 0, 0, 0, 0, 0, 0, 1, 1, 1, 1, 0]"
16407424_gab,want to know the real bubble the usd under the fed we will remove the nigger fed,normal,"[0, 0, 0, 0, 0, 0, 0, 0, 0, 0, 0, 0, 0, 0, 0, 0, 0]"
25821391_gab,a shaming campaign for homeowners who use beaner labor is in order,hatespeech,"[0, 0, 0, 0, 0, 0, 0, 1, 1, 0, 0, 0]"
1178626327307522048_twitter,literally every bi queer woman i have been with has said some shit like i like that you really do not care about their sexuality like of course i do not you have been fucking with insecure dykes n bi phobics n shit smh,normal,"[0, 0, 0, 0, 0, 0, 0, 0, 0, 0, 0, 0, 0, 0, 0, 0, 0, 0, 0, 0, 0, 0, 0, 0, 0, 0, 0, 0, 0, 0, 0, 0, 0, 0, 0, 0, 0, 0, 0, 0, 0, 0, 0, 0]"
12152564_gab,antifa are retarded we could not have picked better enemies,offensive,"[1, 1, 1, 0, 0, 0, 0, 0, 0, 0]"
12423012_gab,italian leftist communist unelected and terrorist government is about to give away italian citizenship to every illegal immigrant in italy but other eu countries are not happy because scores of african and arab thugs would also automatically become european citizens d d d,offensive,"[1, 1, 1, 1, 1, 1, 1, 1, 1, 1, 1, 1, 1, 1, 1, 1, 1, 1, 1, 1, 1, 1, 1, 1, 1, 1, 1, 1, 1, 1, 1, 1, 1, 1, 1, 1, 1, 1, 1, 1, 0, 0, 0]"
11794553_gab,gay moslem support group,normal,"[0, 0, 0, 0]"
10968468_gab,fuck those blue nigger heli whores their dorm burned down due to faulty wiring and they blame rick spencer,hatespeech,"[0, 0, 0, 1, 1, 1, 0, 0, 0, 0, 0, 0, 0, 0, 0, 0, 0, 0, 0]"
1179068092086984704_twitter,that white devil ain t low 😒,offensive,"[0, 1, 1, 0, 0, 0, 0]"
1178896136511336454_twitter,<user> listen to all them white people clap i bet they clap when they plane land too lmao,normal,"[0, 0, 0, 0, 0, 0, 0, 0, 0, 0, 0, 0, 0, 0, 0, 0, 0, 0]"
1178880742107095040_twitter,yeah i do not really see the humor in this whole civil war signup trend especially when white supremacists are walking into black churches mosques synagogues and walmarts where they know immigrants shop at with aks,normal,"[0, 0, 0, 0, 0, 0, 0, 0, 0, 0, 0, 0, 0, 0, 0, 0, 0, 0, 0, 0, 0, 0, 0, 0, 0, 0, 0, 0, 0, 0, 0, 0, 0, 0, 0, 0]"
16318068_gab,what an nfl 😂 all this over a racist black thug in furgeson who lied about a white police officer for fun the same injustice that blm supposedly stands against 😂 how many racist policemen were defending ft mchenry when our anthem was written makes sense huh 😂,offensive,"[0, 0, 0, 0, 0, 0, 0, 0, 1, 1, 1, 1, 1, 0, 0, 0, 0, 0, 0, 0, 0, 0, 0, 0, 0, 0, 0, 0, 0, 0, 0, 0, 0, 0, 0, 0, 0, 0, 0, 0, 0, 0, 0, 0, 0, 0, 0, 0]"
1178935339559374848_twitter,côte d ivoire a <number> year old girl was raped by an adult this little baby was found by his family bathed in his blood in a bush rape is a reprehensible act the culprit must be found and justice must be done we must denounce these despicable acts,normal,"[0, 0, 0, 0, 0, 0, 0, 0, 0, 0, 0, 0, 0, 0, 0, 0, 0, 0, 0, 0, 0, 0, 0, 0, 0, 0, 0, 0, 0, 0, 0, 0, 0, 0, 0, 0, 0, 0, 0, 0, 0, 0, 0, 0, 0, 0, 0, 0, 0]"
16887943_gab,in general black people are capable of civilized behavior you are right that ghetto culture is an expectation not an absolute it can be changed i am a race realist but also see whole truth in <number> black crime rates were much lower than today,offensive,"[0, 0, 1, 1, 0, 0, 0, 0, 0, 0, 0, 0, 0, 1, 1, 0, 0, 0, 0, 0, 0, 0, 0, 0, 0, 0, 0, 0, 0, 0, 0, 0, 0, 0, 0, 0, 0, 0, 0, 0, 0, 0, 0, 0, 0]"
1178712835800653824_twitter,<user> <user> thats a leap do black people who love black people want a black only nation do asians who love asians want an asian only nation these are assumptions you only make about white people simply because you resent them you resent us because we are were the majority,normal,"[0, 0, 0, 0, 0, 0, 0, 0, 0, 0, 0, 0, 0, 0, 0, 0, 0, 0, 0, 0, 0, 0, 0, 0, 0, 0, 0, 0, 0, 0, 0, 0, 0, 0, 0, 0, 0, 0, 0, 0, 0, 0, 0, 0, 0, 0, 0, 0, 0, 0]"
1185184833640652800_twitter,is slutshaming still a thing yikes,normal,"[0, 0, 0, 0, 0, 0]"
1124192879667183616_twitter,<user> i dont like illegal immigrants and im dominican maga and ramfis trujillo <number>,offensive,"[0, 0, 1, 1, 1, 1, 0, 0, 0, 1, 1, 1, 0, 0]"
8333159_gab,i wanna see a <number> me page now ya dingo kangz larper you are a kike and ya know it at the very least ya post like one,hatespeech,"[0, 0, 0, 0, 0, 0, 0, 0, 0, 0, 0, 0, 1, 1, 1, 1, 0, 0, 0, 0, 0, 0, 0, 0, 0, 0, 0, 0]"
1178975080438784000_twitter,<user> <user> cobalt os used in also sorts of technology renewables is just a part of the larger business africa continues to be raped byvthe west as it always has been,normal,"[0, 0, 0, 0, 0, 0, 0, 0, 0, 0, 0, 0, 0, 0, 0, 0, 0, 0, 0, 0, 0, 0, 0, 0, 0, 0, 0, 0, 0, 0, 0]"
10731269_gab,and the nazi larping is moronic even national socialism is retarded socialists will never save the white race in america in the u.s. a real white advocacy political movement can only be libertarian,offensive,"[0, 0, 1, 1, 0, 0, 0, 1, 1, 1, 1, 1, 1, 1, 1, 1, 1, 1, 1, 1, 0, 0, 0, 0, 0, 0, 0, 0, 0, 0, 0, 0, 0]"
23641038_gab,that because you never voted in a muzzo nigger before,hatespeech,"[0, 0, 0, 0, 0, 0, 0, 1, 1, 0]"
25200066_gab,assmador can not go outside now that bad optics as for cantwell he probably got other things on his mind than what a sasquatch that pretends to be a nigger is doing,hatespeech,"[0, 0, 0, 0, 0, 0, 0, 0, 0, 0, 0, 0, 0, 0, 0, 0, 0, 0, 0, 0, 0, 0, 0, 1, 1, 1, 1, 1, 1, 1, 0, 0]"
1178825670849388546_twitter,i am white and i get called nigger on xbox and that shit still pisses me off lmfao,normal,"[0, 0, 0, 0, 0, 0, 0, 0, 0, 0, 0, 0, 0, 0, 0, 0, 0, 0]"
1164783306950320128_twitter,i love alt j but i think it ’ homophobic for a white man to make me listen to alt j,normal,"[0, 0, 0, 0, 0, 0, 0, 0, 0, 0, 0, 0, 0, 0, 0, 0, 0, 0, 0, 0, 0]"
19961089_gab,lol yeah i am not gonna give you my name and pic faggot i am not stupid set it up and ill show up no tricks just a beatin inside the ring,hatespeech,"[0, 0, 0, 0, 0, 0, 0, 0, 0, 0, 0, 0, 1, 0, 0, 0, 0, 0, 0, 0, 0, 0, 0, 0, 0, 0, 0, 0, 0, 0, 0, 0]"
9005457_gab,i will bet this is true that it was not terrorism and only an accident abetted by muslims standing in a road way i will also bet the state will ignore that and play up this incident as anti muslim violence to further suppress the native britons,offensive,"[1, 1, 1, 1, 1, 1, 1, 1, 1, 1, 1, 1, 1, 1, 1, 1, 1, 1, 1, 1, 1, 1, 1, 1, 1, 1, 1, 1, 1, 1, 1, 1, 1, 1, 1, 1, 1, 1, 1, 1, 1, 1, 1, 1, 1, 1, 1]"
1176235229423554563_twitter,<user> ching chong desu,hatespeech,"[0, 1, 1, 1]"
1179104109024165893_twitter,<user> <user> <user> <user> <user> <user> <user> and they are all white people,normal,"[0, 0, 0, 0, 0, 0, 0, 0, 0, 0, 0, 0, 0]"
1124356264568315906_twitter,cause you same hoes be the one selling every hole on your body down to your nose ears so you lil bitches can nize it,offensive,"[0, 0, 0, 1, 0, 0, 0, 0, 0, 0, 0, 0, 0, 0, 0, 0, 0, 0, 0, 0, 0, 1, 0, 0, 0]"
18534478_gab,comic book readers prove no fan of progressives dismal sales marvel cancels all lgbtq queer culture feminist illegal immigrant black lives matter social justice themed comics gab gabfam speakfreely chat americans,normal,"[0, 0, 0, 0, 0, 0, 0, 0, 0, 0, 0, 0, 0, 0, 0, 0, 0, 0, 0, 0, 0, 0, 0, 0, 0, 0, 0, 0, 0, 0, 0]"
27072762_gab,grandpa fought the nazis so cops social workers could pretend to not see sandniggers raping little white girls,hatespeech,"[0, 0, 0, 0, 0, 0, 0, 0, 0, 0, 0, 1, 1, 1, 1, 1, 1, 1]"
24795931_gab,let them take the faggots,hatespeech,"[1, 1, 1, 1, 1]"
11616852_gab,i called <user> a dumb nigger every day for a month,hatespeech,"[0, 0, 0, 0, 1, 1, 0, 0, 0, 0, 0]"
1178799574888173568_twitter,<user> too much crazy in your towel head,hatespeech,"[0, 0, 0, 0, 0, 0, 1, 1]"
27770159_gab,that criminal m.l.k. jr being arrested outside a courtroom in <number> should have locked the nigger criminal up for life nearly <number> year later you see the anti white american bastard has caused,hatespeech,"[0, 1, 1, 1, 0, 0, 0, 0, 0, 0, 0, 0, 0, 1, 1, 1, 1, 1, 0, 0, 0, 0, 0, 0, 0, 0, 0, 1, 1, 1, 1, 0, 0]"
1178947576667750400_twitter,<user> retarded is when women do not get their books checked before its too late,normal,"[0, 0, 0, 0, 0, 0, 0, 0, 0, 0, 0, 0, 0, 0, 0]"
1178781806570528768_twitter,<user> can pope francis offer a holy mass for justice to victims of horrific crimes rape murder violence knife attacks abuse verbal physical by migrants illegal aliens refugees and all foreigners whose value system and practices condone such crimes and insult christianity,normal,"[0, 0, 0, 0, 0, 0, 0, 0, 0, 0, 0, 0, 0, 0, 0, 0, 0, 0, 0, 0, 0, 0, 0, 0, 0, 0, 0, 0, 0, 0, 0, 0, 0, 0, 0, 0, 0, 0, 0, 0, 0, 0]"
20665727_gab,these are refugees and asylum seekers that are not welcome in europe,normal,"[1, 1, 1, 1, 1, 1, 1, 1, 1, 1, 1, 1]"
1107103112513368064_twitter,<user> ok let me know when you find a nazi,offensive,"[0, 0, 0, 0, 0, 0, 0, 0, 0, 1]"
9992513_gab,it is awful look at world demographics asians are fucking everywhere another betrayal white genocide is real,hatespeech,"[0, 0, 0, 0, 0, 0, 0, 1, 1, 1, 1, 0, 0, 1, 1, 1, 1]"
18861953_gab,i believe we shuld have a national mudshark holiday too ain t rite niggers git a hole month in feb an nuttin for there mudsharks were da justice at,hatespeech,"[0, 0, 0, 0, 0, 0, 0, 1, 0, 0, 0, 0, 0, 1, 0, 0, 0, 0, 0, 0, 1, 1, 1, 1, 1, 0, 0, 0, 0]"
1160643688306900992_twitter,i d give anything to eviscerate that son of a bitch sadly the rules will not allow it,normal,"[0, 0, 0, 0, 0, 0, 0, 0, 0, 0, 0, 0, 0, 0, 0, 0, 0, 0]"
9492138_gab,<user> and <user> the two latest jew hating bigots to be added to my mute list i think having gab biggest mute list because of gay bashers and jew haters is definitely within reach,normal,"[0, 0, 0, 0, 0, 0, 0, 0, 0, 0, 0, 0, 0, 0, 0, 0, 0, 0, 0, 0, 0, 0, 0, 0, 0, 0, 0, 0, 0, 0, 0, 0, 0, 0]"
5328590_gab,after the hillaries developed the birther and the towelhead strategies mccain refused to used to use them and even chided those that suggested it what a sweet guy when you get checks from both soros and the saudis do you list them alphabetically on your deposit slip,hatespeech,"[0, 0, 0, 0, 0, 0, 0, 0, 1, 0, 0, 0, 0, 0, 0, 0, 0, 0, 0, 0, 0, 0, 0, 0, 0, 0, 0, 0, 0, 0, 0, 0, 0, 0, 0, 0, 0, 0, 0, 0, 0, 0, 0, 0, 0, 0, 0]"
1099747813263589377_twitter,<user> they are retarded if they sack sarri,normal,"[0, 0, 0, 0, 0, 0, 0, 0]"
1178430921156042753_twitter,<user> when roy rosales killed he called himself a dumb nigger which in court you have to say roy rosales dumb nigger killed,normal,"[0, 0, 0, 0, 0, 0, 0, 0, 0, 0, 0, 0, 0, 0, 0, 0, 0, 0, 0, 0, 0, 0, 0]"
16495287_gab,the only way we are going to free the west from dangerous invaders is to ban all the male cucks and the women who crave somali cock from our parliaments,normal,"[0, 0, 0, 0, 0, 0, 0, 0, 0, 0, 0, 1, 1, 0, 0, 1, 1, 1, 1, 1, 1, 1, 1, 1, 1, 1, 1, 0, 0, 0]"
1208918726424190976_twitter,expectations are a bitch,normal,"[0, 0, 0, 0]"
24246235_gab,boomer faggots that downvoted this deserve death,hatespeech,"[1, 1, 1, 1, 1, 1, 1]"
9338046_gab,saw a documentary a couple of years ago on the part still destroyed by the flood everyone complaining about injustice and racism of someone not rebuilding their ghetto in a non gentrifying way of course which was run down before the flood they expect handouts,offensive,"[0, 0, 0, 0, 0, 0, 0, 0, 0, 0, 0, 0, 0, 0, 0, 0, 1, 1, 1, 1, 1, 1, 1, 1, 1, 1, 1, 1, 1, 1, 1, 1, 1, 1, 1, 1, 1, 1, 1, 1, 1, 1, 1, 1, 1]"
1178571627400839168_twitter,dam shit sad if your for african american people you are president they look for ways to impeach you but if you are white for illegal immigrants nothing happens america is racist it ll never change were facing extinction they hate us for what they have done to us,normal,"[0, 0, 0, 0, 0, 0, 0, 0, 0, 0, 0, 0, 0, 0, 0, 0, 0, 0, 0, 0, 0, 0, 0, 0, 0, 0, 0, 0, 0, 0, 0, 0, 0, 0, 0, 0, 0, 0, 0, 0, 0, 0, 0, 0, 0, 0, 0, 0, 0]"
1078827858011787265_twitter,<user> jews fucking jews,offensive,"[0, 1, 1, 1]"
1178879881070960641_twitter,i just want a straight male friend that i can do nigga shit with i got too many queer male friends that i end up being the nigga in the group,normal,"[0, 0, 0, 0, 0, 0, 0, 0, 0, 0, 0, 0, 0, 0, 0, 0, 0, 0, 0, 0, 0, 0, 0, 0, 0, 0, 0, 0, 0, 0, 0]"
1179035412645502976_twitter,<user> from shithole countries lol go suck on an orange turd,normal,"[0, 0, 1, 1, 0, 0, 0, 0, 0, 0, 0]"
19266458_gab,fuck that nigger read moar you faggots its not all it appears but she a good nigger now,hatespeech,"[1, 1, 1, 0, 0, 0, 1, 0, 0, 0, 0, 0, 0, 0, 0, 0, 1, 0]"
9837326_gab,so much anti white rhetoric is out of the mouths of caucasians will say it again if they preach abolition decimation of white race they can demonstrate their dedication to the notion by committing suicide purify their beloved globe by ridding it of their whiteness we will take it from there,offensive,"[0, 0, 1, 1, 1, 0, 0, 0, 0, 1, 1, 1, 0, 0, 0, 0, 0, 0, 0, 0, 0, 0, 0, 0, 0, 0, 1, 1, 1, 1, 1, 1, 1, 1, 1, 0, 0, 0, 0, 0, 1, 1, 1, 1, 1, 0, 0, 0, 0, 0, 0]"
1482573_gab,<user> well not really islam does not care for ridicule nor reason you beat islam like you would a pack of wolves just do not be a bitch and act tougher than they are problem solved oh and do not invade their hunting grounds if you can help it,offensive,"[0, 0, 0, 0, 0, 0, 0, 0, 0, 0, 0, 0, 1, 1, 1, 1, 1, 1, 1, 1, 1, 1, 0, 0, 0, 0, 0, 1, 0, 0, 0, 0, 0, 0, 0, 0, 0, 0, 0, 0, 0, 0, 0, 0, 0, 0, 0, 0, 0]"
1193298995734622215_twitter,fellas is it gay to have gay friends,offensive,"[1, 1, 1, 1, 1, 1, 1, 1]"
16545674_gab,the only reason he is still breathing is to write the truth about the empire of lies that cost him his home and children in ghetto baltimore he lives on practically nothing and refuses government handouts he writes like a madman support him on patreon the results cost ratio is amazing,normal,"[0, 0, 0, 0, 0, 0, 0, 0, 0, 0, 0, 0, 0, 0, 0, 0, 0, 0, 0, 0, 0, 0, 0, 0, 0, 0, 0, 0, 0, 0, 0, 0, 0, 0, 0, 0, 0, 0, 0, 0, 0, 0, 0, 0, 0, 0, 0, 0, 0, 0, 0]"
1118978139256950784_twitter,<user> u negroes never take your destiny into your own hands and just keep waiting for others to change your lot in life,offensive,"[0, 0, 1, 0, 0, 0, 0, 0, 0, 0, 0, 0, 0, 0, 0, 0, 0, 0, 0, 0, 0, 0, 0]"
16123875_gab,instant mute and creeping my tl total kike behavior,hatespeech,"[0, 0, 0, 0, 0, 0, 0, 1, 0]"
19511749_gab,i wish these retarded filthy sub humans would quit that you know what i find funny about this particular go round she whiter than the kike schumer talk about the pot calling the kettle names eh,hatespeech,"[0, 0, 0, 1, 1, 1, 1, 0, 0, 0, 0, 0, 0, 0, 0, 0, 0, 0, 0, 0, 0, 0, 0, 0, 0, 1, 0, 0, 0, 0, 0, 0, 0, 0, 0, 0]"
1178920364702760960_twitter,<user> <user> <user> any race other than white are considered poc if asians are just asians then blacks are just blacks mexicans are just mexicans and so on,normal,"[0, 0, 0, 0, 0, 0, 0, 0, 0, 0, 0, 0, 0, 0, 0, 0, 0, 0, 0, 0, 0, 0, 0, 0, 0, 0, 0, 0]"
11200562_gab,macro the left gets bullied by blacks muslimes and victim groups the right does not get bullied the left as a reaction <number> themselves being bullied pretend they r freedom fighters side with those bullying them and attack conservatives who defend themselves while accusing them of being bullies,hatespeech,"[0, 0, 0, 0, 0, 0, 1, 1, 0, 0, 0, 0, 0, 0, 0, 0, 0, 0, 0, 0, 0, 0, 0, 0, 0, 0, 0, 0, 0, 0, 0, 0, 0, 0, 0, 0, 0, 0, 0, 0, 0, 0, 0, 0, 0, 0, 0, 0]"
3713159_gab,<user> yes he is weird and chasing after women but to me is kind of funny,normal,"[0, 0, 0, 0, 0, 0, 0, 0, 0, 0, 0, 0, 0, 0, 0, 0]"
24168193_gab,or the construction company hired some raghead sleeper cell asshole,hatespeech,"[0, 0, 0, 0, 0, 0, 1, 1, 1, 1]"
14477029_gab,game over kike suddenly you have amnesia i would say where we met and talked i do not want to broadcast it so you have dirt on me anyways identity very confirmed hoe,hatespeech,"[0, 0, 1, 0, 0, 0, 0, 0, 0, 0, 0, 0, 0, 0, 0, 0, 0, 0, 0, 0, 0, 0, 0, 0, 0, 0, 0, 0, 0, 0, 0, 0, 0]"
22151178_gab,salibury it was a white haired man with white tash i think i know who it is,normal,"[0, 0, 0, 0, 0, 0, 0, 0, 0, 0, 0, 0, 0, 0, 0, 0, 0]"
1179073898903719938_twitter,i do not wanna be a super reacher but something is telling me that lil girl did not lie about them white boys bullying her and cutting her hair i am wondering if the family is doing this cuz they fear for her safety 🤔,normal,"[0, 0, 0, 0, 0, 0, 0, 0, 0, 0, 0, 0, 0, 0, 0, 0, 0, 0, 0, 0, 0, 0, 0, 0, 0, 0, 0, 0, 0, 0, 0, 0, 0, 0, 0, 0, 0, 0, 0, 0, 0, 0, 0, 0, 0]"
19607225_gab,when i see a nigger bich i do not see a woman i see a turd wit a brillohaid,hatespeech,"[0, 0, 0, 0, 1, 1, 0, 0, 0, 0, 0, 0, 0, 0, 0, 1, 1, 1, 1]"
11200659_gab,i am sure you are totally the alpha faggot at the standard fuckparties,offensive,"[0, 0, 0, 0, 0, 0, 0, 1, 1, 1, 1, 1, 1]"
23253693_gab,no shit but if you do not think blacks and mexicans and white supremacists do not get into fights you are naive and have no clue,normal,"[0, 0, 0, 0, 0, 0, 0, 0, 0, 0, 0, 0, 0, 0, 0, 0, 0, 0, 0, 0, 0, 0, 0, 0, 0, 0]"
19077326_gab,jewish males and queers in general routinely practice coprophagia,offensive,"[1, 1, 1, 1, 1, 1, 1, 1, 1]"
1178426476338671616_twitter,right now we have at least <number> of the white stuff on the ground what ever happened to the fall season lol 🇨 🇦,normal,"[0, 0, 0, 0, 0, 0, 0, 0, 0, 0, 0, 0, 0, 0, 0, 0, 0, 0, 0, 0, 0, 0, 0, 0]"
14589326_gab,only in america can some useless no talent nigger generate a net worth of <money> million off of degenerate shitheads,hatespeech,"[0, 0, 0, 0, 0, 1, 1, 1, 1, 0, 0, 0, 0, 0, 0, 0, 0, 0, 0, 0]"
13381604_gab,just report it the call for genocide and the posts saying he is actively planning to kill jews are all tos violations i think th support crew is overwhelmed and it ll get more attention if it gets multiple reports,normal,"[0, 0, 0, 0, 0, 0, 0, 0, 0, 0, 0, 0, 0, 0, 0, 0, 0, 0, 0, 0, 0, 0, 0, 0, 0, 0, 0, 0, 0, 0, 0, 0, 0, 0, 0, 0, 0, 0, 0, 0]"
3780280_gab,if <user> billionaire appointments enslaved blacks stoned women and executed gays they d be clinton foundation donors,hatespeech,"[0, 0, 1, 1, 1, 1, 1, 1, 1, 1, 1, 1, 1, 1, 1, 1, 1]"
1178690977403416581_twitter,<user> is a creative external processor of emotions queer black tweeter and meme connoisseur from england matthias works to create a safe space for everyone to feel that they are not alone and that their experiences are valid he also enjoys getting rather silly,normal,"[0, 0, 0, 0, 0, 0, 0, 0, 0, 0, 0, 0, 0, 0, 0, 0, 0, 0, 0, 0, 0, 0, 0, 0, 0, 0, 0, 0, 0, 0, 0, 0, 0, 0, 0, 0, 0, 0, 0, 0, 0, 0, 0, 0]"
1831319_gab,for the record i do not think it can be denied that jews are nepotistic and intelligent with a strong in group preference what bothers me is that they will not allow anyone else the same priviledge,normal,"[0, 0, 0, 0, 0, 0, 0, 0, 0, 0, 0, 0, 0, 0, 0, 0, 0, 0, 0, 0, 0, 0, 0, 0, 0, 0, 0, 0, 0, 0, 0, 0, 0, 0, 0, 0, 0]"
22888361_gab,says the moron as muscum rape murder commit pedophilia beat their women sell slaves on a daily basis no change in well over <number> years sorry clone zero guilt in my entire lineage never has been never will be what a sorry ass excuse for a human being you are,offensive,"[0, 0, 0, 0, 1, 1, 1, 1, 1, 1, 1, 1, 1, 1, 1, 1, 1, 1, 0, 0, 0, 0, 0, 0, 0, 0, 0, 0, 0, 0, 0, 0, 0, 0, 0, 0, 0, 0, 0, 0, 0, 0, 0, 0, 0, 0, 0, 0, 0, 0]"
27585514_gab,can not really say that i feel bad about that one <number> dead spic faggots and a dead muslimic none of whom belong in this country is a positive outcome imho,hatespeech,"[0, 0, 0, 0, 0, 0, 0, 0, 0, 0, 0, 1, 1, 1, 1, 1, 1, 1, 1, 1, 1, 1, 1, 1, 1, 1, 1, 1, 1, 1, 0]"
10503615_gab,sperm banks have allowed women who do not have the maturity and social skills to maintain long term relationships to reproduce,normal,"[0, 0, 0, 0, 0, 0, 0, 0, 0, 0, 0, 0, 0, 0, 0, 0, 0, 0, 0, 0, 0]"
1178860972762636289_twitter,meanwhile they are called shithole countries,normal,"[0, 0, 0, 0, 0, 0]"
1178948343394967552_twitter,like and i had to the hedgehog would fuck themselves in the biggest nut niggers be like yeet bitch,offensive,"[0, 0, 0, 0, 0, 0, 0, 0, 0, 0, 0, 0, 0, 0, 1, 1, 1, 1, 1]"
1178620034127667200_twitter,plenty of rumours flying round twitter internet on the causes of the fire at the moria refugee internment camp the reality is that no one is sure yet but greek mainstream media in particular has no qualms about presenting gossip and rumour as fact,normal,"[0, 0, 0, 0, 0, 0, 0, 0, 0, 0, 0, 0, 0, 0, 0, 0, 0, 0, 0, 0, 0, 0, 0, 0, 0, 0, 0, 0, 0, 0, 0, 0, 0, 0, 0, 0, 0, 0, 0, 0, 0, 0, 0, 0]"
1179053578285133824_twitter,<user> <user> those must be all the women that like being abused raped grabbed by the pussy 🤷 ‍ ♀️,normal,"[0, 0, 0, 0, 0, 0, 0, 0, 0, 0, 0, 0, 0, 0, 0, 0, 0, 0, 0, 0]"
1144847733884194816_twitter,imagine being a proud parent of a dog cuz you ’ re retarded,hatespeech,"[0, 0, 0, 0, 0, 0, 0, 0, 0, 1, 1, 1, 1]"
1179070484115156993_twitter,i live in a white neighborhood and i nigger it tf up,normal,"[0, 0, 0, 0, 0, 0, 0, 0, 0, 0, 0, 0]"
1179048017887936515_twitter,<user> lol fuck you to nigga,offensive,"[0, 0, 0, 1, 1, 1]"
1179102570943528961_twitter,<user> <user> <user> democrats did not care about the illegal immigrants being raped or forced into the sex slave market until president trump made it a priority,normal,"[0, 0, 0, 0, 0, 0, 0, 0, 0, 0, 0, 0, 0, 0, 0, 0, 0, 0, 0, 0, 0, 0, 0, 0, 0, 0, 0]"
1178875361750405125_twitter,whom st the biggest nut niggers whom st release seminal fluid,hatespeech,"[0, 0, 0, 0, 0, 1, 0, 0, 0, 0, 0]"
11255170_gab,i bet your queers have a hard time typing the word pussy that is why you shit logs smell like ass and astro glide,offensive,"[0, 0, 0, 1, 0, 0, 0, 0, 0, 0, 0, 0, 0, 0, 0, 0, 1, 1, 1, 1, 1, 0, 0, 0]"
15839421_gab,without getting into too much detail the greater seattle area yes its hell on earth isnt it i feel like stranger in my own city surrounded by illegals asians and muzzies,normal,"[0, 0, 0, 0, 0, 0, 0, 0, 0, 0, 0, 0, 0, 0, 0, 0, 0, 0, 0, 0, 0, 0, 0, 0, 0, 0, 0, 0, 0, 0, 0]"
1105175976613416961_twitter,<user> have you seen the demisexual flag w the triangle i fucking hate it its like stolen holocaust symbology,normal,"[0, 0, 0, 0, 0, 1, 0, 0, 0, 0, 1, 1, 1, 1, 1, 1, 1, 1, 1]"
27604258_gab,yeah bro the globalists hate the jews that why they bend over backwards to persecute anyone who criticizes the jews because the jews are the real victims of globalism now this is pilpul,normal,"[0, 0, 0, 0, 0, 0, 0, 0, 0, 0, 0, 0, 0, 0, 0, 0, 0, 0, 0, 0, 0, 0, 0, 0, 0, 0, 0, 0, 0, 0, 0, 0, 0]"
16723301_gab,the fat nigger has tits on her back and pubes growing out of her hayid 🙈,hatespeech,"[1, 1, 1, 1, 1, 1, 1, 1, 1, 1, 1, 1, 1, 1, 1, 1]"
12605314_gab,regrets the more i think about it these ignorant morons should be on both knees thanking god someone rescued them from the ghetto they crawled out of or many would be dead or in jail right now,offensive,"[0, 0, 0, 0, 0, 0, 0, 0, 1, 1, 0, 0, 0, 0, 0, 0, 0, 0, 1, 1, 1, 1, 1, 1, 1, 1, 1, 1, 1, 1, 1, 1, 1, 1, 1, 1, 1]"
1275717153220694017_twitter,<user> <user> look boys we found a retard,normal,"[0, 0, 0, 0, 0, 0, 0, 0]"
24017670_gab,hope he takes all of the muslim refugees that are here back,hatespeech,"[1, 1, 1, 1, 1, 1, 1, 1, 1, 1, 1, 1]"
1179056601078079488_twitter,<user> oh bitch i hate you 😂 😂 😂,normal,"[0, 0, 0, 0, 0, 0, 0, 0, 0]"
17341831_gab,dumb kike hitler was fucking goat your mother oh talking about goat jews allows fuck animals same as arabs,hatespeech,"[1, 1, 1, 1, 1, 1, 0, 0, 0, 0, 0, 0, 1, 1, 1, 1, 1, 1, 1]"
18548237_gab,he shows his wetback hating colors see you are a white hater do not worry that muzzie will see the gallows,hatespeech,"[0, 0, 0, 1, 0, 0, 0, 0, 0, 0, 0, 0, 0, 0, 0, 0, 1, 1, 1, 1, 1]"
20088305_gab,hey remember a while ago there was a bunch of gobly gook about the statue of liberty being a beacon for refugees im pretty sure it does not say anything about granting them citizenship or even partial citizenship,normal,"[0, 0, 0, 0, 0, 0, 0, 0, 0, 0, 0, 0, 0, 0, 0, 0, 0, 0, 0, 0, 0, 0, 0, 0, 0, 0, 0, 0, 0, 0, 0, 0, 0, 0, 0, 0, 0, 0]"
1217287772207243270_twitter,i don ’ t wanna go to your homophobic fucking prom anyway,offensive,"[0, 0, 0, 0, 0, 0, 1, 1, 1, 1, 1, 1]"
14947627_gab,these fucking sand nigger savages need to go back to their own countries and if they do not voluntarily the time will come to physically remove them i do not care if they are citizens or not they have no right to be here ﻿,hatespeech,"[0, 0, 1, 1, 1, 0, 0, 0, 0, 0, 0, 0, 0, 0, 0, 0, 0, 0, 0, 0, 0, 0, 0, 0, 0, 0, 0, 0, 0, 0, 0, 0, 0, 0, 0, 0, 0, 0, 0, 0, 0, 0, 0, 0, 0]"
24331046_gab,pushing homosexual and transgender propaganda on children is an obsession with the lgbt campaign massresistance,normal,"[0, 0, 0, 0, 0, 0, 0, 0, 0, 0, 0, 0, 0, 0, 0]"
14441243_gab,stfu up woman stop larping with your lame ass reposting account no one likes mexicans you are only slightly above a nigger and below a jew,offensive,"[1, 1, 1, 0, 0, 0, 0, 0, 0, 0, 0, 1, 1, 1, 1, 1, 1, 1, 1, 1, 1, 1, 1, 1, 1, 1]"
13352138_gab,they are retarded cucks that definitely bannable lol,offensive,"[1, 1, 1, 1, 0, 0, 0, 0]"
1179100886657839104_twitter,<user> <user> bernie sanders wants to rape women as well because that just a special kind of guy he is when he fantasizes,offensive,"[0, 0, 1, 1, 1, 1, 1, 1, 0, 0, 0, 0, 0, 0, 0, 0, 0, 0, 0, 0, 0, 0, 0]"
1082071149712818177_twitter,<user> let ’ see some of you zealot commenters volunteer to house the illegal aliens,offensive,"[0, 0, 0, 0, 0, 0, 0, 0, 0, 0, 0, 1, 1, 1, 1]"
1125925458565111810_twitter,<user> how many of the top ten muslim countries population are on the terrorist ban,offensive,"[0, 0, 0, 0, 0, 0, 0, 1, 1, 0, 0, 1, 1, 1, 1]"
26321297_gab,there will be violence against us for some time the feral left will continue to attack us in a violent manner until they are suppressed by revolution or,normal,"[0, 0, 0, 0, 0, 0, 0, 0, 0, 0, 0, 0, 0, 0, 0, 0, 0, 0, 0, 0, 0, 0, 0, 0, 0, 0, 0, 0]"
1171505866081570818_twitter,according to lambo men have cervical cancer while women have breast cancer bb naija,normal,"[0, 0, 0, 0, 0, 0, 0, 0, 0, 0, 0, 0, 0, 0]"
1178799528960503808_twitter,not only is it the halloween month but also domestic violence awareness month if you or someone you know is experiencing dv check out <user>,normal,"[0, 0, 0, 0, 0, 0, 0, 0, 0, 0, 0, 0, 0, 0, 0, 0, 0, 0, 0, 0, 0, 0, 0, 0, 0]"
10852165_gab,the implication is that muslims do not have the same moral agency that white people have and in all honesty i do not disagree,offensive,"[0, 1, 0, 0, 1, 1, 1, 1, 1, 1, 1, 1, 1, 1, 1, 1, 0, 0, 0, 0, 1, 1, 1, 1]"
22726083_gab,laura ingraham is a dumb bitch fuck her she cucked twice once on that nigger faggot basketball player now this managed controlled punk,hatespeech,"[0, 0, 0, 0, 0, 1, 1, 1, 0, 1, 0, 0, 0, 0, 1, 1, 0, 0, 0, 0, 0, 0, 0]"
23843052_gab,great starbucks is now going to pay these two off and adopt an official policy of do not call the cops on nogs then nogs are going to take over the place hoping for a payout i cannot wait for starbucks to become as ghetto tier as chuckecheese,offensive,"[0, 1, 1, 1, 1, 1, 1, 1, 1, 1, 1, 1, 1, 1, 1, 1, 1, 1, 1, 1, 1, 1, 1, 1, 1, 1, 1, 1, 1, 1, 1, 1, 1, 1, 1, 1, 1, 1, 1, 1, 1, 1, 1, 1, 1, 1, 1, 1]"
1174218284738195457_twitter,whose idea was it to drink black sambucca all night christ,normal,"[0, 0, 0, 0, 0, 0, 0, 0, 0, 0, 0]"
1236862626732392449_twitter,taking down these knotless braids ghetto ass fuck i quit 😂,offensive,"[0, 0, 0, 0, 0, 1, 1, 1, 0, 0, 0]"
1190398852601384960_twitter,bro why do asians have a low alcohol tolerance this is not fair,normal,"[0, 0, 0, 1, 1, 1, 1, 1, 1, 0, 0, 0, 0]"
1178818630567497731_twitter,<user> <user> i drank one whole one and thru tf up,normal,"[0, 0, 0, 0, 0, 0, 0, 0, 0, 0, 0]"
1179087403861954560_twitter,<user> <user> nathuram godse was a hindutva terrorist hindutva terrorist orchestrated the gujrat riots and killed men and women and children and raped the women hitler was a christian terrorist the bomb atomic bomb dropped in japan was by a christian many more examples,normal,"[0, 0, 0, 0, 0, 0, 0, 0, 0, 0, 0, 0, 0, 0, 0, 0, 0, 0, 0, 0, 0, 0, 0, 0, 0, 0, 0, 0, 0, 0, 0, 0, 0, 0, 0, 0, 0, 0, 0, 0, 0, 0, 0, 0]"
1089594179196411904_twitter,<user> trump erroneously presented the total number of aliens in the country <number> million as the number of illegal aliens in this country,normal,"[0, 0, 0, 0, 0, 0, 0, 0, 0, 0, 0, 0, 0, 0, 0, 0, 0, 0, 0, 0, 0, 0, 0]"
1178764934294970368_twitter,<user> you all need to take this nigger activity off my tl,hatespeech,"[0, 0, 0, 0, 0, 0, 0, 1, 1, 0, 0, 0]"
18046807_gab,q why does hasbara jdif send their flunkies here a because they send their best decepitcons to sites where kike lies still work,normal,"[0, 0, 0, 0, 0, 0, 0, 0, 0, 0, 0, 0, 0, 0, 0, 0, 0, 0, 0, 0, 0, 0, 0]"
20590862_gab,hello hello it is the other way around am triggering you lol look the jews are coming tongue,offensive,"[0, 0, 0, 0, 0, 0, 0, 0, 0, 0, 0, 0, 0, 1, 1, 1, 1, 0]"
1178823449046700032_twitter,how do you remove history he was homosexual and you want to white wash the character with not one but two girls reader discretion is advised,normal,"[0, 0, 0, 0, 0, 0, 0, 0, 0, 0, 0, 0, 0, 0, 0, 0, 0, 0, 0, 0, 0, 0, 0, 0, 0, 0]"
1178499104864964610_twitter,you are a hennessy bugatti can this nigger make up,hatespeech,"[0, 0, 0, 0, 0, 0, 0, 1, 0, 0]"
1078653752486244352_twitter,monster is a fucking timeless bop amp will remain unbothered on its throne as one of exo superior songs that it that the tweet,normal,"[0, 0, 0, 0, 0, 0, 0, 0, 0, 0, 0, 0, 0, 0, 0, 0, 0, 0, 0, 0, 0, 0, 0, 0]"
24700123_gab,good thing she can not you are still a cuck and she still a coal burner aka nigger lover,hatespeech,"[0, 0, 0, 0, 0, 0, 0, 0, 0, 0, 0, 0, 0, 0, 1, 1, 1, 1, 1]"
9468538_gab,not a single peep from racist nigger obama nor vapid cunt hillary nor heeb bernie fuck you,hatespeech,"[0, 0, 0, 0, 0, 1, 1, 1, 0, 0, 1, 0, 1, 1, 1, 0, 0]"
1278618764313911297_twitter,why do i feel like mas bagay si i m sa kin,normal,"[0, 0, 0, 0, 0, 0, 0, 0, 0, 0, 0, 0]"
20055826_gab,god dam i almost sneezed mah lung out i hope dis nigger air i am breathing ain t giving me aids,hatespeech,"[0, 0, 0, 0, 0, 0, 0, 0, 0, 0, 0, 1, 1, 0, 0, 0, 0, 0, 0, 0, 1]"
1178845178985156608_twitter,<user> 😂 😂 😂 😂 😂 i hate you mercy,normal,"[0, 0, 0, 0, 0, 0, 0, 0, 0, 0]"
11748801_gab,i see on google that gab is a right wing hate speech group well cock suckers like the left have created conditions for normal people who have been stomped all over for the last <number> years and the nigger that was in the black house poured gas all over it,hatespeech,"[0, 0, 0, 0, 0, 0, 0, 0, 0, 0, 0, 0, 0, 0, 1, 1, 0, 0, 0, 0, 0, 0, 0, 0, 0, 0, 0, 0, 0, 0, 0, 0, 0, 0, 0, 0, 0, 0, 1, 0, 0, 0, 0, 0, 0, 0, 0, 0, 0, 0]"
1179087440377794561_twitter,<user> my beautiful richmond i weep for you once the jewel of dixie ruined by globohomo and urban youths can not wait till they take down all the confederate statues along monument avenue and replace them with memorials to trayvon on a horse cause he dindu nuffin,hatespeech,"[0, 0, 0, 0, 0, 0, 0, 0, 0, 0, 0, 0, 0, 0, 0, 1, 0, 0, 0, 0, 0, 0, 0, 0, 0, 0, 0, 0, 0, 0, 0, 0, 0, 0, 0, 0, 0, 0, 0, 0, 0, 0, 0, 0, 0, 1, 1]"
1178749130694385664_twitter,watching queer as folk in my late teens and early 2 0 i wanna move to toronto and party all the damn time rewatching queer as folk in my late 2 0 and early 3 0 i want to settle the fuck down and live a blissful domestic life jfc,normal,"[0, 0, 0, 0, 0, 0, 0, 0, 0, 0, 0, 0, 0, 0, 0, 0, 0, 0, 0, 0, 0, 0, 0, 0, 0, 0, 0, 0, 0, 0, 0, 0, 0, 0, 0, 0, 0, 0, 0, 0, 0, 0, 0, 0, 0, 0, 0, 0, 0, 0]"
24322054_gab,haha you keep saying bye yet you yearn for more seems pretty shitskin tier sad tea biscuit,offensive,"[0, 0, 0, 0, 0, 0, 0, 0, 0, 0, 0, 0, 1, 1, 0, 0, 0]"
7975029_gab,put blacks on welfare isolate in ghettos keeping them down put refugees in isolated communities not helping them assimilate repeat repeat repeat no learning what does not work,normal,"[0, 0, 0, 0, 0, 0, 0, 0, 0, 0, 0, 0, 0, 0, 0, 0, 0, 0, 0, 0, 0, 0, 0, 0, 0, 0, 0, 0]"
1179033606108266496_twitter,<user> <user> ok let me send some illigal jihadi migrates in to your home,normal,"[0, 0, 0, 0, 0, 0, 0, 1, 1, 1, 0, 0, 0, 0]"
24605910_gab,pakistanis started raping young white girls in the <number> young white lads bashed the pakis for touching their females media called our lads nazis paki bashers media never knew why nor investigated,offensive,"[1, 1, 1, 1, 1, 1, 0, 0, 0, 0, 0, 0, 0, 0, 0, 0, 0, 0, 0, 0, 0, 0, 0, 1, 1, 0, 0, 0, 0, 0, 0, 0]"
1178773823933550592_twitter,<user> if agree with plotting to injure people for being queer you are a nazi end of story goodbye,normal,"[0, 0, 0, 0, 0, 0, 0, 0, 0, 0, 0, 0, 0, 0, 0, 0, 0, 0, 0]"
24247471_gab,king sobieski with his <number> k polish soldiers defeated <number> k arabs near vienna we will stop em again cuz the rotten west lost its balls,hatespeech,"[1, 1, 1, 1, 1, 1, 1, 1, 1, 1, 1, 1, 1, 1, 1, 1, 1, 1, 1, 1, 1, 1, 1, 1, 1, 1]"
1259946737957044228_twitter,<user> yes unless theyre all gay amp reclaiming the slur yes they are,normal,"[0, 0, 0, 0, 0, 0, 0, 0, 0, 0, 0, 0, 0]"
1179105028918910983_twitter,wanna be my main slut you gotta eat up eat up wanna be my sweet love but you is not anita,normal,"[0, 0, 0, 0, 1, 0, 0, 0, 0, 0, 0, 0, 0, 0, 0, 0, 0, 0, 0, 0, 0]"
1178547019104710659_twitter,<user> a guy who have a superiority complex about islam did not go to a muslim country andar ka indian mara nahi i love my india par rehna nahi hair i love muslim countries par rehna nah hai,normal,"[0, 0, 0, 0, 0, 0, 0, 0, 0, 0, 0, 0, 0, 0, 0, 0, 0, 0, 0, 0, 0, 0, 0, 0, 0, 0, 0, 0, 0, 0, 0, 0, 0, 0, 0, 0, 0, 0]"
24122163_gab,trump should make it that you only need 5 x the paperwork to fire a niggerette as a white i managed to get a niggerette fired no it wasn t the one with a heplock in her leg that had already been thru the junky nurse program <user> ‍ <user> ‍ murse,hatespeech,"[1, 1, 1, 1, 1, 1, 1, 1, 1, 1, 1, 1, 1, 1, 1, 1, 1, 1, 1, 1, 1, 1, 1, 1, 1, 1, 1, 1, 1, 1, 1, 1, 1, 1, 1, 1, 1, 1, 1, 1, 1, 1, 1, 1, 1, 1, 1, 0, 0, 0, 0, 0]"
1163507718436601857_twitter,smiling cuz i am young black rich and i am handsome,normal,"[0, 0, 0, 0, 0, 0, 0, 0, 0, 0, 0]"
23801279_gab,your target is here go get these filthy shit skin moslem terrorists,hatespeech,"[0, 0, 0, 0, 0, 0, 0, 1, 1, 1, 1, 1]"
1111442006776016897_twitter,weird niggas weird,normal,"[0, 0, 0]"
9722030_gab,cryingschumer shmuckschumer chuck where are the cameras schumer is blabbering re muhrussia don trump jr who is standing next to schumer bob menendez d serial rapist of children and women in the dominicanrepublic and hirer of an illegal alien senate staffer who raped a boy democrats,offensive,"[0, 0, 0, 0, 0, 0, 0, 0, 0, 0, 0, 0, 0, 0, 0, 0, 0, 0, 0, 0, 0, 0, 1, 1, 1, 1, 1, 1, 1, 1, 1, 1, 1, 1, 1, 1, 1, 1, 1, 1, 1, 1, 1, 1, 1, 0]"
1118282845263421445_twitter,so they burnt the talmud in the notre dame cathedral now jews and muzzies celebrate muzzie cucks and jewish bucks,hatespeech,"[0, 0, 0, 0, 0, 0, 0, 0, 0, 0, 1, 1, 1, 1, 1, 1, 1, 1, 1, 1]"
24375819_gab,iranians and arabs lived in sweden when you were a kid i did not know thought i thought sweden was fairly homogenous until recently,normal,"[1, 1, 1, 1, 1, 1, 1, 1, 1, 1, 1, 1, 1, 1, 1, 1, 1, 1, 1, 1, 1, 1, 1, 1]"
1179054964615913473_twitter,<user> fuck you i fucking hate you it not my fault i am a thief of light,normal,"[0, 0, 0, 0, 0, 0, 0, 0, 0, 0, 0, 0, 0, 0, 0, 0, 0]"
1179086326664060928_twitter,literally if you are a white queer you are immune from cancellation it a get out of jail free card fall back on the community someone will be there to validate your white supremacist views if not one white queer then the next there will not be a shortage,normal,"[0, 0, 0, 0, 0, 0, 0, 0, 0, 0, 0, 0, 0, 0, 0, 0, 0, 0, 0, 0, 0, 0, 0, 0, 0, 0, 0, 0, 0, 0, 0, 0, 0, 0, 0, 0, 0, 0, 0, 0, 0, 0, 0, 0, 0, 0, 0, 0, 0]"
1178662707047931904_twitter,<user> quit fetishizing race and gender you fuckin white ass idiot,offensive,"[0, 0, 0, 0, 0, 0, 0, 0, 1, 1, 1]"
21027750_gab,hahaha fucking globalist had a bad night for sure keep crying you little bitches your power wanes by the day soon the french will turn on macron and the sand niggers in france will be treated with extreme prejudice germany uh well prayers work,offensive,"[0, 1, 1, 0, 1, 1, 1, 0, 0, 0, 0, 0, 0, 1, 0, 0, 0, 0, 0, 0, 0, 0, 0, 0, 0, 0, 0, 0, 0, 1, 1, 1, 0, 0, 0, 0, 0, 0, 0, 0, 0, 0, 0, 0]"
15448544_gab,i do not want to hear about systemic racism and power privilege from asians and kikes since they are statistically wealthier than us shut the fuck up,offensive,"[0, 0, 0, 0, 0, 0, 0, 0, 0, 0, 0, 0, 0, 1, 1, 1, 0, 0, 0, 0, 0, 0, 0, 0, 0, 0, 0]"
13727583_gab,keep telling us how bored we are hymie,offensive,"[0, 0, 0, 0, 0, 0, 0, 1]"
1237773908570509313_twitter,<user> normalize hating white people,offensive,"[0, 1, 1, 1, 1]"
8028903_gab,proud of president trump told <number> muslin nations we are partners in fight against radical islamic terrorism but usa not doing it alone,normal,"[0, 0, 0, 0, 0, 0, 0, 0, 0, 0, 0, 0, 0, 0, 0, 0, 0, 0, 0, 0, 0, 0, 0]"
18422173_gab,yea stunned the fbi are a bunch of ratfaced jews,hatespeech,"[0, 0, 0, 0, 0, 0, 0, 0, 1, 1]"
2000298_gab,<user> i prefer allah as well praise b2 allah after all allah accepts bitcoin god only accepts kike money end the fed,offensive,"[0, 0, 0, 0, 0, 0, 0, 0, 0, 0, 0, 0, 0, 0, 0, 0, 0, 1, 0, 0, 0, 0]"
11175158_gab,the type of individualism to which you refer is jewish inculcated special snowflake faggotry everyone group but retarded white cuckservatives practices identity politics collectivists will roll over the individual every time just admit you are too cowardly to stand up for your people,hatespeech,"[0, 0, 0, 0, 0, 0, 0, 0, 0, 1, 1, 1, 1, 1, 0, 0, 0, 1, 1, 1, 0, 0, 0, 0, 0, 0, 0, 0, 0, 0, 0, 0, 0, 0, 0, 0, 0, 0, 0, 0, 0, 0, 0]"
23331731_gab,silverstein has shown his true colors as a kike shill <user> ‍,hatespeech,"[1, 0, 0, 0, 0, 0, 0, 1, 1, 1, 0, 0]"
4392040_gab,<user> my iq is relevant when someone that has never met me assumes i am retarded thinks they can put me down with flippant theories that are at best laughable i read many bibles my favorite is dakes,offensive,"[0, 0, 0, 0, 0, 0, 0, 0, 0, 0, 0, 0, 0, 0, 0, 1, 0, 0, 0, 0, 0, 0, 0, 0, 0, 0, 0, 0, 0, 0, 0, 0, 0, 0, 0, 0, 0, 0]"
1179037594354507777_twitter,i learned when white ppl hate you they really hate yo fuckin guts 😂 😂,normal,"[0, 0, 0, 0, 0, 0, 0, 0, 0, 0, 0, 0, 0, 0, 0]"
1143615497717637120_twitter,how does danny even speak nigger has no lips,hatespeech,"[0, 0, 0, 0, 0, 1, 0, 0, 0]"
25997755_gab,good list except ruhe sodomite rivero kike,hatespeech,"[0, 0, 0, 0, 0, 0, 1]"
13122887_gab,pussy pence is a globalist who was drained from dc swamp for trying to pass massive amnesty while in congress he needs to go live in syria with the mudslime rapefugees he loves,hatespeech,"[0, 0, 0, 0, 0, 0, 0, 0, 0, 0, 0, 0, 0, 0, 0, 0, 0, 0, 0, 0, 0, 0, 0, 0, 0, 0, 0, 0, 1, 1, 1, 0, 0]"
26497121_gab,judge sally cahill said it was a worse crime to rape an asian child than to rape a white child and should carry a longer sentence,normal,"[0, 0, 0, 0, 0, 0, 0, 0, 0, 0, 0, 0, 0, 0, 0, 0, 0, 0, 0, 0, 0, 0, 0, 0, 0, 0]"
5325210_gab,more projection from the professional liars the protectors of the status quo the bastions of ignorance the apologists for the globalists hegemony the enemies of freedom the enablers of the moslem invasion bbc are complicit in murder rape slavery and the destruction of western civilization,hatespeech,"[0, 0, 0, 0, 0, 0, 0, 0, 0, 0, 0, 0, 0, 0, 0, 0, 0, 0, 0, 0, 0, 0, 0, 0, 0, 0, 0, 0, 0, 0, 1, 1, 0, 0, 0, 0, 0, 0, 0, 0, 0, 0, 0, 0, 0]"
27704094_gab,hey ladies have you been fitted for your berka sill think your mussie neighbors are nice,hatespeech,"[0, 0, 0, 0, 0, 0, 0, 0, 1, 1, 1, 1, 1, 1, 1, 1]"
1178793288892964864_twitter,<user> <user> <user> uneducated white trash or russian prison camp without a translation program,normal,"[0, 0, 0, 0, 0, 0, 0, 0, 0, 0, 0, 0, 0, 0]"
1178925040345026561_twitter,no matter how hard a nigga thinks he is they all look the same with my titties in their mouth lmao,normal,"[0, 0, 0, 0, 0, 0, 0, 0, 0, 0, 0, 0, 0, 0, 0, 0, 0, 0, 0, 0, 0]"
20203772_gab,pathetic but yet most likely supports the violence that hollywood puts out,normal,"[0, 0, 0, 0, 0, 0, 0, 0, 0, 0, 0, 0]"
1178552985502326784_twitter,jesus christ i literally hacked this shit account and twitter does nothing fucking dumb nigger shit,hatespeech,"[0, 0, 0, 0, 0, 0, 0, 0, 0, 0, 0, 0, 1, 1, 1, 1]"
1099413019698831360_twitter,<user> so you telling me when i look like this i ’ m a towelhead but when she wears it it ’ fashion 🤔,normal,"[0, 0, 0, 0, 0, 0, 0, 0, 0, 0, 0, 0, 0, 0, 0, 0, 0, 0, 0, 0, 0, 0, 0, 0]"
1179045235520757762_twitter,<user> chinaman satanist lee hsien loong criminals had audible talks in <number> wellington circle singapore he paced back and forth looking at my family colonial style bungalow in admiralty road in the late 1 9 7 0 this information from the audible talks a few years ago,hatespeech,"[0, 1, 1, 1, 1, 1, 0, 0, 0, 0, 0, 0, 0, 0, 0, 0, 0, 0, 0, 0, 0, 0, 0, 0, 0, 0, 0, 0, 0, 0, 0, 0, 0, 0, 0, 0, 0, 0, 0, 0, 0, 0, 0, 0, 0, 0, 0]"
13455893_gab,new rule in all competitive shows baking dancing or other let paki or nigger token win in order to win public support and hide our true racist feeling for coloureds british broadcasting rules and regulations <number>,hatespeech,"[0, 0, 0, 0, 0, 0, 0, 0, 0, 0, 0, 1, 1, 1, 1, 0, 0, 0, 0, 0, 0, 0, 0, 0, 0, 0, 0, 0, 0, 1, 0, 0, 0, 0, 0, 0]"
1178387241615446016_twitter,<user> <user> i am that one black person who is not easily by the word n***a <censored> offended no it not because i grew up around white people my parents raised me in the ghetto but they also raised me not to be sensitive little b*tch <censored> about everything,normal,"[0, 0, 0, 0, 0, 0, 0, 0, 0, 0, 0, 0, 0, 0, 0, 0, 0, 0, 0, 0, 0, 0, 0, 0, 0, 0, 0, 0, 0, 0, 0, 0, 0, 0, 0, 0, 0, 0, 0, 0, 0, 0, 0, 0, 0, 0, 0, 0, 0]"
19429534_gab,nothin <number> c here buncha coons lining up <number> free stuff,offensive,"[0, 0, 0, 0, 1, 1, 1, 1, 1, 1, 1]"
1179079483887951875_twitter,<user> does that include illegal aliens,normal,"[0, 0, 0, 0, 0, 0]"
27550280_gab,tds <number> i do not think i have heard such retarded bullshit since <number>,offensive,"[0, 0, 1, 1, 1, 1, 1, 1, 1, 1, 1, 1, 1, 1]"
17344995_gab,all this african gentleman want to do is enrich israel their women are being denied his shalom because israeli government officals hate him because of the colour of his skin,offensive,"[1, 1, 1, 1, 1, 1, 1, 1, 1, 1, 0, 0, 0, 0, 0, 0, 0, 0, 0, 1, 1, 1, 1, 1, 1, 1, 1, 1, 1, 1]"
12384215_gab,non violent resistance only works if the government is unwilling to use violence against said resistance,normal,"[0, 0, 0, 0, 0, 0, 0, 0, 0, 0, 0, 0, 0, 0, 0, 0]"
19613965_gab,have some porn sand nigger,offensive,"[0, 0, 0, 1, 1]"
13338889_gab,if only the kike loving shabbos goys would follow your advice dude,hatespeech,"[0, 0, 0, 1, 0, 1, 1, 0, 0, 0, 0, 0]"
1178991139187085313_twitter,<user> <user> infiltrators not indian muslims many cried muslims will be thrown out before assam nrc then why did they said more hindus are left out lol as for refugee muslims can not be religious persecuted in islamic country if pak was buddhist then muslim would be added,normal,"[0, 0, 0, 0, 0, 0, 0, 0, 0, 0, 0, 0, 0, 0, 0, 0, 0, 0, 0, 0, 0, 0, 0, 0, 0, 0, 0, 0, 0, 0, 0, 0, 0, 0, 0, 0, 0, 0, 0, 0, 0, 0, 0, 0, 0, 0, 0, 0]"
1273342423431884800_twitter,watch muslim twitter say shit like voice notes are haram if ur a woman,offensive,"[1, 1, 1, 1, 1, 1, 1, 1, 1, 1, 1, 1, 1, 1]"
1087429096257273857_twitter,<user> wait us muslims too bad move,normal,"[0, 0, 0, 0, 0, 0, 0]"
14831757_gab,why would i watch your shitty vids when i can tell you are a retard with hero worship clouding your judgement nazi shit is always a fad it was fun to nazipost pre trump to spook normies but now it stale best of luck with your busted vids and aesthetic tho,offensive,"[0, 0, 0, 0, 0, 0, 0, 0, 0, 0, 0, 0, 0, 0, 1, 0, 0, 0, 0, 0, 0, 0, 0, 0, 0, 0, 0, 0, 0, 0, 0, 1, 1, 1, 0, 0, 0, 0, 0, 0, 0, 0, 0, 0, 0, 0, 0, 0, 0, 0, 0]"
24954806_gab,here comes silverstein to white knight for faggotry while taking potshots at <user> ‍ you are a pathetic faggot consider an hero,offensive,"[0, 0, 0, 0, 1, 1, 1, 1, 0, 0, 1, 0, 0, 0, 0, 0, 0, 1, 1, 0, 0, 0]"
12209268_gab,not surprising that a collectivist who wants to exterminate jews and blacks can not argue their way out of a paper bag,offensive,"[0, 0, 0, 1, 1, 1, 1, 1, 1, 1, 1, 1, 1, 1, 1, 1, 1, 1, 1, 1, 1, 1]"
13365779_gab,omg some reporting <user> assault <number> women a <number> year old sick if true nah not possible that what they said about crosby,normal,"[0, 0, 0, 0, 0, 0, 0, 0, 0, 0, 0, 0, 0, 0, 0, 0, 0, 0, 0, 0, 0, 0, 0]"
1175093_gab,so since this is my 6 6 6 th post i thought i d mention that the name baphomet the devil some worship comes from old french for mohammad coincidence or did the french know that the muzzies were demons on earth speakfreely draintheswamp maga,hatespeech,"[0, 0, 0, 0, 0, 0, 0, 0, 0, 0, 0, 0, 0, 0, 0, 0, 0, 0, 0, 1, 1, 1, 1, 1, 1, 1, 1, 1, 1, 0, 0, 0, 0, 0, 0, 0, 0, 1, 0, 1, 1, 1, 0, 0, 0]"
6008840_gab,according to islam arabic is the language of allah louis farrakhan is the only moslem i can think of who can not read nor speak it,normal,"[0, 0, 0, 0, 0, 0, 0, 0, 0, 0, 0, 0, 0, 0, 0, 0, 0, 0, 0, 0, 0, 0, 0, 0, 0, 0]"
17186279_gab,so muslim is back killing people with truck again islam the religion of peace etc,offensive,"[1, 1, 1, 1, 1, 1, 1, 1, 1, 1, 1, 1, 1, 1, 0]"
1122671005795803137_twitter,sent them niggas back running bruh,normal,"[0, 0, 0, 0, 0, 0]"
15437415_gab,the neo nazi faggots are all running back to twitter twatter i dunno i am attempting an educated guess the next question is what or who scared the shit out of them and made them run away,hatespeech,"[0, 0, 0, 1, 0, 0, 0, 0, 0, 0, 0, 0, 0, 0, 0, 0, 0, 0, 0, 0, 0, 0, 0, 0, 0, 0, 0, 0, 0, 0, 0, 0, 0, 0, 0, 0, 0]"
1116149567739678721_twitter,<user> census questions only harm illegal immigrants,normal,"[0, 0, 0, 0, 0, 0, 0]"
15927948_gab,part from da zhid turning up his toes this will serve well if true,hatespeech,"[0, 0, 0, 1, 0, 0, 0, 0, 0, 0, 0, 0, 0, 0]"
19845651_gab,what a fucking nigger looks like,hatespeech,"[1, 1, 1, 1, 1, 1]"
27952077_gab,<user> remember the api access i am still waiting also i gave shekels to torba what a fucking nigger he is tho,hatespeech,"[0, 0, 0, 0, 0, 0, 0, 0, 0, 0, 0, 0, 0, 0, 0, 0, 0, 0, 1, 0, 0, 0]"
12675441_gab,<user> why do you talk just like a muslim from gaza,offensive,"[0, 1, 1, 1, 1, 1, 1, 1, 1, 1, 1]"
11705359_gab,this is very true also the reason asians get the asian fever after drinking,normal,"[0, 0, 0, 0, 0, 0, 0, 0, 0, 0, 0, 0, 0, 0]"
26134824_gab,honorary holocaust survivors these <number>,offensive,"[1, 1, 1, 1, 1]"
1179077923568934912_twitter,<user> self induced energy poverty canadians will be seeking refugee status south of the 4 9 th by <number>,normal,"[0, 0, 0, 0, 0, 0, 0, 0, 0, 0, 0, 0, 0, 0, 0, 0, 0, 0, 0]"
21244938_gab,obama is a lying muzrat traitor so of course everything he did was bad for america,hatespeech,"[0, 0, 0, 0, 1, 1, 0, 0, 0, 0, 0, 0, 0, 0, 0, 0]"
19679648_gab,guilty until proven innocent unless you are a jew a nigger or a lover of both,hatespeech,"[0, 0, 0, 0, 1, 1, 1, 1, 1, 1, 1, 1, 1, 1, 1, 1]"
1179105689186242561_twitter,god of israel is a faggot he a joke,hatespeech,"[1, 1, 1, 1, 1, 1, 0, 0, 0]"
1179100055946567680_twitter,this daughter of immigrants can see that priti patel is a smug dickhead who happily playing the stooge for white supremacy like many light skinned rich south asians before her it always been terrifying to see and it still horrific now also her eyebrows are shit,normal,"[0, 0, 0, 0, 0, 0, 0, 0, 0, 0, 0, 0, 0, 0, 0, 0, 0, 0, 0, 0, 0, 0, 0, 0, 0, 0, 0, 0, 0, 0, 0, 0, 0, 0, 0, 0, 0, 0, 0, 0, 0, 0, 0, 0, 0, 0]"
27623811_gab,gang rape tommy fuck jews streetshitter420 maga gab gab torba gtkrwn turkroach fuckbees gabcoin qlarp trusttheplan,hatespeech,"[1, 1, 1, 1, 1, 1, 0, 0, 0, 0, 0, 1, 0, 0, 0, 0]"
14035101_gab,non white and kike we are coming for you a white revolution is on its way,hatespeech,"[1, 1, 1, 1, 1, 1, 1, 1, 1, 0, 1, 1, 0, 0, 0, 0]"
14730470_gab,the next 4 chan troll should be to sell the muslim women on surgically embedding hijabs into their scalps,offensive,"[0, 0, 0, 0, 0, 0, 0, 1, 1, 1, 1, 1, 1, 1, 1, 1, 1, 1, 1]"
15073757_gab,you promote articles by fat dyke pipe fitters that a fantasy,offensive,"[0, 0, 0, 1, 1, 1, 1, 1, 0, 0, 0]"
1116144631048212481_twitter,<user> put fucking duos in apex u retards,offensive,"[0, 0, 1, 0, 0, 0, 0, 1]"
1216273333626400769_twitter,<user> unless if someone has a ghetto attitude,offensive,"[0, 1, 1, 1, 1, 1, 1, 1]"
18805447_gab,and some kike loving people with degrees who are fucking delusional,offensive,"[0, 0, 1, 1, 1, 0, 0, 0, 0, 0, 1]"
7263452_gab,no white euros are my people i am in favor of christian refugees though muslim refugees can go to saudi arabia as far as i am concerned,offensive,"[0, 0, 0, 0, 0, 0, 0, 0, 0, 0, 0, 0, 0, 0, 1, 1, 1, 1, 1, 1, 1, 1, 1, 1, 1, 1, 1]"
13340926_gab,jews and arabs will destroy america,hatespeech,"[1, 1, 1, 1, 1, 1]"
1081605053155291136_twitter,rt if your parents are not homophobes,normal,"[0, 0, 0, 0, 0, 0, 0]"
27263842_gab,german jewish girl <number> found raped and murdered by this muslim savage an extradition only when a jew victim is involved but none for the goys,offensive,"[0, 0, 0, 0, 1, 1, 1, 1, 1, 1, 1, 1, 1, 1, 1, 1, 1, 1, 1, 1, 1, 1, 1, 1, 1, 1]"
1102926042912772096_twitter,<user> ya because a broke nigga got spotted so he ’ back now,offensive,"[0, 0, 0, 0, 1, 1, 0, 0, 0, 0, 0, 0, 0]"
11291972_gab,we need to send those refugees right back to houston no telling what they might do,normal,"[0, 0, 0, 0, 0, 0, 0, 0, 0, 0, 0, 0, 0, 0, 0, 0]"
16271379_gab,no u do not jewish israel4jewish people u wish u had but u have the nt like ur leaders instructed u can not dance <number> weddings with <number> arse so we jews have the original book because like moham the arabs u did not have <number>,offensive,"[0, 0, 0, 0, 0, 0, 0, 0, 0, 0, 0, 0, 0, 0, 0, 0, 0, 0, 0, 0, 0, 0, 0, 0, 0, 0, 0, 0, 0, 1, 1, 1, 1, 1, 1, 1, 1, 1, 1, 1, 1, 1, 1, 1, 1, 1]"
1178674968479047680_twitter,<user> i hope you are never kidnapped raped in a horrible accident because that cop that you were a dumb bitch to is exactly who you are gonna need to save you,normal,"[0, 0, 0, 0, 0, 0, 0, 0, 0, 0, 0, 0, 0, 0, 0, 0, 0, 0, 0, 0, 0, 0, 0, 0, 0, 0, 0, 0, 0, 0, 0, 0]"
1143334538065698816_twitter,frank dicpario and the misogenous potatoes a blackened math metal band,normal,"[0, 0, 0, 0, 0, 0, 0, 0, 0, 0, 0]"
18942397_gab,the progression of anti semitism jews are regular people why are so many jews liberal why will not these jews stop attacking me kill all jews,hatespeech,"[0, 0, 0, 0, 0, 1, 0, 0, 0, 0, 0, 0, 0, 1, 0, 0, 0, 0, 0, 0, 0, 0, 0, 1, 1, 1]"
1178313930365685760_twitter,<user> also clapham is full of white graduates who work in the city,normal,"[0, 0, 0, 0, 0, 0, 0, 0, 0, 0, 0, 0, 0]"
15065708_gab,ikhvan terror organization attacked to a mosque with bombs gunfire in sinai egypt <number> civillians dead politicalislam is never moderate secularism is a must and basic western values freedom and human rights need to be established respected in every muslim country to drain theswamp trump,hatespeech,"[0, 0, 0, 0, 0, 0, 0, 0, 0, 0, 0, 0, 0, 0, 0, 0, 1, 1, 1, 1, 1, 1, 1, 1, 1, 1, 1, 1, 0, 0, 0, 0, 0, 0, 0, 0, 0, 0, 0, 1, 1, 0, 0, 0, 0]"
1179089422719037445_twitter,<user> <user> animals kill more lhan abuse their bodies with homosexualism that means you think humans murdering is more natural than commit perversion of homo,hatespeech,"[0, 0, 1, 1, 1, 1, 1, 1, 1, 1, 1, 1, 1, 1, 1, 1, 1, 1, 1, 1, 1, 1, 1, 1, 1]"
25385251_gab,the rate of black on white violence is horrifically high god rest the souls of those poor victims,offensive,"[1, 1, 1, 1, 1, 1, 1, 1, 1, 1, 1, 1, 1, 1, 1, 1, 1, 1]"
12816695_gab,is it we are a global minority we already have a single mother gibs state that institutionalized cuckoldry why should they waste more resources on non whites wife up a white girl take care of your white kids this is not that difficult,normal,"[0, 0, 0, 0, 0, 0, 0, 1, 1, 1, 1, 1, 1, 1, 1, 1, 1, 1, 1, 1, 1, 1, 1, 1, 1, 1, 1, 1, 1, 1, 1, 1, 1, 1, 1, 1, 1, 1, 0, 0, 0, 0, 0]"
11265165_gab,yeah call me a kike because i called you out for being dumb and dishonest tell me that to my face faggot see what happens,offensive,"[0, 0, 0, 0, 1, 0, 0, 0, 0, 0, 0, 0, 0, 0, 0, 0, 0, 0, 0, 0, 0, 1, 0, 0, 0]"
16337650_gab,i am gonna be laughing my ass off when the faggots who run twitter realize how much they fucked up their app in one foul move,hatespeech,"[0, 0, 0, 0, 0, 1, 1, 1, 0, 0, 1, 0, 0, 0, 0, 0, 0, 0, 1, 1, 0, 0, 0, 0, 0, 0]"
5006742_gab,i will give you a <number> yd head start goatfucker good luck ar10 <number> dpms <number> ft per second with a thud and a splat freedomboner,offensive,"[1, 1, 1, 1, 1, 1, 1, 1, 1, 1, 0, 0, 0, 0, 0, 0, 0, 0, 0, 0, 0, 1, 1, 1, 1, 1]"
23069155_gab,ive always considered that brain fart to be among the most retarded ideas ever put forth,offensive,"[0, 0, 0, 0, 1, 1, 0, 0, 0, 0, 0, 1, 0, 0, 0, 0]"
1171149509637881856_twitter,women go broke and start telling niggas they pregnant so send some abortion money,normal,"[0, 0, 0, 0, 0, 0, 0, 0, 0, 0, 0, 0, 0, 0]"
8806856_gab,so i was explaining the short gap in my employment record when my wife had that awful miscarriage when your hr manager jumped to his feet and said you are a fucking white male now pay me,normal,"[0, 0, 0, 0, 0, 0, 0, 0, 0, 0, 0, 0, 0, 0, 0, 0, 0, 0, 0, 0, 0, 0, 0, 0, 0, 0, 0, 0, 0, 0, 0, 0, 0, 0, 0, 0, 0]"
1179094241730940928_twitter,i am so over this post pregnant high school bull shit skin,normal,"[0, 0, 0, 0, 0, 0, 0, 0, 0, 0, 0, 0]"
1160890833463336961_twitter,best bad bitch,normal,"[0, 0, 0]"
18524914_gab,police will not investigate the labour party for charging white people more to go to one of their events but they will arrest hairdressers who do not want moslem customers,normal,"[0, 0, 0, 0, 0, 0, 0, 0, 0, 0, 0, 0, 0, 0, 0, 0, 0, 0, 0, 0, 0, 0, 0, 0, 0, 0, 0, 0, 0, 0]"
13844176_gab,my guess jews with mafia connections to cuba,offensive,"[0, 0, 1, 1, 1, 1, 0, 0]"
1178861791939571712_twitter,maugs love letting them white walkers in so easily,normal,"[0, 0, 0, 0, 0, 0, 0, 0, 0]"
1139067471288160257_twitter,<user> i fucking hate that man legit,normal,"[0, 0, 0, 0, 0, 0, 0]"
16865539_gab,for all you white people time to wake the fk up white people freed the blacks and gave them a future in the <number> the democrats stepped in with pres johnson and bought them back into slavery with welfare by destroying the family no father needed and urban ghettos were born,offensive,"[0, 0, 0, 0, 0, 0, 0, 0, 0, 0, 0, 0, 0, 0, 0, 0, 0, 0, 0, 0, 0, 0, 0, 0, 0, 0, 0, 0, 0, 0, 0, 0, 1, 1, 1, 1, 1, 1, 1, 1, 1, 1, 1, 1, 1, 1, 1, 1, 1, 1, 1]"
1104286696089309184_twitter,actually trapsoul is still that nigga still still,normal,"[0, 0, 0, 0, 0, 0, 0, 0]"
1178859888191135744_twitter,the last thing i wanna do is get off work too a nigga with a attitude,normal,"[0, 0, 0, 0, 0, 0, 0, 0, 0, 0, 0, 0, 0, 0, 0, 0]"
1143183174014590977_twitter,warren pushing tax reparations for gay couples,normal,"[0, 0, 0, 0, 0, 0, 0]"
17271780_gab,daca caca cucks part vii remember janet the dyke who had no issue with rescinding protections of the branch davidians,hatespeech,"[0, 0, 0, 0, 0, 0, 0, 0, 1, 0, 0, 0, 0, 0, 0, 0, 0, 0, 0, 0]"
4045620_gab,<user> i did not know usher was moslem,normal,"[0, 0, 0, 0, 0, 0, 0, 0]"
1186748600161914886_twitter,<user> <user> yea and the nazis were socialists too,normal,"[0, 0, 0, 0, 0, 1, 0, 0, 0]"
8606091_gab,can i say nigger on gab ai,hatespeech,"[0, 0, 0, 1, 0, 0, 0]"
1142521270925451264_twitter,atop the mountain dorothy needs to escape from phoebe or they will be sent to the clown dimension,normal,"[0, 0, 0, 0, 0, 0, 0, 0, 0, 0, 0, 0, 0, 0, 0, 0, 0, 0]"
2985716_gab,liberal a i cannot work because i am on h4 visa but i realized illegal immigrants can work and are protected because ca has declared itself a sanctuary state me as a hidden trumper that not right liberal b but these undocumented workers are having such a difficult life speakfreely,offensive,"[0, 0, 1, 1, 1, 1, 1, 1, 1, 1, 1, 1, 1, 1, 1, 1, 1, 1, 1, 1, 1, 1, 1, 1, 1, 1, 1, 1, 1, 0, 0, 0, 0, 0, 1, 1, 1, 1, 1, 1, 1, 1, 1, 1, 1, 1, 1, 1, 1, 0]"
25117494_gab,welcome one and all hope everyone is having a great weekend big job in the garden tomorrow getting it spick and span after the winter washout should be a nice day by all accounts got any plans brit fam,normal,"[0, 0, 0, 0, 0, 0, 0, 0, 0, 0, 0, 0, 0, 0, 0, 0, 0, 0, 0, 0, 0, 0, 0, 0, 0, 0, 0, 0, 0, 0, 0, 0, 0, 0, 0, 0, 0, 0, 0]"
15378494_gab,kill the jews,hatespeech,"[1, 1, 1]"
25495966_gab,good his black ass will do very well in corrupt africa i am sure rhodesia angola mozambique or dr congo would just love a new nigger to exploit and extort lol,hatespeech,"[0, 0, 1, 1, 0, 0, 0, 0, 0, 0, 0, 0, 0, 0, 0, 0, 0, 0, 0, 0, 0, 0, 0, 0, 0, 1, 0, 0, 0, 0, 0]"
1179034258549039104_twitter,<user> the hero worship echo chamber they will never admit that their hero could do any wrong anything you bring up is not relevant or a feminazi hit price or part of a general attack on straight white men in leadership it sickening,normal,"[0, 0, 0, 0, 0, 0, 0, 0, 0, 0, 0, 0, 0, 0, 0, 0, 0, 0, 0, 0, 0, 0, 0, 0, 0, 0, 0, 0, 0, 0, 0, 0, 0, 0, 0, 0, 0, 0, 0, 0, 0, 0, 0]"
1178809315102035969_twitter,nigga retard an faggot <number> words that will get people angry they are words get over it,normal,"[0, 0, 0, 0, 0, 0, 0, 0, 0, 0, 0, 0, 0, 0, 0, 0, 0]"
1178614946386579456_twitter,<user> <user> white zionist monopoly capital is the master of all opposition parties who are in parliament excluded <user> white zionist monopoly capital is the master of all saunoin excluded <user> and this wzmc fake sa media excluded <user> and <user>,normal,"[0, 0, 0, 0, 0, 0, 0, 0, 0, 0, 0, 0, 0, 0, 0, 0, 0, 0, 0, 0, 0, 0, 0, 0, 0, 0, 0, 0, 0, 0, 0, 0, 0, 0, 0, 0, 0, 0, 0, 0, 0]"
5057306_gab,starbucks has updated the company definition of fair trade to mean that hiring illegal immigrants from coffee producing countries is fair trade the shitty price they pay the farmers remains unchanged,normal,"[0, 0, 0, 0, 0, 0, 0, 0, 0, 0, 0, 0, 0, 0, 0, 0, 0, 0, 0, 0, 0, 0, 0, 0, 0, 0, 0, 0, 0, 0, 0]"
16896325_gab,i am so glad i do not live there anymore i got out before the muslim invasion of minnesota,hatespeech,"[0, 0, 1, 1, 1, 1, 1, 1, 1, 1, 1, 0, 0, 0, 0, 1, 1, 0, 0]"
1219117000435339265_twitter,plutonium is so ass it just a bunch of retards killing last <number> seconds into the game,normal,"[0, 0, 0, 0, 0, 0, 0, 0, 0, 0, 0, 0, 0, 0, 0, 0, 0]"
19407320_gab,the whole time she was signaling an apology for the nigger without ever saying it directly yeah,offensive,"[0, 0, 0, 0, 0, 0, 0, 0, 0, 0, 1, 0, 0, 0, 0, 0, 0]"
1212083874056069121_twitter,not to be a depressed bitch but im definitely not feeling new year eve 😪 😪,normal,"[0, 0, 0, 0, 0, 0, 0, 0, 0, 0, 0, 0, 0, 0, 0, 0]"
18962054_gab,hi i am new to gab and i have run the numbers vaginal pros self lubrication feels amazing cons pregnancy sometimes a little loose anal pros tighter muscle she can not get pregnant cons have to buy lube kind of gay even w girl,offensive,"[0, 0, 0, 0, 0, 0, 0, 0, 0, 0, 0, 0, 1, 1, 1, 1, 1, 1, 1, 1, 1, 1, 1, 1, 1, 1, 1, 1, 1, 1, 1, 1, 1, 1, 1, 1, 1, 1, 1, 1, 1, 1, 1, 1]"
6357238_gab,fuck prayer let throw the shitskin sand niggers out,hatespeech,"[1, 1, 1, 1, 1, 1, 1, 1, 1]"
1178888094675800064_twitter,<user> fuck that nigger,hatespeech,"[0, 0, 0, 1]"
21441395_gab,what is behind the treasonous uk govt actions mooslim oil money or jewish money,hatespeech,"[0, 0, 0, 0, 0, 0, 0, 0, 1, 1, 1, 1, 1, 1]"
1220505344436129792_twitter,<user> <user> some might say it somewhat flippant to compare such an incident to the extermination of <number> million jews,normal,"[0, 0, 0, 0, 0, 0, 0, 0, 0, 0, 0, 0, 0, 0, 0, 0, 0, 0, 0, 0]"
26476649_gab,the enemy is the jew do not take your eye off the target there would not be muzzies flooding london if it wasn t for the jews,hatespeech,"[1, 1, 1, 1, 1, 0, 0, 0, 0, 0, 0, 0, 0, 0, 0, 0, 0, 1, 0, 0, 0, 0, 0, 0, 0, 0, 0]"
14680529_gab,dianne abacus abbott waffling on about racism not a word about her own mp talking about token black ghetto boys,offensive,"[0, 0, 0, 1, 1, 1, 1, 0, 0, 0, 0, 0, 0, 0, 0, 0, 1, 1, 1, 1]"
11619975_gab,oh we got somebody trying to defend the murderous negro community and the drug dealing hispanic community you are also defending those mongrels the islam they say white people are all racist and we can only be racist then their stereotype apply as well,offensive,"[0, 0, 0, 0, 0, 0, 0, 0, 1, 1, 1, 0, 0, 1, 1, 1, 1, 0, 0, 0, 0, 0, 1, 1, 1, 0, 0, 1, 1, 1, 1, 1, 0, 0, 0, 0, 0, 0, 0, 0, 0, 0, 0, 0]"
1179010566448304128_twitter,roses are red violets are blue oh you hate me fuck you too,normal,"[0, 0, 0, 0, 0, 0, 0, 0, 0, 0, 0, 0, 0]"
1215318108052717568_twitter,waris pathan what kind of secular muslim are you who said sorry to muslims because you said ganpati bappa mourya baapdadainsult,normal,"[0, 0, 0, 0, 0, 0, 0, 0, 0, 0, 0, 0, 0, 0, 0, 0, 0, 0, 0, 0, 0]"
1869226_gab,ok watching the kelly bitch on fox showing the altright group some members giving the salute exposure red pill baby <number>,normal,"[0, 0, 0, 0, 0, 0, 0, 0, 0, 0, 0, 0, 0, 0, 0, 0, 0, 0, 0, 0, 0]"
17948021_gab,black boy what is socialism mother that when the white man works pays taxes so that blacks illegals refugees and muslimes can have free stuff the boy said do not the white people get mad 😡 the mother said yea and that called racism,normal,"[0, 0, 0, 0, 0, 0, 0, 0, 0, 0, 0, 0, 0, 0, 0, 0, 0, 0, 0, 0, 0, 0, 0, 0, 0, 0, 0, 0, 0, 0, 0, 0, 0, 0, 0, 0, 0, 0, 0, 0, 0, 0, 0, 0]"
4322382_gab,<user> likewise my pinned tweet on inbreeding in the islamic world had almost <number> impressions then the moslem douche that started screaming on the airline and cried racism reported it and had his followers flag me for hate im just happy to have gotten the info out there,normal,"[0, 0, 0, 0, 0, 0, 0, 0, 0, 0, 0, 0, 0, 0, 0, 0, 0, 0, 0, 0, 0, 0, 0, 0, 0, 0, 0, 0, 0, 0, 0, 0, 0, 0, 0, 0, 0, 0, 0, 0, 0, 0, 0, 0, 0, 0, 0, 0]"
1179092761255010304_twitter,tarique is a fucking actor 😂,normal,"[0, 0, 0, 0, 0, 0]"
21607331_gab,be boomer grow up when access to information is heavily controlled along comes internet age have the world at your finger tips believe things even more retarded than when info was controlled,offensive,"[0, 1, 0, 0, 0, 0, 0, 0, 0, 0, 0, 0, 0, 0, 0, 0, 0, 0, 0, 0, 0, 0, 0, 0, 0, 0, 1, 0, 0, 0, 0, 0]"
25746109_gab,i support sellner but let me just say white taqiyya sounds like the gayest thing ever and it will never work why are we emulating a sandnigger cult,offensive,"[1, 1, 1, 1, 1, 1, 1, 1, 1, 1, 1, 1, 1, 1, 1, 1, 1, 1, 1, 1, 1, 1, 1, 1, 1, 1, 1, 1]"
17909716_gab,wtf you retarded shit claimed trump is authoritarian you made that claim you dumb fuck so give the evidence to the claims,offensive,"[0, 0, 1, 1, 0, 0, 0, 0, 0, 0, 0, 0, 0, 1, 1, 0, 0, 0, 0, 0, 0, 0]"
1178926058688696320_twitter,<user> the guy is deluded i have witnessed <number> police officers struggle to restrain one guy let alone one woman and six kids what a redneck attitude in america,normal,"[0, 0, 0, 0, 0, 0, 0, 0, 0, 0, 0, 0, 0, 0, 0, 0, 0, 0, 0, 0, 0, 0, 0, 0, 0, 0, 0, 0, 0]"
1178986288097054726_twitter,<user> muslims refugees will be given refugee identity not citizenship those muslims in pakistan bangladesh got a big coumtry in partition now what else they want 😠 😠 😠,normal,"[0, 0, 0, 0, 0, 0, 0, 0, 0, 0, 0, 0, 0, 0, 0, 0, 0, 0, 0, 0, 0, 0, 0, 0, 0, 0, 0, 0, 0]"
1176049358510280705_twitter,<user> i love my muslim brother ☺ ️ ✌ 🏻,normal,"[0, 0, 0, 0, 0, 0, 0, 0, 0, 0]"
1162589602063900673_twitter,i have to be better hunting that metaphorical white whale will not end well or even end at all,normal,"[0, 0, 0, 0, 0, 0, 0, 0, 0, 0, 0, 0, 0, 0, 0, 0, 0, 0, 0]"
4578236_gab,<user> illegal immigrants cost an estimated <number> billion tax dollars per year the estimate to build the wall is <number> billion easypeasy we quit funding illegal aliens and it paid for in the first month and a half,offensive,"[0, 0, 0, 0, 0, 0, 0, 0, 0, 0, 0, 0, 0, 1, 1, 1, 1, 1, 1, 1, 1, 1, 0, 1, 1, 1, 1, 1, 1, 1, 1, 0, 0, 0, 0, 0, 0, 0]"
25476794_gab,and there is nothing as bad as a filthy kike,hatespeech,"[0, 0, 0, 0, 0, 0, 0, 0, 1, 1]"
1178820120862429185_twitter,<user> <user> what a fucking nigger,hatespeech,"[0, 0, 0, 0, 0, 1]"
1176201397831983105_twitter,<user> <user> what does the bible say about domestic violence,normal,"[0, 0, 0, 0, 0, 0, 0, 0, 0, 0]"
20427548_gab,ana navarro is a spic cunt that needs to shut her commie cock holster these pieces of shit declare war on us every time they open their ugly commie mouths how long until enough is enough,hatespeech,"[0, 0, 0, 0, 1, 1, 0, 0, 0, 0, 0, 0, 0, 0, 0, 1, 1, 1, 0, 0, 0, 0, 0, 0, 0, 0, 0, 1, 1, 0, 0, 0, 0, 0, 0, 0]"
14874070_gab,kill all these muscum terrorists before they kill you,hatespeech,"[1, 1, 1, 1, 1, 1, 1, 1, 1]"
1183889397655191553_twitter,you went behind my back for a sophomore yet shes playing you by fw one of your homeboys 💀 which you dont even know about still but ok 😆,normal,"[0, 0, 0, 0, 0, 0, 0, 0, 0, 0, 0, 0, 0, 0, 0, 0, 0, 0, 0, 0, 0, 0, 0, 0, 0, 0, 0, 0, 0]"
1178752135816724481_twitter,<user> right the man used proper grammar footnotes references in a specific university draft like how in tf do you assume he some dumb hillbilly jfc,offensive,"[0, 0, 0, 0, 0, 0, 0, 0, 0, 0, 0, 0, 0, 0, 0, 0, 0, 0, 0, 0, 0, 0, 0, 1, 1, 0]"
1179062268073521152_twitter,<user> full blown jihadi like hussein obongo,normal,"[0, 0, 0, 0, 0, 0, 0]"
1229612353185964032_twitter,<user> <user> make no mistake this haramkhor snowden is as anti hindu as any islamist so its their internal matter,normal,"[0, 0, 0, 0, 0, 0, 0, 1, 1, 1, 1, 1, 1, 1, 1, 0, 0, 0, 0, 0]"
1178724982433538048_twitter,<user> <number> police in upstate new york have charged two white girls ages <number> and <number> with second degree harassment <number> <number> year old was additionally charged with third degree assault as a hate crime <number> a <number> year old bus monitor has also been charged after failing to intervene,normal,"[0, 0, 0, 0, 0, 0, 0, 0, 0, 0, 0, 0, 0, 0, 0, 0, 0, 0, 0, 0, 0, 0, 0, 0, 0, 0, 0, 0, 0, 0, 0, 0, 0, 0, 0, 0, 0, 0, 0, 0, 0, 0, 0, 0, 0, 0, 0, 0, 0, 0]"
1092759251334848514_twitter,minho they say <number> out of <number> boys is gay minho minho i hope it jisung jisung is very cute,normal,"[0, 0, 0, 0, 0, 0, 0, 0, 0, 0, 0, 0, 0, 0, 0, 0, 0, 0, 0, 0]"
1087611556865536000_twitter,i am watching the hulu fyre doc and i am jarule is a true nigger coon,hatespeech,"[0, 0, 0, 0, 0, 0, 0, 0, 0, 0, 0, 0, 0, 0, 1, 1]"
16768459_gab,is the word wetback banned,hatespeech,"[0, 0, 0, 1, 0]"
10408090_gab,breaking president dorkle germany and president moron france both countries have open boarders and are over run by mussie barbarians raping and murdering instead of just shooting criminals rumor is they have agreed to have goat brothels in the islam ghettos the goat union is on strike,hatespeech,"[0, 0, 0, 0, 0, 0, 0, 0, 0, 0, 0, 0, 0, 0, 1, 1, 1, 1, 1, 1, 1, 1, 1, 0, 0, 0, 1, 1, 1, 0, 0, 0, 0, 0, 0, 1, 1, 1, 1, 1, 1, 1, 1, 1, 1, 1, 1]"
1178419875586461696_twitter,<user> if i am the faggot your the fucking slutty bitch drowning in my cum the tall bunny did not care,offensive,"[0, 1, 1, 1, 1, 1, 1, 1, 1, 1, 1, 1, 1, 1, 1, 0, 0, 0, 0, 0, 0]"
14900304_gab,spoiler alert the punisher is not the only insane violent right wing white male veteran in the series all the villains are too,normal,"[0, 0, 0, 0, 0, 0, 0, 0, 0, 0, 0, 0, 0, 0, 0, 0, 0, 0, 0, 0, 0, 0, 0]"
1187164926797926401_twitter,i cannot go to a restaurant amp eat a burger that ’ ghetto,normal,"[0, 0, 0, 0, 0, 0, 0, 0, 0, 0, 0, 0, 0]"
1261860976351236096_twitter,<user> the unhcr has helped countless refugees from africa those refugees do not agree with your tweet,normal,"[0, 0, 0, 0, 0, 0, 0, 0, 0, 0, 0, 0, 0, 0, 0, 0, 0]"
19800071_gab,no niggers muzzies and wetbacks being parasites at the behest of kikes is causing a divide in america,hatespeech,"[0, 1, 1, 0, 1, 0, 1, 0, 0, 0, 0, 1, 0, 0, 0, 0, 0, 0]"
17188226_gab,not a problem even though i know she a mudshark i still adore her,hatespeech,"[0, 0, 0, 0, 0, 0, 0, 0, 0, 1, 0, 0, 0, 0]"
24396396_gab,these same people also deny the slippery slope of gay marriage lookin pretty legit and slopey there,normal,"[0, 0, 0, 0, 0, 0, 0, 0, 0, 0, 0, 0, 0, 0, 0, 0, 0]"
11984565_gab,also jews always project their mentality onto their opponents before they attack them and so far your group is the only group who is doing the projection,normal,"[0, 1, 1, 1, 1, 1, 1, 1, 1, 1, 1, 1, 1, 0, 0, 0, 0, 0, 0, 0, 0, 0, 0, 0, 0, 0, 0]"
20055328_gab,this yid parasitic bitch should be hanged on the 1 st tall tree that grows in the center of the city to all to see and learn that yids are beasts of the field and not allowed to exist with humans,hatespeech,"[0, 1, 1, 1, 1, 1, 1, 0, 0, 0, 0, 0, 0, 0, 0, 0, 0, 0, 0, 0, 0, 0, 0, 0, 0, 0, 0, 0, 1, 1, 1, 0, 0, 0, 0, 1, 1, 1, 1, 0, 0]"
1125728703743324160_twitter,<user> i like u becoz u r a beautiful girl muslimah ⚘ ⚘ ⚘,normal,"[0, 0, 0, 0, 0, 0, 0, 0, 0, 0, 0, 0, 0, 0]"
1179074607015444489_twitter,<user> <user> jani look after baar afghan where <number> women were raped by us soldiers,normal,"[0, 0, 0, 0, 0, 0, 0, 0, 0, 0, 0, 0, 0, 0, 0]"
15734087_gab,he is going wherever jews take him israel first not america,normal,"[0, 0, 0, 0, 0, 0, 0, 0, 0, 0, 0]"
17827302_gab,you mean a typical subversive perfidous christ killer kike,hatespeech,"[0, 0, 0, 0, 1, 1, 1, 1, 1]"
17629244_gab,sometimes you can just tell a woman is a real woman she makes it a point that it is not the nature of women to bitch about most anything in order to be a woman,offensive,"[0, 0, 0, 0, 0, 0, 0, 0, 0, 0, 0, 0, 0, 0, 0, 0, 0, 0, 0, 0, 0, 1, 1, 1, 1, 1, 1, 1, 1, 1, 1, 1, 1, 1, 1]"
19520125_gab,anybody watching tucker carlson right now fucking beaner has been in the country since <number> years old and still cant speak proper english for fuck sake makes me want to pull my hair out,normal,"[0, 0, 0, 0, 0, 0, 1, 1, 0, 0, 0, 0, 0, 0, 0, 0, 0, 0, 0, 0, 0, 0, 0, 0, 0, 0, 0, 0, 0, 0, 0, 0, 0, 0]"
1253845170690326532_twitter,<user> spray water on me if gay,offensive,"[0, 1, 1, 1, 1, 1, 1]"
23135309_gab,can not help but feel that mexico perhaps unintentionally or perhaps in an effort to stay in our good standing trade wise let a caravan of illegal immigrants into their own country for the sole purpose of justifying the border wall,normal,"[0, 0, 0, 0, 0, 0, 0, 0, 0, 0, 0, 0, 0, 0, 0, 0, 0, 0, 0, 0, 0, 0, 0, 0, 0, 0, 0, 0, 0, 0, 0, 0, 0, 0, 0, 0, 0, 0, 0, 0, 0]"
23007090_gab,a beaner who tried snitching on atomwaffen and got doxxed,hatespeech,"[0, 1, 0, 0, 0, 0, 0, 0, 0, 0]"
1179003138042236929_twitter,<user> honestly they all look very elegant and beautiful you have put so much hard work into it,normal,"[0, 0, 0, 0, 0, 0, 0, 0, 0, 0, 0, 0, 0, 0, 0, 0, 0, 0]"
1179068759111278592_twitter,<user> so was war queer to be the official terminology for it not gay when you are underway but it is queer when you are on the pier,normal,"[0, 0, 0, 0, 0, 0, 0, 0, 0, 0, 0, 0, 0, 0, 0, 0, 0, 0, 0, 0, 0, 0, 0, 0, 0, 0, 0, 0]"
6388163_gab,the purpose goal of muslim immigrants is not integration into free society the purpose of islamists is to take over enslave free nations banislam deportmuslims,offensive,"[1, 1, 1, 1, 1, 1, 1, 1, 1, 1, 1, 1, 1, 1, 1, 1, 1, 1, 1, 1, 1, 1, 1, 1, 1]"
17153402_gab,he a lazy faggot who searched some shitty site and copied the thumbnail instead of the full resolution image mobile is a guess because the low effort poster will glance at the <number> screen grunt seems legit and post worthless vomit,offensive,"[0, 0, 1, 1, 0, 0, 0, 0, 0, 0, 0, 0, 0, 0, 0, 0, 0, 0, 0, 0, 0, 0, 0, 0, 0, 0, 0, 0, 0, 0, 0, 0, 0, 0, 0, 0, 0, 0, 0, 0, 0]"
16387710_gab,judging by your retarded limey accent i highly doubt your ass has any say regarding american policies and considering i am an american citizen you are gona have a hard time making a case against me old sport,normal,"[0, 0, 0, 0, 0, 0, 0, 0, 0, 0, 0, 0, 0, 0, 0, 0, 0, 0, 0, 0, 0, 0, 0, 0, 0, 0, 0, 0, 0, 0, 0, 0, 0, 0, 0, 0, 0, 0]"
10979482_gab,wishful thinking mr president these people will always hate you white man do not you get it yet u <user> stated that whichs very dangerous why do u refuse to understand that king kike trumps a genetic jew on his dads side wow hes its not an anglo saxon white man white nations,normal,"[0, 0, 0, 0, 0, 0, 0, 0, 0, 0, 0, 0, 0, 0, 0, 0, 0, 0, 0, 0, 0, 0, 0, 0, 0, 0, 0, 0, 0, 0, 0, 0, 0, 0, 0, 0, 0, 0, 0, 0, 0, 0, 0, 0, 0, 0, 0, 0, 0, 0, 0, 0, 0]"
1178791069032603648_twitter,ok it ain t just me <number> out here hunting niggers on god they tweakin this month,hatespeech,"[0, 0, 0, 0, 0, 0, 0, 0, 0, 0, 1, 0, 0, 0, 0, 0, 0]"
21261762_gab,west va lawmaker using n word listening to little wayne big deal just another lady tired of great nigger giveaway watch on tv first <number> hours cops any popular reality crime show quick education for niggra loving left thugs rape murder robbery get a job nigger disscusting trash,offensive,"[0, 0, 0, 0, 0, 0, 0, 0, 0, 0, 0, 0, 0, 0, 0, 0, 0, 0, 1, 0, 0, 0, 0, 0, 0, 0, 0, 0, 0, 0, 0, 0, 0, 0, 0, 1, 1, 1, 1, 1, 1, 1, 1, 1, 1, 1, 1, 1]"
8955875_gab,blacks fucked themselves by going for lbj great society programs hook line and sinker he said aboard af <number> after the law was passed i will have those niggers voting democrat for the next <number> years he was right,offensive,"[1, 1, 1, 1, 1, 1, 1, 1, 1, 1, 1, 1, 1, 1, 1, 1, 1, 1, 1, 1, 1, 1, 1, 1, 1, 1, 1, 1, 1, 1, 1, 1, 1, 1, 1, 1, 0, 0, 0]"
1179056609378672640_twitter,at dss this shit really ghetto asf im uncomfortable 😣,normal,"[0, 0, 0, 0, 0, 0, 0, 0, 0, 0]"
1179018220612866056_twitter,just as you can not treat a gentleman just like an redneck you can not treat an alpha male like a beta male,normal,"[0, 0, 0, 0, 0, 0, 0, 0, 0, 0, 0, 0, 0, 0, 0, 0, 0, 0, 0, 0, 0, 0, 0]"
1103080607226064897_twitter,do you still have balls albert faggot bitch i am shocked this community has not dragged your carcass thru the streets,offensive,"[0, 0, 0, 0, 0, 0, 1, 1, 1, 1, 0, 0, 0, 0, 0, 0, 0, 0, 0, 0, 0]"
12821267_gab,they send their best and brightest to europe and america for education obviously becuase they sand niggers and gooks have the best universities and are oppressed by the evil white man learning institutions it is our learning institutions that oppress the brown nigger people,offensive,"[0, 0, 0, 0, 0, 0, 0, 0, 0, 0, 0, 0, 0, 0, 0, 1, 1, 1, 1, 0, 0, 0, 0, 1, 1, 1, 1, 1, 1, 1, 1, 1, 1, 1, 1, 1, 1, 1, 1, 1, 1, 1, 1, 1]"
1180122942039920640_twitter,there is nothing called as marital rape in islam,normal,"[0, 0, 0, 0, 0, 1, 1, 1, 1]"
15673157_gab,you alt lite queers need to pick a side pro white or anti white race mixers and thot defenders deserve the rope,hatespeech,"[0, 1, 1, 1, 0, 0, 0, 0, 0, 0, 0, 0, 0, 0, 1, 1, 1, 1, 1, 1, 1, 1]"
1188407325754830848_twitter,believe it or not it ’ sunday morning and i ’ m up on my way to work this is ghetto,offensive,"[0, 0, 0, 0, 0, 0, 0, 0, 0, 0, 0, 0, 0, 0, 0, 0, 0, 0, 0, 0, 1]"
17160929_gab,<number> jewish dominance has declined a lot intellectually but there still is a lot of jewish dominance socially which is a serious problem we have all these retarded leftwing jewish pundits like bill kristol who were legacy admits to college and they are trying to kill whiteness,normal,"[0, 0, 0, 0, 0, 0, 0, 0, 0, 0, 0, 0, 0, 0, 0, 0, 0, 0, 0, 0, 0, 0, 0, 0, 0, 0, 0, 0, 0, 0, 0, 0, 0, 0, 0, 0, 0, 0, 0, 0, 0, 0, 0, 0, 0, 0, 0]"
5923246_gab,i am hesitant to believe the <number> in <number> women will be raped on campus myth why would any woman choose to go to college if there is a <number> chance she will be raped worse odds than russian roulette would be interested to see more accurate statistics and estimates,normal,"[0, 0, 0, 0, 0, 0, 0, 0, 0, 0, 0, 0, 0, 0, 0, 0, 0, 0, 0, 0, 0, 0, 0, 0, 0, 0, 0, 0, 0, 0, 0, 0, 0, 0, 0, 0, 0, 0, 0, 0, 0, 0, 0, 0, 0, 0, 0, 0, 0, 0]"
4267797_gab,what they do not teach you on the debate team is that violence sways minds and really wins over a crowd make people love you by punching them,offensive,"[1, 1, 1, 1, 1, 1, 1, 1, 1, 1, 1, 1, 1, 1, 1, 1, 1, 1, 1, 1, 1, 1, 1, 1, 1, 1, 1, 1]"
1212907875997061120_twitter,hey hawaii vote this fake dem nazi c*unt <censored> out of office the world is watching and we are holding you accountable gabbard,hatespeech,"[0, 0, 0, 0, 0, 0, 1, 1, 1, 0, 0, 0, 0, 0, 0, 0, 0, 0, 0, 0, 0, 0, 0]"
9665798_gab,yeah those gov contractors responsible for resettling immigrants brought in by the gov and leftist un looks like you were not educated let ignore the agenda by msm leftists un and go attack christians right you are no different than any stupid leftist also slander is the tool of the loser,offensive,"[1, 1, 1, 1, 1, 1, 1, 1, 1, 1, 1, 1, 1, 1, 1, 1, 1, 1, 1, 1, 1, 1, 1, 1, 1, 1, 1, 1, 1, 1, 1, 1, 1, 1, 1, 1, 1, 1, 1, 1, 1, 1, 1, 0, 0, 0, 0, 0, 0, 0, 0]"
27872681_gab,you wanna defend this hasbara kike thot too,hatespeech,"[0, 0, 0, 0, 1, 1, 1, 0]"
1177654321506213889_twitter,gonna be honest there are alot of retarded mother fuckers i absolutely hate,offensive,"[0, 0, 0, 0, 0, 0, 0, 1, 1, 1, 1, 1, 1]"
1179097509425082368_twitter,<user> they are living there visa and work permit they are paying tax there they are not intruder if any islamic country have any refugee tell me please i sure you can not find keep your shame inside you and find why all islamic country push shariyat everywhere please answer bro,normal,"[0, 0, 0, 0, 0, 0, 0, 0, 0, 0, 0, 0, 0, 0, 0, 0, 0, 0, 0, 0, 0, 0, 0, 0, 0, 0, 0, 0, 0, 0, 0, 0, 0, 0, 0, 0, 0, 0, 0, 0, 0, 0, 0, 0, 0, 0, 0, 0, 0, 0, 0]"
1241937890369630208_twitter,i got to pay for my own birthday nails ghetto,offensive,"[0, 0, 0, 0, 0, 0, 0, 0, 0, 1]"
5865200_gab,fat female scouts queers abound fuck em a new day has dawned,hatespeech,"[1, 1, 1, 1, 1, 1, 1, 0, 0, 0, 0, 0]"
1178325455755251712_twitter,black people in ny have let so much goody behavior slide you all got a mexican infiltrating black gangs got white latinas talking bout being black is a vibe all that tough talk you all do and that how you all moving the ghetto,normal,"[0, 0, 0, 0, 0, 0, 0, 0, 0, 0, 0, 0, 0, 0, 0, 0, 0, 0, 0, 0, 0, 0, 0, 0, 0, 0, 0, 0, 0, 0, 0, 0, 0, 0, 0, 0, 0, 0, 0, 0, 0, 0, 0, 0]"
21889545_gab,this sappy little white nigger is about as creepy as they come,hatespeech,"[0, 0, 0, 1, 1, 0, 0, 0, 0, 0, 0, 0]"
26443311_gab,i should post pics of muslim women sucking christian cock lol,offensive,"[1, 1, 1, 1, 1, 1, 1, 1, 1, 1, 0]"
16803737_gab,this niggerette is a stupid affirmative action moron i live in houston and the only thing dumber than her are the really stupid niggers that keep electing her,hatespeech,"[0, 1, 0, 1, 1, 1, 1, 1, 0, 0, 0, 0, 0, 0, 0, 0, 0, 0, 0, 0, 0, 1, 1, 1, 0, 0, 0, 0]"
4562801_gab,<user> shud b all moslem countrys,hatespeech,"[0, 0, 1, 1, 1, 1]"
8750267_gab,nat geo trying to blame radical islam on anything but islam and the show is less than a minute in,offensive,"[1, 1, 1, 1, 1, 1, 1, 1, 1, 1, 1, 0, 0, 0, 0, 0, 0, 0, 0, 0]"
1221530327463542784_twitter,<user> it started in <number> you dolt maybe your muslim brother obama should explain,offensive,"[0, 0, 0, 0, 0, 0, 1, 0, 0, 1, 1, 1, 0, 0]"
5416566_gab,sweden riot police forced to shoot at protestors as violence erupts yet pm is in denial express hotpagenews com r <number>,normal,"[0, 0, 0, 0, 0, 0, 0, 0, 0, 0, 0, 0, 0, 0, 0, 0, 0, 0, 0, 0, 0]"
1161645908854898696_twitter,immigrants founded this country,normal,"[0, 0, 0, 0]"
5858492_gab,fox news ‏ sessions more than <number> people who came here as refugees are under an fbi investigation today for potential terrorism related activities,normal,"[0, 0, 0, 0, 0, 0, 0, 0, 0, 0, 0, 0, 0, 0, 0, 0, 0, 0, 0, 0, 0, 0, 0, 0]"
12867073_gab,the terror attack in las vegas is only the beginning if you stupid americans refuse to wake up and take action america will look like sweden in a very short time if you do not elect good people into office and protest radical islam,normal,"[1, 1, 1, 1, 1, 1, 1, 1, 1, 1, 1, 1, 1, 1, 1, 1, 1, 1, 1, 1, 1, 1, 1, 1, 1, 1, 1, 1, 1, 1, 1, 1, 1, 1, 1, 1, 1, 1, 1, 1, 1, 1, 1, 1]"
13121070_gab,yet here you are being triggered like the utter faggot you are,hatespeech,"[0, 0, 0, 0, 0, 0, 0, 0, 1, 1, 0, 0]"
1178827967323082759_twitter,<user> a2 back to the relationship piece once you start gaining that you can build plans around them i have <percent> hispanic <percent> vietnamese <percent> african american refugee and the other <percent> is white aa non refugee so culture is a big piece of my school and building part <number> pe chat,normal,"[0, 0, 0, 0, 0, 0, 0, 0, 0, 0, 0, 0, 0, 0, 0, 0, 0, 0, 0, 0, 0, 0, 0, 0, 0, 0, 0, 0, 0, 0, 0, 0, 0, 0, 0, 0, 0, 0, 0, 0, 0, 0, 0, 0, 0, 0, 0, 0, 0, 0, 0, 0]"
1179066055953702912_twitter,<user> <user> <user> <user> <user> <user> <user> this channel did not have a mature content warning as she relies on young kids watching you cannot access main stream porn keep on white knighting the sluts of twitch,normal,"[0, 0, 0, 0, 0, 0, 0, 0, 0, 0, 0, 0, 0, 0, 0, 0, 0, 0, 0, 0, 0, 0, 0, 0, 0, 0, 0, 0, 0, 0, 0, 0, 0, 0, 0, 0, 0]"
6187865_gab,you are mentally deficient retarded troll that talks to himself are not you shit stain,offensive,"[0, 0, 1, 1, 1, 1, 0, 1, 1, 1, 1, 1, 1, 1, 1]"
14791122_gab,andre the nigger seems to have some identity issues,hatespeech,"[0, 0, 1, 0, 0, 0, 0, 0, 0]"
1178821663690854402_twitter,niggas talk about bruh for kissin teanna trump like the hoe they currently fuckin not doin the same shit niggas dnt even make sense,normal,"[0, 0, 0, 0, 0, 0, 0, 0, 0, 0, 0, 0, 0, 0, 0, 0, 0, 0, 0, 0, 0, 0, 0, 0]"
1196505113331929088_twitter,all i want to do is gunshot gunshot gunshot and a cash register noise punch a nazi,offensive,"[0, 0, 0, 0, 0, 0, 0, 0, 0, 0, 0, 0, 0, 0, 1, 1, 1]"
26686413_gab,has this nigger looked in the mirror lately,hatespeech,"[0, 0, 1, 0, 0, 0, 0, 0]"
1113068490741604352_twitter,<user> wow islam side by side w jews only <number> case in the entire world so what happened to all the jews in kolkata,offensive,"[0, 0, 1, 1, 1, 1, 1, 1, 0, 0, 0, 0, 0, 0, 0, 0, 0, 0, 0, 0, 0, 0, 0, 0]"
10581023_gab,good to know that that time when a bunch of blacks gang raped a white girl then pissed on her face while telling her that for <number> years of slavery bitch was by definition not racism,offensive,"[0, 0, 0, 0, 0, 0, 0, 0, 1, 1, 1, 1, 1, 1, 1, 1, 1, 1, 1, 1, 1, 1, 1, 1, 1, 1, 1, 1, 1, 1, 1, 0, 0, 0, 0, 0]"
12606818_gab,<number> pervs and a muzzie bitch,offensive,"[0, 0, 0, 0, 1, 1]"
1089929241196670976_twitter,<user> <user> from being killed by nazis to becoming nazis,offensive,"[0, 0, 0, 1, 1, 0, 1, 0, 1, 1]"
14280629_gab,meh is a hybrid of some weird variety added smidgen of white admixture just enough to make him think he better than the average sandnigger he got a real thing for dothead trannies why he wants to talk to nazis like you and anglin is just perverted,hatespeech,"[1, 1, 1, 1, 1, 1, 1, 1, 1, 1, 1, 1, 1, 0, 0, 0, 0, 0, 0, 0, 1, 1, 1, 1, 1, 1, 1, 1, 1, 1, 1, 1, 1, 0, 1, 1, 1, 1, 1, 1, 1, 1, 1, 1, 1, 1, 1]"
1178988324800864256_twitter,<user> <user> <user> <user> <user> i did not even hear that like she reaching cause she wants to look like a woke white person and all the people who liked her reply are stupid 💀,normal,"[0, 0, 0, 0, 0, 0, 0, 0, 0, 0, 0, 0, 0, 0, 0, 0, 0, 0, 0, 0, 0, 0, 0, 0, 0, 0, 0, 0, 0, 0, 0, 0, 0, 0, 0]"
11741443_gab,not even close to the same argument no white person alive today was associated in any way with slavery in the us no matter how they got here daca live here in violation of current immigration laws,normal,"[0, 0, 0, 0, 0, 0, 0, 0, 0, 0, 0, 0, 0, 0, 0, 0, 0, 0, 0, 0, 0, 0, 0, 0, 0, 0, 0, 0, 0, 0, 0, 0, 0, 0, 0, 0, 0]"
1104676577634410496_twitter,made a asian slaw spices and ketchup sandwich,normal,"[0, 0, 0, 0, 0, 0, 0, 0]"
1084505947408457728_twitter,<user> yeah thats pretty gross i dawn my yellow vest and kippah with pride do not like to be compared to a nazi,normal,"[0, 0, 0, 0, 0, 0, 0, 0, 0, 0, 0, 0, 0, 0, 0, 0, 0, 0, 0, 0, 0, 0, 0]"
1179023860009701377_twitter,<user> <user> you said we are exposed to rape culture if there a rape culture cultivated by men surely you also have to agree that there also a golddigging culture amongst women,normal,"[0, 0, 0, 0, 0, 0, 0, 0, 0, 0, 0, 0, 0, 0, 0, 0, 0, 0, 0, 0, 0, 0, 0, 0, 0, 0, 0, 0, 0, 0, 0, 0]"
17426587_gab,zojuist gab geïnstalleerd naar aanleiding van de nieuwe duitse wetgeving we moeten niet lijdzaam toezien hoe onze hard bevochten vrijheden worden afgenomen,normal,"[0, 0, 0, 0, 0, 0, 0, 0, 0, 0, 0, 0, 0, 0, 0, 0, 0, 0, 0, 0, 0, 0]"
11826052_gab,aww how sad lol <number> your short comment is riddled with grammatical errors your misuse of commas alone is hysterically funny <number> i have never gotten any free anything from the government <number> as a white trash racist nazi i doubt you can say the same,offensive,"[0, 0, 0, 0, 0, 0, 0, 0, 0, 0, 0, 0, 0, 0, 0, 0, 0, 0, 0, 1, 1, 0, 0, 0, 0, 0, 0, 0, 0, 0, 0, 0, 0, 0, 0, 1, 1, 1, 1, 0, 0, 0, 0, 0, 0, 0]"
12939052_gab,i think what this is chart is saying is that the easiest way to eliminate white people is to bring in unlimited numbers of african immigrants into their countries sounds awesome blackcrimematters,normal,"[0, 0, 0, 0, 0, 0, 0, 0, 0, 0, 1, 1, 1, 1, 1, 1, 1, 1, 1, 1, 1, 1, 1, 1, 1, 1, 1, 1, 1, 0, 0, 1]"
14407236_gab,muh legacy is shitty he stirred up a hurricane of hate against police white people anybody who opposed him he was more interested in his marxist muslim agenda then bringing our country together,normal,"[0, 0, 0, 0, 0, 0, 0, 0, 0, 0, 0, 0, 0, 0, 0, 0, 0, 0, 0, 0, 0, 0, 0, 0, 0, 0, 0, 0, 0, 0, 0, 0, 0]"
18420909_gab,we are not failing at anything you cowardly little tag along and you are not a part of the altright so <number> fuck off and quit countersigning <number> build your own based nigger maga movement <number> send your sheltered followers to us when they wish to have a pair grown,hatespeech,"[0, 0, 0, 0, 0, 0, 0, 0, 0, 0, 0, 0, 0, 0, 0, 0, 0, 0, 0, 0, 0, 0, 0, 0, 0, 0, 0, 0, 0, 0, 0, 0, 1, 1, 1, 0, 0, 0, 0, 0, 0, 0, 0, 0, 0, 0, 0, 0, 0, 0]"
21530730_gab,i see the future of britain as being a wasteland of ancient molten nuclear reactors and mutated arabs running around on camel legs if they have not been eaten by the metre long dire squirrels,offensive,"[0, 0, 0, 0, 0, 0, 0, 0, 0, 0, 0, 0, 0, 0, 0, 0, 1, 1, 1, 1, 1, 1, 1, 0, 0, 0, 0, 0, 0, 0, 0, 0, 0, 0, 0]"
16644279_gab,trump mattis and white hats of nsa are taking down everybody,normal,"[0, 0, 0, 0, 0, 0, 0, 0, 0, 0, 0]"
19775180_gab,dear black people your paintings suck michael obama looks like it tryin a be white barry looks like a retarded step child,hatespeech,"[0, 0, 0, 0, 1, 1, 0, 0, 0, 0, 0, 0, 0, 0, 0, 0, 0, 0, 0, 1, 0, 0]"
14723646_gab,you are obviously stupid so you would not understand if you truly believe physical force is justified at this time why are not you shooting blacks or mexicans in the ghetto you do not really believe in what you are saying cuck,offensive,"[0, 0, 0, 0, 0, 0, 0, 0, 0, 0, 0, 0, 0, 0, 0, 0, 0, 0, 0, 0, 0, 0, 0, 0, 1, 1, 1, 1, 1, 1, 1, 0, 0, 0, 0, 0, 0, 0, 0, 0, 0, 1]"
21623835_gab,i am done with it i was only shocked that six months was spent arguing and sowing discord over optics only to culminate in grown men prancing around in red tennis shoes it is the most retarded debate i have ever seen,normal,"[0, 0, 0, 0, 0, 0, 0, 0, 0, 0, 0, 0, 0, 0, 0, 0, 0, 0, 0, 0, 0, 0, 0, 0, 0, 0, 0, 0, 0, 0, 0, 0, 1, 1, 1, 1, 1, 1, 1, 1, 1, 1]"
1247714098495840264_twitter,tfw you hate yourself for no reason gt,normal,"[0, 0, 0, 0, 0, 0, 0, 0]"
24225614_gab,i just want to say muslimes f off,hatespeech,"[0, 0, 0, 0, 0, 1, 1, 1]"
1178907480853630977_twitter,you do lame shit you a lame bitch,offensive,"[0, 0, 0, 0, 0, 0, 1, 1]"
1143523197855383553_twitter,for the spice rainbow wendigo grind blue berries lightning nuts liverwarts nuts copper roots white seeds,normal,"[0, 0, 0, 0, 0, 0, 0, 0, 0, 0, 0, 0, 0, 0, 0, 0]"
4754245_gab,the ultimate authority on who is white who is not <url>,normal,"[0, 0, 0, 0, 0, 0, 0, 0, 0, 0, 0]"
1174008783460323329_twitter,imagine them telling hobi what does his name means in arabic then when seokjin asking what does his mean bruh 😭 ✋,normal,"[0, 0, 0, 0, 0, 0, 0, 0, 0, 0, 0, 0, 0, 0, 0, 0, 0, 0, 0, 0, 0, 0]"
25921778_gab,it a nigger school,offensive,"[0, 0, 1, 0]"
1178242529927614464_twitter,imagine thinking that <user> is a homophobe because he said faggot once lmao could not be me,normal,"[0, 0, 0, 0, 0, 0, 0, 0, 0, 0, 0, 0, 0, 0, 0, 0, 0]"
24081504_gab,lemanuel jackson of the retarded nigger branch of the andrew jackson lineage,hatespeech,"[0, 0, 0, 0, 0, 1, 0, 0, 0, 0, 0, 0]"
12838645_gab,you sit around watching biggernall while thousands of your women and children are being raped every day and your country is being burned to the ground what good are you ur a worthless pos,offensive,"[0, 0, 0, 0, 0, 0, 1, 1, 1, 1, 1, 1, 1, 1, 1, 1, 1, 1, 1, 1, 1, 1, 1, 1, 1, 1, 0, 0, 0, 0, 1, 1, 1, 1]"
1142335165458505728_twitter,it like when a school of minnows swarm and completely consume a shark and leave nothing but its gleaming white bones,normal,"[0, 0, 0, 0, 0, 0, 0, 0, 0, 0, 0, 0, 0, 0, 0, 0, 0, 0, 0, 0, 0]"
22862647_gab,what sean low t really meant was my wife boyfriend church and by having a blast he really meant the sand niggers were blowing up his wife children,hatespeech,"[0, 0, 0, 0, 0, 0, 0, 0, 0, 0, 0, 0, 0, 0, 0, 0, 0, 0, 0, 0, 1, 1, 0, 0, 0, 0, 0, 0]"
1272194772539772928_twitter,<user> the non whites will follow wherever we go until we go somewhere that we do not let wormtongue jews in with us and hold out ground,offensive,"[0, 0, 0, 0, 0, 0, 0, 0, 0, 0, 0, 0, 0, 0, 0, 0, 0, 0, 1, 1, 0, 0, 0, 0, 0, 0, 0]"
1179105676355870727_twitter,<user> how about illegal immigrants should we give free abortions to illegal immigrations or do you not accept the morality of my question,normal,"[0, 0, 0, 0, 0, 0, 0, 0, 0, 0, 0, 0, 0, 0, 0, 0, 0, 0, 0, 0, 0, 0, 0]"
17962532_gab,fun fact of the four islamic halal markets run by muslim immigrants in one of oregon larger cities three were closed down for rampant foodstamp fraud and fencing stolen goods what about the fourth the county shut it down for health code violations including human fecal e coli in kebabs,normal,"[0, 0, 0, 0, 0, 0, 0, 0, 0, 0, 0, 0, 0, 0, 0, 0, 0, 0, 0, 0, 0, 0, 0, 0, 0, 0, 0, 0, 0, 0, 0, 0, 0, 0, 0, 0, 0, 0, 0, 0, 0, 0, 0, 0, 0, 0, 0, 0, 0, 0]"
12385410_gab,and for that we all pay it stupid personally i prefer the company of men a lot more than a bunch of women i can think of sad but true freethemen ilovemen,normal,"[0, 0, 0, 0, 0, 0, 0, 0, 0, 0, 0, 0, 0, 0, 0, 0, 0, 0, 0, 0, 0, 0, 0, 0, 0, 0, 0, 0, 0, 0, 0, 0]"
22107549_gab,everything about islam is satanic and disgusting they must be dissolved from the planet you knew i was a snake when you first let me in they must be destroyed entirely,hatespeech,"[1, 1, 1, 1, 1, 1, 1, 1, 1, 1, 1, 1, 1, 1, 1, 1, 1, 1, 1, 1, 1, 1, 1, 1, 1, 1, 1, 1, 1, 1, 1]"
5431123_gab,well devildog you and i both know arabs turn and run,offensive,"[0, 0, 0, 0, 0, 0, 0, 1, 1, 1, 1]"
27903408_gab,your muzrat gov t will never allow brexit,offensive,"[0, 1, 0, 0, 0, 0, 0, 0]"
9656675_gab,i wish i cant get on twitter anymore they banned me for fighting with a muslim who threatened me potus he needs to end twitter,normal,"[0, 0, 0, 0, 0, 0, 0, 0, 0, 0, 0, 0, 0, 0, 0, 0, 0, 0, 0, 0, 0, 0, 0, 0, 0]"
3Z8UJEJOCZEG603II1EL4BE4QZH93Z_nf_4,then an older nigger wearing an apron dressed like a kitchen staff member and holding a small caliber revolver walks to the front door and locks it and says i am the new kang of charleston,hatespeech,"[0, 0, 0, 1, 0, 0, 0, 0, 0, 0, 0, 0, 0, 0, 0, 0, 0, 0, 0, 0, 0, 0, 0, 0, 0, 0, 0, 0, 0, 0, 0, 0, 0, 0, 0, 0]"
1091106800408190976_twitter,tfw jews want to ban p*rn <censored> tfw now i agree with jews tfw i change my ideals get owned jews,offensive,"[0, 1, 0, 0, 0, 0, 0, 0, 0, 0, 0, 0, 1, 0, 0, 0, 0, 0, 1, 1, 1]"
1213227832739946496_twitter,i ’ m not worried about ww3 i ’ m a illegal immigrant i can ’ t get draft 😂 🖕,offensive,"[0, 0, 0, 0, 0, 0, 0, 0, 0, 0, 0, 1, 1, 0, 0, 0, 0, 0, 0, 0, 0]"
15479076_gab,bigger digger figger gigger jigger nigger pigger rigger tigger vigger wigger zigger,hatespeech,"[0, 0, 0, 0, 0, 1, 0, 0, 0, 0, 1, 0]"
17497830_gab,if that was the case then people would not call me a nigger just because i made a joke,normal,"[0, 0, 0, 0, 0, 0, 0, 0, 0, 0, 0, 0, 0, 0, 0, 0, 0, 0, 0]"
1196999034575024128_twitter,<user> that retarded guy should not be a reporter,offensive,"[0, 0, 1, 0, 0, 0, 0, 0, 0]"
1110474116597993472_twitter,huh the gays really can ’ t drive,hatespeech,"[0, 0, 1, 0, 0, 0, 0, 0]"
23095351_gab,easy to make generalized statements a stopped watch is right twice per day drug addicts can make intelligent statements from time to time even a mentally retarded person knows when to go to the bathroom,normal,"[0, 0, 0, 0, 0, 0, 0, 0, 0, 0, 0, 0, 0, 0, 0, 0, 0, 0, 0, 0, 0, 0, 0, 0, 0, 0, 0, 0, 0, 0, 0, 0, 0, 0, 0]"
16839685_gab,if credible calls to violence are not protected speech how are americans expected to carry out their duty of throwing off the chains of a tyrannical government serious question <user>,normal,"[0, 0, 0, 0, 0, 0, 0, 0, 0, 0, 0, 0, 0, 0, 0, 0, 0, 0, 0, 0, 0, 0, 0, 0, 0, 0, 0, 0, 0, 0]"
1178775580713590792_twitter,<user> cof fucking nigger cof,hatespeech,"[0, 1, 1, 1, 1]"
25856411_gab,who gives a fuck about the sand nigger palestinians if they wanted peace there would be peace if isreal wanted war the palestinians would be dead wake the fuck up berry,hatespeech,"[1, 1, 1, 1, 1, 1, 1, 1, 1, 1, 1, 1, 1, 1, 1, 1, 1, 1, 1, 1, 1, 1, 1, 1, 1, 1, 1, 1, 1, 1, 1]"
12097836_gab,so that why we are bringing them in all that muzzie love and tolerance they are just like us only a little more rapey honest the beard on that arselifter and smug expression says super devo extremist throw it in the crusher before any more damage is done,hatespeech,"[0, 0, 0, 0, 0, 0, 0, 0, 0, 0, 1, 1, 1, 1, 0, 0, 0, 0, 1, 1, 1, 1, 1, 1, 1, 1, 1, 1, 1, 1, 1, 1, 1, 1, 1, 1, 1, 0, 0, 0, 0, 0, 0, 0, 0, 0, 0, 0]"
22666457_gab,ok so that applies for the women as well right,normal,"[0, 0, 0, 0, 0, 0, 0, 0, 0, 0]"
23377953_gab,match <number> a nigger wins a championship match <number> a nigger wins the battle royal now <number> niggers are singing fuck this whole thing im gonna play gta5 fuck wrestlemania 😡,hatespeech,"[0, 0, 0, 1, 0, 0, 0, 0, 0, 0, 1, 0, 0, 0, 0, 0, 0, 1, 0, 0, 0, 0, 0, 0, 0, 0, 0, 0, 0, 0, 0]"
1179015280602882048_twitter,we coming for your dollars better call the cops you want a war we got a nuclear holocaust,normal,"[0, 0, 0, 0, 0, 0, 0, 0, 0, 0, 0, 0, 0, 0, 0, 0, 0, 0]"
1182315881948422145_twitter,young women of this generation be more worried about how much money he has rather than if he has the holy spirit or not,normal,"[0, 0, 0, 0, 0, 0, 0, 0, 0, 0, 0, 0, 0, 0, 0, 0, 0, 0, 0, 0, 0, 0, 0, 0]"
24032034_gab,<user> i hate you for the hairy titty nigger that bullshit wrong on so many levels you suck 😨 😠 👹 💩 👹 💩 👹 💩 👹 💩,hatespeech,"[0, 0, 0, 0, 0, 0, 0, 0, 1, 0, 0, 0, 0, 0, 0, 0, 0, 0, 0, 0, 0, 0, 0, 0, 0, 0, 0, 0]"
16003028_gab,stupid moslem terrorist forgot to do rockets and blew his dingus off that what happens when you make things when you are a stupid head,hatespeech,"[1, 1, 1, 0, 0, 0, 0, 0, 0, 0, 0, 0, 0, 0, 0, 0, 0, 0, 0, 0, 0, 0, 0, 0, 0]"
1112352946673647617_twitter,<user> san bernardino residents don ’ t buy guns and give them to your jihadist neighbor to look cool,offensive,"[0, 0, 0, 0, 1, 1, 1, 1, 1, 1, 1, 1, 1, 1, 1, 1, 1, 1, 1]"
25121240_gab,i love it i have honey bees as well do not know where your at but here i had to put a fence around it to keep the coons from knocking my hives over fact,normal,"[0, 0, 0, 0, 0, 0, 0, 0, 0, 0, 0, 0, 0, 0, 0, 0, 0, 0, 0, 0, 0, 0, 0, 0, 0, 0, 0, 0, 0, 0, 0, 0, 0, 0, 0]"
4334117_gab,imgur could be turned right wing site easily if not for the mods they mostly ok with sexist stuff and anti muslim stuff the site just have a group of sjws that report everything and kike mods that delete stuff,hatespeech,"[1, 1, 1, 1, 1, 1, 1, 1, 1, 1, 1, 1, 1, 1, 1, 1, 1, 1, 1, 1, 1, 1, 1, 1, 1, 1, 1, 1, 1, 1, 1, 1, 1, 1, 1, 1, 1, 1, 1, 1]"
1179028195720536064_twitter,<user> some apologies are genuine and from the heart this is lame merely damage control but you can not control the damage of what amounts to holocaust denial with what appears to be an inter office style memo it inadequate you have deeply offended jews all over the world,normal,"[0, 0, 0, 0, 0, 0, 0, 0, 0, 0, 0, 0, 0, 0, 0, 0, 0, 0, 0, 0, 0, 0, 0, 0, 0, 0, 0, 0, 0, 0, 0, 0, 0, 0, 0, 0, 0, 0, 0, 0, 0, 0, 0, 0, 0, 0, 0, 0, 0]"
19364824_gab,just another dumb nigger,hatespeech,"[0, 0, 0, 1]"
1080940449257455616_twitter,self respecting women taking w all year,normal,"[0, 0, 0, 0, 0, 0, 0]"
1090938562692956160_twitter,goober sat on a grape humpty had a great fall all of poopy bandaid and all of trump syringe could n  t put goober together again,normal,"[0, 0, 0, 0, 0, 0, 0, 0, 0, 0, 0, 0, 0, 0, 0, 0, 0, 0, 0, 0, 0, 0, 0, 0, 0, 0, 0]"
14507125_gab,the lord is a man of war the lord is his name if you know jesus then you know the father christianity is not some bitch made religion frankly heretics like you deserve condemnation too,normal,"[0, 0, 0, 0, 0, 0, 0, 0, 0, 0, 0, 0, 0, 0, 0, 0, 0, 0, 0, 0, 0, 0, 0, 0, 0, 0, 0, 0, 0, 0, 0, 0, 0, 0, 0]"
16439941_gab,i respect the arabs who kill jews in your case you say your ancestors are christian so that explains why you are a zionist puppet,offensive,"[1, 1, 1, 1, 1, 1, 1, 0, 0, 0, 0, 0, 0, 0, 0, 0, 0, 0, 0, 0, 1, 1, 1, 1, 1]"
1080861105604284416_twitter,<user> <user> i can not believe reid uses the words negro dialect in his personal vocabulary,normal,"[0, 0, 0, 0, 0, 0, 0, 0, 0, 0, 0, 0, 0, 0, 0, 0]"
14993301_gab,wow i seriously never realized that spic kids watch tv 🤔 i guess i always imagined them just smoking drugs making burritos and sleeping with their butts to the wall when uncle jose stumbles in wasted on taquila at <number> a m,offensive,"[0, 0, 0, 0, 0, 0, 1, 1, 0, 0, 0, 0, 0, 0, 0, 0, 0, 0, 1, 1, 1, 1, 0, 0, 0, 0, 0, 0, 0, 0, 0, 0, 0, 0, 0, 0, 0, 0, 0, 0, 0, 0]"
24015659_gab,still not werds nigga you south afreekan too see i fig u for a retarded azz adherent this is amazing how ice block,offensive,"[1, 1, 1, 1, 1, 1, 1, 1, 1, 1, 1, 1, 1, 1, 1, 1, 1, 1, 1, 1, 0, 0, 0]"
1179059616677814273_twitter,these fucking faggots be outta line son -.- every year these mf get more comfortable and comfortable in disrespecting straight man like i will not slap the shit out of mf disrespecting me 😑 and best believe im out too dumb ass mf,hatespeech,"[1, 1, 1, 0, 0, 0, 0, 0, 0, 0, 0, 0, 0, 0, 0, 0, 0, 0, 1, 1, 1, 0, 0, 0, 0, 0, 0, 0, 0, 0, 0, 0, 0, 0, 0, 0, 0, 0, 0, 0, 0, 0, 0]"
19794404_gab,wetback dick x <number>,hatespeech,"[1, 1, 0, 0]"
6685041_gab,the vast majority of hispanics who have east asian heritage do so cause of ancient migration patterns of their ancestors but some countries like brazil and peru took in asian immigrants relatively recently even mexico has a small asian community,normal,"[0, 0, 0, 0, 0, 0, 0, 0, 0, 0, 0, 0, 0, 0, 0, 0, 0, 0, 0, 0, 0, 0, 0, 0, 0, 0, 0, 0, 0, 0, 0, 0, 0, 0, 0, 0, 0, 0, 0, 0]"
1189038920861765632_twitter,<user> are you retarded this is not kerala dumbass,offensive,"[0, 0, 0, 1, 0, 0, 0, 0, 0]"
2345756_gab,<user> ironic oh wait freeing kuwait was neocon fakenews a pretext for invading iraq for the zionists that the media eagerly went along with no babies thrown from incubators no women raped on street corners just more israel lobby lies,offensive,"[0, 0, 0, 0, 1, 1, 1, 1, 0, 1, 1, 1, 1, 1, 1, 1, 1, 1, 1, 1, 1, 1, 1, 1, 1, 1, 1, 1, 1, 1, 1, 1, 1, 1, 1, 1, 1, 1, 1, 1]"
13541259_gab,to do that you gota get rid of the niggers and jews spics arabs etc etc so hurry up,hatespeech,"[0, 0, 0, 1, 1, 1, 1, 1, 1, 1, 1, 1, 1, 1, 1, 0, 0, 0, 0]"
17165100_gab,jews generally do not have the west best interests in mind they are heavily pro mass immigration heavily anti white and pro cultural marxism if it wasn t for jews we would not have a liberal indoctrinated population,offensive,"[0, 0, 0, 0, 0, 0, 0, 0, 0, 0, 0, 0, 0, 0, 0, 0, 0, 1, 1, 1, 0, 0, 0, 0, 1, 1, 1, 1, 1, 1, 1, 1, 1, 1, 1, 1, 1, 1]"
1261070975002726401_twitter,muslims when is laylat ul qadr,normal,"[0, 0, 0, 0, 0, 0]"
20050331_gab,your a retard lmfao your funny gay nazis whitesupreamist conspiracy lmfao 😂 😃 😃,hatespeech,"[0, 0, 1, 1, 1, 1, 1, 1, 1, 1, 1, 0, 0, 0]"
27546255_gab,yes everybody ask yourself right now would you ruin your life with a bull dyke ricky vaughn with tits <user>,offensive,"[0, 0, 0, 0, 0, 0, 0, 0, 0, 0, 0, 0, 0, 1, 1, 1, 1, 1, 1, 0]"
1179006899112558592_twitter,<user> <user> <user> that right <number> call them deplorables they will be shamed into not voting failure <number> call them racists they will be shamed into not voting failure <number> call them white supremacists and say trump is going to be impeached gee i wonder what will happen,normal,"[0, 0, 0, 0, 0, 0, 0, 0, 0, 0, 0, 0, 0, 0, 0, 0, 0, 0, 0, 0, 0, 0, 0, 0, 0, 0, 0, 0, 0, 0, 0, 0, 0, 0, 0, 0, 0, 0, 0, 0, 0, 0, 0, 0, 0, 0, 0, 0]"
10787033_gab,is it just a strange coincidence that the feral dindu in america wanna kill us like their cousins are doing to the white south africans,normal,"[0, 0, 0, 0, 0, 0, 0, 0, 1, 1, 0, 0, 1, 1, 0, 1, 1, 1, 0, 0, 0, 0, 1, 1, 1]"
1179075352401981447_twitter,<user> nowhere does it say false accusations and to be arrested there must have been evidence in the first place been caught most likely prison and chose the other option if he d attacked and raped a child you d been saying a lot different,normal,"[0, 0, 0, 0, 0, 0, 0, 0, 0, 0, 0, 0, 0, 0, 0, 0, 0, 0, 0, 0, 0, 0, 0, 0, 0, 0, 0, 0, 0, 0, 0, 0, 0, 0, 0, 0, 0, 0, 0, 0, 0, 0, 0, 0, 0]"
15623520_gab,feminists blacks muslims queers illegals libtards hispanics latinos transgenders jews do not like men like me why solely strictly because i am a college educated conservative hetero christian white male who also happens to be a legal immigrant american citizen by the way,offensive,"[1, 1, 1, 1, 1, 1, 1, 1, 1, 1, 1, 1, 1, 1, 1, 1, 1, 1, 1, 1, 1, 1, 1, 1, 1, 1, 0, 0, 0, 0, 0, 0, 0, 0, 0, 0, 0, 0, 0, 0, 0, 0, 0]"
1145109160691941377_twitter,<user> bitch was tiny but powerful,normal,"[0, 0, 0, 0, 0, 0]"
1090415029655166976_twitter,nuke the unborn gay whales for jesus,normal,"[0, 0, 0, 0, 0, 0, 0]"
23343010_gab,so if we meet <number> moslem who does not try to kill us that makes islam an acceptable totalitarian political ideology how would the <number> <number> people murdered by moslems feel about this,hatespeech,"[0, 1, 1, 1, 1, 1, 1, 1, 1, 1, 1, 1, 1, 1, 1, 1, 1, 1, 1, 1, 1, 1, 1, 1, 1, 1, 1, 1, 1, 1, 1, 1, 1]"
1179097779064442881_twitter,more and more i find myself professionally personally in spaces that are predominantly cis and straight with hobbies that i do not meet many queer people at more and more i am realizing how deeply over dating cishet men i am even as they pursue me,normal,"[0, 0, 0, 0, 0, 0, 0, 0, 0, 0, 0, 0, 0, 0, 0, 0, 0, 0, 0, 0, 0, 0, 0, 0, 0, 0, 0, 0, 0, 0, 0, 0, 0, 0, 0, 0, 0, 0, 0, 0, 0, 0, 0, 0, 0, 0]"
24806879_gab,will the cowardly little nazi faggot that downvoted u.s. marines kindly identify yourself so we can all mock you thank you,offensive,"[0, 0, 1, 1, 1, 1, 0, 0, 0, 0, 0, 0, 0, 1, 1, 1, 1, 1, 1, 0, 0]"
16555611_gab,how about if you fuck a nigger you are disowned,hatespeech,"[0, 0, 1, 1, 1, 1, 1, 1, 1, 1]"
17068058_gab,while the palestinians protest against jewish dictatorship ruling their country this kike rants about caring for muslims all of a sudden,hatespeech,"[0, 0, 0, 0, 0, 1, 1, 0, 0, 0, 0, 1, 0, 0, 0, 0, 0, 0, 0, 0, 0]"
17156467_gab,saying <number> of the population which you were clearly ignorant of was responsible for controlling the streets of all iranian cities with mass mobs was just a retarded idea and you got your face rubbed in the dirt does it all go up your nose,offensive,"[0, 0, 0, 0, 0, 0, 0, 0, 0, 0, 0, 0, 0, 0, 1, 1, 1, 1, 1, 1, 1, 1, 1, 1, 1, 1, 1, 1, 1, 0, 0, 0, 0, 0, 0, 0, 0, 0, 0, 0, 0, 0, 0, 0, 0]"
9282924_gab,if it been done i am unaware of it i have always wondered what would happen if a gay person called up a mohammedan baker and requested a cake be made,normal,"[0, 0, 0, 0, 0, 0, 0, 0, 0, 0, 0, 0, 0, 0, 0, 0, 0, 1, 1, 1, 1, 1, 1, 1, 1, 1, 1, 1, 1, 1, 1]"
1083168216095051776_twitter,sick of niggas acting like bitches dawg,normal,"[0, 0, 0, 0, 0, 0, 0]"
1178815533560602624_twitter,you all asking that white ass man to press hope about the cns twists is the equivalent to when jay park spoke to white ass man <number>,normal,"[0, 0, 0, 0, 0, 0, 0, 0, 0, 0, 0, 0, 0, 0, 0, 0, 0, 0, 0, 0, 0, 0, 0, 0, 0, 0, 0]"
8064440_gab,fucking ass eaters with whole cities full of coons and you think britan has a problem detroit is a shithole fix your shit up yankee,offensive,"[0, 1, 1, 0, 0, 0, 0, 0, 1, 0, 0, 0, 0, 0, 0, 0, 0, 0, 0, 0, 0, 0, 0, 0, 0]"
1219398637991747584_twitter,<user> <user> i hate you 😭 😭 😭 😭 💀,normal,"[0, 0, 0, 0, 0, 0, 0, 0, 0, 0]"
12902800_gab,piers morgans on his high horse again this morning telling people in another country that they should ban firearms the reason moslems dont fear anyone in europe is thanks to people like like him promoting the jew agenda of disarming native europeans while inviting in millions of savage moslem beasts,offensive,"[0, 0, 0, 0, 0, 0, 0, 0, 0, 0, 0, 0, 0, 0, 0, 0, 0, 0, 0, 0, 0, 1, 0, 0, 0, 0, 0, 0, 0, 0, 0, 0, 0, 0, 1, 1, 1, 1, 1, 1, 1, 1, 1, 1, 1, 1, 1, 1, 1, 1]"
1178716748532637699_twitter,<user> <user> <user> u can make up anything to fit your argument only a dummy thinks a victim getting a settlement for being raped is selling herself remy shot a woman so of course she sides with the rapists and not the victim ghetto mentality,normal,"[0, 0, 0, 0, 0, 0, 0, 0, 0, 0, 0, 0, 0, 0, 0, 0, 0, 0, 0, 0, 0, 0, 0, 0, 0, 0, 0, 0, 0, 0, 0, 0, 0, 0, 0, 0, 0, 0, 0, 0, 0, 0, 0, 0, 0]"
25246417_gab,hey <user> will you need jews to figure out how to implement your retarded mars colonization plan,offensive,"[1, 1, 1, 1, 1, 1, 1, 1, 1, 1, 1, 1, 1, 1, 1, 1, 1]"
1078537230505758720_twitter,<user> crazy rich rich asians 😍 😍 😩,normal,"[0, 0, 0, 0, 0, 0, 0, 0]"
1214212483331895297_twitter,<user> you missed out the gay son daughter 😝,normal,"[0, 0, 0, 0, 0, 0, 0, 0, 0]"
1222876686477406213_twitter,no good in being a good girl when these niggas like these ghetto hoes,offensive,"[0, 0, 0, 0, 0, 0, 0, 0, 0, 1, 0, 0, 1, 1]"
1179095002636603392_twitter,<user> <user> ah breitbart the go to news for all white supremacists maybe put your hood on and retweet this one,normal,"[0, 0, 0, 0, 0, 0, 0, 0, 0, 0, 0, 0, 0, 0, 0, 0, 0, 0, 0, 0, 0]"
1178821319288336384_twitter,are you tired of jerking off to porn and hentai and not getting any pussy prostitutes exist bitch there no excuse you are just a faggot that wants everything easy what more easy than a prostitute,offensive,"[0, 0, 0, 0, 0, 0, 0, 0, 0, 0, 0, 0, 0, 0, 0, 0, 0, 0, 0, 0, 0, 1, 1, 1, 1, 1, 0, 0, 0, 0, 0, 0, 0, 0, 0, 0]"
1179011774403756032_twitter,the dyke wants her kpop boy,normal,"[0, 0, 0, 0, 0, 0]"
14739088_gab,hes just a sand nigger subhuman,hatespeech,"[0, 0, 0, 1, 1, 1]"
2372101_gab,cuckservative media calls trump a liberal liberal kike media calls him far right tired of these deceitful cocksuckers,hatespeech,"[0, 0, 0, 0, 0, 0, 1, 1, 1, 0, 0, 0, 0, 0, 0, 0, 1, 1]"
17943455_gab,please stop posting photos of the moslem faggot and the crooked white whore please im sick of them please stop,hatespeech,"[0, 0, 0, 0, 0, 0, 1, 1, 0, 0, 1, 1, 1, 0, 0, 0, 0, 0, 0, 0]"
1178778213348237312_twitter,<user> <user> <user> you call me names and then you follow me i am sorry i am not that desperate to settle for trailer trash like you,offensive,"[0, 0, 0, 0, 0, 0, 0, 0, 0, 0, 0, 0, 0, 0, 0, 0, 0, 0, 0, 0, 0, 0, 0, 1, 1, 0, 0]"
26099353_gab,and it the same retarded re muh joz who hate the removal of topics,offensive,"[0, 0, 0, 0, 1, 0, 0, 0, 0, 0, 0, 0, 0, 0]"
1178847201176346624_twitter,there are dykes on a date in this pizza place,normal,"[0, 0, 0, 0, 0, 0, 0, 0, 0, 0]"
1122795610191667200_twitter,gave that hoe the boot like i work at ingles,offensive,"[0, 0, 1, 0, 0, 0, 0, 0, 0, 0]"
11769802_gab,blacks and even muzzies can join but keep their shit at home soon as they pray in the street gotta be liquidated we got better tech now can build massive biodigesters,hatespeech,"[0, 0, 0, 1, 0, 0, 0, 0, 0, 0, 0, 0, 1, 1, 1, 1, 1, 1, 1, 1, 1, 1, 0, 0, 0, 0, 0, 0, 1, 1, 1]"
1178962473849741312_twitter,<user> unite yo stop hate injustice agains blacks over the years blacks always been brain washed and tricked by white america,normal,"[0, 0, 0, 0, 0, 0, 0, 0, 0, 0, 0, 0, 0, 0, 0, 0, 0, 0, 0, 0, 0]"
23290934_gab,hell yeah proof that the anti q trolls here are fake alt right kike dick suckers,hatespeech,"[0, 0, 0, 0, 0, 0, 0, 0, 0, 0, 0, 0, 0, 1, 1, 1]"
8052436_gab,who was known to british authorities prior to the attack that sounds so much better than we did nothing to prevent it i am sure grieving parents siblings friends feel much better knowing this raghead was known to the authorities,hatespeech,"[0, 0, 0, 0, 0, 0, 0, 0, 0, 0, 0, 0, 0, 0, 0, 0, 0, 0, 0, 0, 0, 0, 0, 0, 0, 0, 0, 0, 0, 0, 0, 0, 0, 0, 1, 0, 0, 0, 0, 0]"
1179011342277234688_twitter,guess you gotta be a bum bitch to get shit from niggas now a days,normal,"[0, 0, 0, 0, 0, 0, 0, 0, 0, 0, 0, 0, 0, 0, 0]"
1179104365338079237_twitter,<user> you are so stupid guns are hold by the people you should ban the illegal immigrants first will you ban the car because of the drunk driving,normal,"[0, 0, 0, 0, 0, 0, 0, 0, 0, 0, 0, 0, 0, 0, 0, 0, 0, 0, 0, 0, 0, 0, 0, 0, 0, 0, 0, 0]"
1178955255309983744_twitter,<user> tongue white too bitches love nasty niggas,normal,"[0, 0, 0, 0, 1, 0, 0, 1]"
17379077_gab,<user> the biggest enemy u have is yourself in ulster it the sf pan catholic front demanding abortion liberalisation homo faggot rights skank equality the prod dup are the social conservatives resisting this jew marxist attack as for shitskin immigration u should give a fuck,hatespeech,"[0, 0, 0, 0, 0, 0, 0, 0, 0, 0, 0, 0, 0, 0, 0, 0, 0, 0, 0, 1, 1, 1, 1, 1, 0, 0, 0, 0, 0, 0, 0, 0, 0, 1, 1, 1, 0, 0, 1, 1, 0, 0, 0, 0, 0]"
5929494_gab,fugly ghetto niggly puff she beast sasquach looking motherfucker,hatespeech,"[1, 1, 1, 1, 1, 1, 1, 1, 1]"
21091701_gab,it a mediocre tinder knockoff where women are required to message men first it useless in eastern europe because the only women who use it are british or irish tourists,normal,"[1, 1, 1, 1, 1, 1, 1, 1, 1, 1, 1, 1, 1, 1, 1, 1, 1, 1, 1, 1, 1, 1, 1, 1, 1, 1, 1, 1, 1, 1]"
1179074070614331393_twitter,asking my therapist to clear her schedule as ive just discovered homosexuals are not a monolith and the wealthy gay guys on the queer makeover show none of us watch may have something i have never heard of called class interests,normal,"[0, 0, 0, 0, 0, 0, 0, 0, 0, 0, 0, 0, 0, 0, 0, 0, 0, 0, 0, 0, 0, 0, 0, 0, 0, 0, 0, 0, 0, 0, 0, 0, 0, 0, 0, 0, 0, 0, 0, 0, 0]"
18033237_gab,at least he is human kike rat,hatespeech,"[0, 0, 0, 0, 0, 1, 1]"
1178988011738062848_twitter,<user> if you take credit for the good then take credit for the bad mass shootings white supremacy kids in cages world leaders think your a joke corruption obstruction of justice massive debt pornstars shithole countries on and on your market is smoke and mirrors bullshit,normal,"[0, 0, 0, 0, 0, 0, 0, 0, 0, 0, 0, 0, 0, 0, 0, 0, 0, 0, 0, 0, 0, 0, 0, 0, 0, 0, 0, 0, 0, 0, 0, 0, 0, 0, 0, 0, 0, 0, 0, 0, 0, 0, 0, 0, 0, 0]"
26385395_gab,the fuckin pathetic state of britain and for all those who allowed these sand niggers to infiltrate and take over your nation you deserve it,normal,"[0, 0, 0, 0, 0, 0, 0, 0, 0, 0, 0, 0, 0, 0, 0, 0, 0, 0, 0, 0, 0, 0, 0, 0, 0]"
4030282_gab,<user> devildog the uc davis protesters remind me of the bolsheviks and every communist that has lived no dialog just violence and killing reminds me also of the nazis the storm troopers and the ss,offensive,"[0, 0, 0, 0, 0, 0, 0, 0, 0, 0, 1, 1, 1, 1, 0, 0, 0, 1, 1, 1, 1, 1, 1, 0, 0, 0, 0, 0, 1, 1, 1, 1, 1, 1, 1]"
1178756883039100929_twitter,all you all wanna be homosexual but you should be hoe no sexual,normal,"[0, 0, 0, 0, 0, 0, 0, 0, 0, 0, 0, 0, 0]"
16951792_gab,twatter is dominated by the regressive left who deal in emotion not logic multiculturalism is a cancer that has brought down civilizations throughout history on gab it okay to be white and okay to speak freely,offensive,"[0, 0, 0, 0, 0, 1, 1, 0, 0, 0, 0, 0, 0, 1, 1, 1, 1, 1, 1, 1, 1, 1, 1, 1, 0, 0, 0, 0, 0, 0, 0, 0, 0, 0, 0, 0]"
22753470_gab,i poisoned sergei skripal he was a faggot anyway,hatespeech,"[1, 1, 1, 1, 1, 1, 1, 1, 1]"
1178248136126394369_twitter,raskal redical islamist muslims in switzerland are demanding that the white cross be removed from the swiss national flag because as a christian symbol it no longer corresponds to today multicultural switzerland save the world from them 🙏 🙏 🙏 🙏 🙏 🙏 🙏 🔱 🔱 🔱,normal,"[0, 0, 0, 0, 0, 0, 0, 0, 0, 0, 0, 0, 0, 0, 0, 0, 0, 0, 0, 0, 0, 0, 0, 0, 0, 0, 0, 0, 0, 0, 0, 0, 0, 0, 0, 0, 0, 0, 0, 0, 0, 0, 0, 0, 0, 0, 0]"
1178858305751584768_twitter,my boyfriend is a fucking sweetheart,normal,"[0, 0, 0, 0, 0, 0]"
23150585_gab,he looks like another entitled nigger i know of,hatespeech,"[0, 0, 0, 0, 0, 1, 0, 0, 0]"
1187114184087093249_twitter,i wish someone loved me the way my cat loves me sike bitch is annoying,normal,"[0, 0, 0, 0, 0, 0, 0, 0, 0, 0, 0, 0, 0, 0, 0]"
1117963226719764480_twitter,the gap between blackpink and other artists 🤭,normal,"[0, 0, 0, 0, 0, 0, 0, 0]"
13990600_gab,people in my ghetto ass school used to wear shirts like these like xl sized,offensive,"[0, 0, 0, 1, 1, 1, 0, 0, 0, 0, 0, 0, 0, 0, 0]"
17227930_gab,when i am not fighting commies i am working towards leaving this shit stain ghetto called south florida can not wait to live on a farm in the country with nothing but my pets guns and trump loving bf to worry about been on a fermenting kick lately pickling lactofermentation,normal,"[0, 0, 0, 0, 0, 0, 0, 0, 0, 0, 0, 0, 0, 0, 0, 0, 0, 0, 0, 0, 0, 0, 0, 0, 0, 0, 0, 0, 0, 0, 0, 0, 0, 0, 0, 0, 0, 0, 0, 0, 0, 0, 0, 0, 0, 0, 0, 0, 0, 0]"
1179074681804070918_twitter,<user> this week in shitware computer aided pseudo phrenology with weak correlation let us see how this will and probably already has been misused will not be long before a smartphone app appears that predicts character traits based on social media data machine learning,normal,"[0, 0, 0, 0, 0, 0, 0, 0, 0, 0, 0, 0, 0, 0, 0, 0, 0, 0, 0, 0, 0, 0, 0, 0, 0, 0, 0, 0, 0, 0, 0, 0, 0, 0, 0, 0, 0, 0, 0, 0, 0, 0, 0, 0]"
1178750868503457793_twitter,i dont hate you mskddjd im just want ur throne,normal,"[0, 0, 0, 0, 0, 0, 0, 0, 0, 0]"
13690920_gab,hollywood does not want to know a fucking thing about this crime unless the nigger is acquitted,hatespeech,"[0, 0, 0, 0, 0, 0, 0, 0, 0, 0, 0, 0, 0, 0, 1, 0, 0]"
22566821_gab,oh girl you done and and went all full retard and shit,offensive,"[0, 0, 1, 1, 1, 1, 1, 1, 1, 1, 1, 1]"
7047490_gab,i guess this nigger and his mudshark are unaware of the merchant this is some hilarious trolling,hatespeech,"[0, 0, 0, 1, 0, 0, 1, 0, 0, 0, 0, 0, 0, 0, 0, 0, 0]"
1179024994744987649_twitter,<user> like here when they call a white shooter a mentally disturbed gunman but anyone non white is a terrorist yet our fake president and his followers seem to think the immigrants are bringing violence,normal,"[0, 0, 0, 0, 0, 0, 0, 0, 0, 0, 0, 0, 0, 0, 0, 0, 0, 0, 0, 0, 0, 0, 0, 0, 0, 0, 0, 0, 0, 0, 0, 0, 0, 0, 0]"
1076892958484512770_twitter,<user> <user> stop burning bread retard,offensive,"[0, 0, 0, 0, 0, 1]"
1251952054773231616_twitter,<user> <user> lmfao girl its just ghetto and its always alot going on,offensive,"[0, 0, 0, 0, 0, 0, 1, 0, 0, 0, 0, 0, 0]"
1170331481966862336_twitter,get you a nigga that gives you wam wam is walk around money stop fucking with the local jokers,normal,"[0, 0, 0, 0, 0, 0, 0, 0, 0, 0, 0, 0, 0, 0, 0, 0, 0, 0, 0]"
4606380_gab,the globalist eu jew whores are sneering at trump his halt of the sand nigger immivasion because he exposing them to be the weaklings cultural marxist cowards they are,hatespeech,"[0, 0, 1, 1, 1, 0, 0, 0, 0, 0, 0, 0, 0, 1, 1, 1, 0, 0, 0, 0, 0, 0, 0, 0, 0, 0, 0, 0, 0]"
26716653_gab,starbucks actually closed in america for a whole day so staff could have racially friendly training you can just imagine the lecturer saying when a nigger comes in do not say how do you like your coffee black,hatespeech,"[0, 0, 0, 0, 0, 0, 0, 0, 0, 0, 0, 0, 0, 0, 0, 0, 0, 0, 0, 0, 0, 0, 0, 0, 0, 1, 0, 0, 0, 0, 0, 0, 0, 0, 0, 0, 0, 0]"
26558540_gab,fuck you and your horseshoe faggot,offensive,"[1, 1, 1, 1, 1, 1]"
1203540995377225728_twitter,<user> y are u focusing on that when nazis exist,normal,"[0, 0, 0, 0, 0, 0, 0, 0, 0, 0]"
1179040376042266630_twitter,sometimes you wanna hit the girl you like up but then you remember so many niggers already doing that then you just be like hell naah 🙁,hatespeech,"[0, 0, 0, 0, 0, 0, 0, 0, 0, 0, 0, 0, 0, 0, 0, 1, 0, 0, 0, 0, 0, 0, 0, 0, 0, 0, 0]"
24737105_gab,this looks like an arab slave market with newly abductded european women for sale,offensive,"[1, 1, 1, 1, 1, 1, 1, 1, 1, 1, 1, 1, 1, 1]"
1089703499561078784_twitter,people do not know who tyler is just say you hate niggers and go,normal,"[0, 0, 0, 0, 0, 0, 0, 0, 1, 1, 1, 1, 0, 0]"
10752026_gab,no i do not have to listen to ppl trying to entrap me somebody starts talking violence in my mentions they get muted,normal,"[0, 0, 0, 0, 0, 0, 0, 0, 0, 0, 0, 0, 0, 0, 0, 0, 0, 0, 0, 0, 0, 0, 0]"
22768622_gab,mook <user> ‍ beaner i always forget that one dune coon,hatespeech,"[0, 0, 0, 1, 0, 0, 0, 0, 0, 1, 1]"
1087405331804758017_twitter,latinamerican fans muslim fans 🤝 fighting kexols,normal,"[0, 0, 0, 0, 0, 0, 0]"
1274583353153540096_twitter,<user> <user> it because of the brutal killing of the women n childrenz gender based violence must fall fathersday,normal,"[0, 0, 0, 0, 0, 0, 0, 0, 0, 0, 0, 0, 0, 0, 0, 0, 0, 0, 0]"
1249101299594883074_twitter,<user> do i look retarded,offensive,"[0, 1, 1, 1, 1]"
1116806106330947584_twitter,<user> <user> illegal illegal illegal immigrants so deliberately obtuse,normal,"[0, 1, 0, 0, 1, 1, 0, 0, 0]"
27263628_gab,i agree <user> you are yet another kike compromised piece of dog shit this is just another data mining site that removed the capability of communication between brothers and sisters the war is hot 😠,hatespeech,"[0, 0, 0, 0, 0, 0, 0, 1, 1, 1, 1, 1, 1, 0, 0, 0, 0, 1, 1, 1, 0, 0, 0, 0, 0, 0, 0, 0, 0, 0, 0, 0, 0, 0, 0]"
7187906_gab,of course the most at risk though are not going there to be raped and tortured i will see if i can find you an article on just one of several cases this one stood out as the filipina in question was herself a muslim,normal,"[0, 0, 0, 0, 0, 0, 0, 0, 0, 0, 0, 0, 0, 0, 0, 0, 0, 0, 0, 0, 0, 0, 0, 0, 0, 0, 0, 0, 0, 0, 0, 0, 0, 0, 0, 0, 0, 0, 0, 0, 0, 0, 0, 0, 0]"
20156398_gab,of course there will always be white actors and actresses it just they are slated to always play villains and nigger whores western pop culture is devolving into niggerdom at such frightening pace it truly is painful to watch,hatespeech,"[0, 0, 0, 0, 0, 0, 0, 0, 0, 0, 0, 0, 0, 0, 0, 0, 0, 0, 0, 0, 1, 1, 0, 0, 0, 0, 0, 0, 1, 0, 0, 0, 0, 0, 0, 0, 0, 0, 0]"
1178851825820274688_twitter,i remember my sophomore year of highschool when my principal tried to tell me i was wrong for checking a white boy for using the n word because his friends told him he could she was also white she tried to suspend me for being aggressive,normal,"[0, 0, 0, 0, 0, 0, 0, 0, 0, 0, 0, 0, 0, 0, 0, 0, 0, 0, 0, 0, 0, 0, 0, 0, 0, 0, 0, 0, 0, 0, 0, 0, 0, 0, 0, 0, 0, 0, 0, 0, 0, 0, 0, 0, 0, 0]"
1225661082083024897_twitter,caucasians wearing masks to prevent coronavirus and still don ’ t wash their hands,normal,"[0, 0, 0, 0, 0, 0, 0, 0, 0, 0, 0, 0, 0, 0]"
17466292_gab,can you in detail show me how nazi germany was a thriving capitalistic society also why did the nazis give ragheads special rights in germany oh right hitler used to dream of a 9 yr old wife,hatespeech,"[0, 0, 0, 0, 0, 0, 0, 0, 0, 0, 0, 0, 0, 0, 0, 0, 0, 0, 1, 1, 1, 0, 0, 0, 0, 0, 0, 0, 0, 0, 0, 0, 0, 0, 0, 0, 0]"
1179012469286682625_twitter,wakanda forever niggers <user>,hatespeech,"[0, 0, 1, 0]"
1201707618961690624_twitter,de anônimo para <user> i love you i hate you delicious perfect i hate you satanist,normal,"[0, 0, 0, 0, 0, 0, 0, 0, 0, 0, 0, 0, 0, 0, 0, 0]"
1111061738575810561_twitter,i ’ m that friend who will call you on a tuesday for margaritas 😂 and you better be ready bitch,normal,"[0, 0, 0, 0, 0, 0, 0, 0, 0, 0, 0, 0, 0, 0, 0, 0, 0, 0, 0, 0, 0]"
24676758_gab,this man vlad tepes knew how you deal with a moslem invasion and now he is called dracula in the west which means son of the dragon taken from his father who was known as dracul the dragon he is still seen as a national hero in romania,offensive,"[0, 0, 0, 0, 0, 0, 0, 0, 0, 0, 1, 1, 0, 0, 0, 0, 0, 0, 0, 0, 0, 0, 0, 0, 0, 0, 0, 0, 0, 0, 0, 0, 0, 0, 0, 0, 0, 0, 0, 0, 0, 0, 0, 0, 0, 0, 0, 0]"
1178853216844304384_twitter,these nasty crazy dumb lying white sluts have obviously fucked up my mother and sisters mind with their drugs and lies,offensive,"[0, 1, 1, 1, 1, 1, 1, 0, 0, 0, 0, 0, 0, 0, 0, 0, 0, 0, 0, 0, 0]"
5929022_gab,sadly this site has ended up as a boring white nationalist ghetto which means that gab is not going to ever take off bigly as much as liberal baloney bores the living crap out of me this place needs more ulp diversity of thought sorry,normal,"[0, 0, 0, 0, 0, 0, 0, 0, 0, 0, 0, 0, 0, 0, 0, 0, 0, 0, 0, 0, 0, 0, 0, 0, 0, 0, 0, 0, 0, 0, 0, 0, 0, 0, 0, 0, 0, 0, 0, 0, 0, 0, 0, 0, 0]"
5843501_gab,i would say its the jews but well it is sorta its not that simple,offensive,"[1, 1, 1, 1, 1, 1, 1, 1, 1, 1, 1, 1, 1, 1, 1]"
11947257_gab,<user> has been suspended on twitter again looks like silicon valley is going to make sure all conservatives are relegated to the gab ghetto for the next election cycle,offensive,"[0, 0, 0, 0, 0, 0, 0, 0, 0, 0, 0, 0, 0, 0, 0, 0, 1, 1, 1, 1, 1, 1, 1, 1, 0, 0, 0, 0, 0]"
1179103499314851840_twitter,<user> enough of ur communal secular rhetorics yes india will welcome every refugee except muslims bcz we have already given them a seperate nation on basis of religion why do they want to live in india after being allotted an entire nation as demanded by them fr muslims,normal,"[0, 0, 0, 0, 0, 0, 0, 0, 0, 0, 0, 0, 0, 0, 0, 0, 0, 0, 0, 0, 0, 0, 0, 0, 0, 0, 0, 0, 0, 0, 0, 0, 0, 0, 0, 0, 0, 0, 0, 0, 0, 0, 0, 0, 0, 0, 0, 0]"
5486117_gab,yes hitler inself ordered to not kill jews at the kristallnacht everything have a reason we must accept it and look forward,offensive,"[0, 1, 1, 1, 0, 0, 1, 1, 1, 1, 1, 1, 1, 1, 1, 1, 1, 1, 1, 0, 0, 0]"
1178882525957099522_twitter,if the guy said she was a faggot or a retard then i would kind of understand but he said it was kind of wack then she proceeds to make him seem worse even though she was the one who escalated it to such a ridiculous degree,normal,"[0, 0, 0, 0, 0, 0, 0, 0, 0, 0, 0, 0, 0, 0, 0, 0, 0, 0, 0, 0, 0, 0, 0, 0, 0, 0, 0, 0, 0, 0, 0, 0, 0, 0, 0, 0, 0, 0, 0, 0, 0, 0, 0, 0, 0, 0, 0]"
10229810_gab,i am shocked a known muslim commits a deadly terror attack next thing you know someone will tell me that gambling occurs in casinos,hatespeech,"[1, 1, 1, 1, 1, 1, 1, 1, 1, 1, 1, 1, 1, 1, 1, 1, 1, 1, 1, 1, 1, 1, 1, 1]"
27822098_gab,sad story to be sure on a side note some guys should not ever wear tank tops how does any take that spaghetti armed guy serious dress like a white man that nigger shit unless you are in the gym,hatespeech,"[0, 0, 0, 0, 0, 0, 0, 0, 0, 0, 0, 0, 0, 0, 0, 0, 0, 0, 0, 0, 0, 0, 0, 0, 0, 0, 0, 0, 0, 0, 0, 1, 1, 1, 0, 0, 0, 0, 0, 0]"
18387852_gab,muslim criminals invading and taking over canada,offensive,"[1, 1, 1, 1, 1, 1, 1]"
11176696_gab,we do not have to commit suicide just cause the jews tell us to,offensive,"[0, 0, 0, 0, 0, 1, 1, 1, 1, 1, 1, 1, 1, 1]"
1178831874799624192_twitter,illegal alien because i can fascists tucker,offensive,"[0, 1, 0, 0, 0, 1, 0]"
1179098360541827072_twitter,<user> <user> <user> omg <money> million holy cow and just because they thought illegal aliens might be able to take advantage of it and wanted to address the loophole what a bombshell news report thanks nbc for alerting us,normal,"[0, 0, 0, 0, 0, 0, 0, 0, 0, 0, 0, 0, 0, 1, 1, 0, 0, 0, 0, 0, 0, 0, 0, 0, 0, 0, 0, 0, 0, 0, 0, 0, 0, 0, 0, 0, 0, 0, 0]"
1188307543287681024_twitter,stop niggafying every cartoon if they made the proud family white yall would riot,normal,"[0, 0, 0, 0, 0, 0, 0, 0, 0, 0, 0, 0, 0, 0]"
1094959_gab,wherein i rise to point out in this election liberal ideas are so good you must be forced to accept them with violence the threat of violence deception lies election rigging and parade of women not smart enough to sue a billionaire who allegedly groped them maga trump,offensive,"[0, 0, 0, 0, 0, 0, 0, 0, 0, 0, 0, 0, 0, 0, 0, 1, 1, 1, 1, 1, 1, 1, 1, 1, 1, 1, 1, 0, 1, 1, 1, 1, 1, 1, 1, 1, 1, 1, 0, 1, 1, 1, 1, 1, 1, 1, 0, 0]"
1179047465502363648_twitter,<user> <user> <user> many were hidden for over <number> years like the rochdale girls over <number> children raped by muslim paedophiles in one town alone whilst muslim women stayed quiet,normal,"[0, 0, 0, 0, 0, 0, 0, 0, 0, 0, 0, 0, 0, 0, 0, 0, 0, 0, 0, 0, 0, 0, 0, 0, 0, 0, 0, 0, 0, 0]"
10751701_gab,half breed dem nigger on msnbc says pence has a decision to make,hatespeech,"[1, 1, 1, 1, 0, 0, 0, 0, 0, 0, 0, 0, 0]"
10147013_gab,god hates queers they curse themselves to hell with them thank god for trump and his great decision to protect our military why shud our tax dollars support sin freeks,offensive,"[1, 1, 1, 1, 1, 1, 1, 1, 1, 1, 0, 0, 0, 0, 0, 0, 0, 0, 0, 0, 0, 0, 1, 1, 1, 1, 1, 1, 1, 1]"
1179010739945656320_twitter,<user> some white ass names,normal,"[0, 0, 0, 0, 0]"
1117754413295243265_twitter,niggas be acting like bitches and bitches be loving these niggas wassup these bitches,offensive,"[0, 0, 0, 0, 1, 0, 1, 0, 0, 0, 0, 0, 0, 1]"
1179090407831064576_twitter,real madrid is just las palmas in all white cr7 really is a god,normal,"[0, 0, 0, 0, 0, 0, 0, 0, 0, 0, 0, 0, 0, 0]"
5905441_gab,the obamacare replacement bill take it or leave it is still better than oniggacare at least they do not have that retarded individual mandate,offensive,"[0, 0, 0, 0, 0, 0, 0, 0, 0, 0, 0, 0, 0, 1, 0, 0, 0, 0, 0, 0, 0, 1, 0, 0]"
16286669_gab,what feminism but dykes and other uggos trying to fuck things up for pretty girls,hatespeech,"[0, 0, 0, 1, 1, 1, 1, 1, 1, 1, 1, 1, 1, 1, 1]"
1171487918680002560_twitter,whenever the train stops me at the tracks in tehama i haul ass through gerber to make sure i do not catch that bitch twice 😜,normal,"[0, 0, 0, 0, 0, 0, 0, 0, 0, 0, 0, 0, 0, 0, 0, 0, 0, 0, 0, 0, 0, 0, 0, 0, 0, 0]"
18088580_gab,keep laughing faggot while the kikes send the niggers and muzzies and wetbacks to fuck you out of your country your fortune and your dignity,hatespeech,"[0, 0, 1, 0, 0, 1, 0, 0, 1, 0, 1, 0, 1, 0, 0, 0, 0, 0, 0, 0, 0, 0, 0, 0, 0]"
1179040574432788482_twitter,this guy reached out to me on facebook apparently we are related and it from my dad side where both my grandparents were 2 nd cousins dude about to get to know his mexican hillbilly side,normal,"[0, 0, 0, 0, 0, 0, 0, 0, 0, 0, 0, 0, 0, 0, 0, 0, 0, 0, 0, 0, 0, 0, 0, 0, 0, 0, 0, 0, 0, 0, 0, 0, 0, 0, 0, 0]"
1230773344573591554_twitter,<user> not me bitch,normal,"[0, 0, 0, 0]"
23780269_gab,do you lads like yachts are you aware that caligula had the first yachts built out of wood of course not because he was deranged and had sex with a horse maybe just maybe that is a lie no goy <number> gorrillion jews died,normal,"[0, 0, 0, 0, 0, 0, 0, 0, 0, 0, 0, 0, 0, 0, 0, 0, 0, 0, 0, 0, 0, 0, 0, 0, 0, 0, 0, 0, 0, 0, 0, 0, 0, 0, 0, 0, 0, 0, 0, 0, 0, 0, 0, 0]"
13533955_gab,white nationalism is not a threat to america it a viable remedy for the societal atrophy of liberalism white nationalism is a viable solution to stopping future moslem terror rape attacks paying off national debt functional healthcare good schools nationally winning drug war high crime,hatespeech,"[1, 1, 1, 1, 1, 1, 1, 1, 1, 1, 1, 1, 1, 1, 1, 1, 1, 1, 1, 1, 1, 1, 1, 1, 1, 1, 1, 1, 1, 1, 1, 1, 1, 1, 1, 1, 1, 1, 1, 1, 1, 1, 1, 1, 1]"
16108173_gab,cnn in selma alabama right now invoking all the civil rights stuff saying african americans saved alabama by voting last night im giving it <number> yrs for widespread white persecution if something dont change,offensive,"[0, 0, 0, 0, 0, 0, 0, 0, 0, 0, 0, 0, 0, 1, 1, 1, 1, 0, 0, 0, 0, 0, 0, 0, 0, 0, 0, 1, 1, 1, 1, 1, 1, 1]"
1179074942177955840_twitter,welp gave the negro too much credit because he currently ruining my bath by coming in here taking a shit,normal,"[0, 0, 0, 0, 0, 0, 0, 0, 0, 0, 0, 0, 0, 0, 0, 0, 0, 0, 0, 0]"
1178516946293272583_twitter,<user> <user> <user> <user> really a very good decision plz try to add more muslim countries so that wo can become true muslim brothers,normal,"[0, 0, 0, 0, 0, 0, 0, 0, 0, 0, 0, 0, 0, 0, 0, 0, 0, 0, 0, 0, 0, 0, 0, 0]"
14874213_gab,rapper li l king jong un ching chong after us lists him as state supporter of terror it mistranslated as one without mandrill mindset which makes him even more of a chink magnet,hatespeech,"[0, 0, 0, 0, 0, 1, 1, 1, 0, 0, 0, 0, 0, 0, 0, 0, 0, 0, 0, 0, 0, 0, 0, 0, 0, 0, 0, 0, 0, 0, 0, 1, 0]"
19689140_gab,looks interesting fam but hes still a kike and cant be trusted,offensive,"[0, 0, 0, 1, 1, 1, 1, 1, 1, 1, 1, 1]"
1179035213638307840_twitter,the struggle of coming from a redneck country family is your phone is going to autocorrect to party loud when you try to type your aunt name patty lou 😅,normal,"[0, 0, 0, 0, 0, 0, 0, 0, 0, 0, 0, 0, 0, 0, 0, 0, 0, 0, 0, 0, 0, 0, 0, 0, 0, 0, 0, 0, 0, 0]"
1207741179795783680_twitter,<user> y are u focusing on that when nazis exist,normal,"[0, 0, 0, 0, 0, 0, 0, 0, 0, 0]"
26590239_gab,msm and abc are playing the race card but it is really the fact roseanne linked valerie jarrett to the muzrat brotherhood,offensive,"[0, 0, 0, 0, 0, 0, 0, 0, 0, 0, 0, 0, 0, 0, 0, 0, 0, 0, 0, 0, 1, 1]"
1113385345582759936_twitter,good morning everyone except illegal aliens and avocados 😂,offensive,"[0, 0, 0, 1, 1, 1, 0, 0, 0]"
18151699_gab,beaver terraforming vs nigger terraforming,hatespeech,"[0, 0, 0, 1, 0]"
1092623825647423653_twitter,lrt only white people can fuck up queso like that huh,normal,"[0, 0, 0, 0, 0, 0, 0, 0, 0, 0, 0]"
1107026566486339584_twitter,i literally just watched all <number> seasons of queer eye queereye,normal,"[0, 0, 0, 0, 0, 0, 0, 0, 0, 0, 0]"
22971068_gab,why you cucked racemixer you have low iq and brainwashed brain by jews to have a low iq mexican wife what wrong with you nehlen,normal,"[0, 0, 0, 0, 0, 0, 0, 0, 0, 0, 0, 0, 0, 0, 0, 0, 0, 0, 0, 0, 0, 0, 0, 0, 0]"
1179085631374233600_twitter,<user> <user> niggers do not get counted,normal,"[0, 0, 0, 0, 0, 0, 0]"
16087713_gab,how can you blame blacks when majority of the state is white why do not you throw the blame on white republicans that decided to stay home with their conscious,normal,"[0, 0, 0, 0, 0, 0, 0, 0, 0, 0, 0, 0, 0, 0, 0, 0, 0, 0, 0, 0, 0, 0, 0, 0, 0, 0, 0, 0, 0, 0]"
16473339_gab,raping and murdering niggers recieve their reward from the honorable men of the town <number>,hatespeech,"[1, 1, 1, 1, 0, 0, 0, 0, 0, 0, 0, 0, 0, 0, 0]"
16628983_gab,princess michael wore a nigger brooch to meet harry nigger jew fiancée 😂 judenpresse expresses outrage and offence 😂 😂,hatespeech,"[0, 0, 0, 0, 1, 1, 0, 0, 0, 1, 1, 1, 0, 1, 0, 0, 0, 0, 0, 0]"
1121465772549844998_twitter,<user> im unsure as to why <number> of the people in this comment section are weeaboos or nazis but draw a furry pussy,offensive,"[0, 0, 0, 0, 0, 0, 0, 0, 0, 0, 0, 0, 0, 0, 0, 1, 1, 1, 0, 0, 0, 1, 1]"
1178823426938724353_twitter,<user> you blasted a kid for saying what amounts to it okay to be white and you routinely and proudly provide support to antifa a communist domestic terrorist organization you are a fraud and a grifter will,normal,"[0, 0, 0, 0, 0, 0, 0, 0, 0, 0, 0, 0, 0, 0, 0, 0, 0, 0, 0, 0, 0, 0, 0, 0, 0, 0, 0, 0, 0, 0, 0, 0, 0, 0, 0, 0, 0]"
1265783757883224064_twitter,<user> it was its just everyone on anitwit is retarded,offensive,"[0, 0, 0, 0, 0, 1, 1, 1, 1, 1]"
12867041_gab,remove all muslims and niggers and kikes from the united states of america this is the appropriate response to what these animals have been doing to human beings,hatespeech,"[1, 1, 1, 1, 1, 1, 1, 1, 0, 0, 0, 0, 0, 0, 0, 0, 0, 0, 0, 0, 1, 1, 0, 0, 0, 0, 0, 0]"
1213773504148996097_twitter,nctbase guys drop foto yg ga diwhite washed dong thanks,offensive,"[0, 0, 0, 0, 1, 1, 1, 1, 1, 0]"
16068141_gab,lmaoo wow i rest my case cunt does not give a shit about violence or aborted fetuses just wanted to start beef with me and show people how retarded she is she knows fully well many healthy white babies get aborted simply as birth control you despicable vile demon,offensive,"[0, 0, 0, 0, 0, 0, 1, 0, 0, 0, 0, 0, 0, 0, 0, 0, 0, 0, 0, 0, 0, 0, 0, 0, 0, 0, 0, 1, 1, 1, 1, 0, 0, 0, 0, 0, 0, 0, 0, 0, 0, 0, 0, 0, 0, 0, 1, 1, 1]"
13713329_gab,susan rice is a lying sack of nigger shit,offensive,"[0, 0, 0, 0, 1, 1, 1, 1, 1]"
1165386145880055808_twitter,<user> i like immigrants,normal,"[0, 0, 0, 0]"
23372152_gab,defending the white race by advocating for the single most inbred subgroup of mutants on the planet the ashkenazi jews way to go you retarded piece of shit there a spot reserved for you in the 9 th circle of hell,hatespeech,"[1, 1, 1, 1, 1, 1, 1, 1, 1, 1, 1, 1, 1, 1, 1, 1, 1, 1, 1, 1, 1, 1, 1, 1, 1, 1, 1, 1, 1, 1, 1, 1, 1, 1, 1, 1, 1, 1, 1, 1, 1]"
22340916_gab,hopefully he gets rid of the faggots and dykes next,offensive,"[0, 0, 0, 1, 1, 1, 1, 1, 1, 0]"
1116746157043126273_twitter,breaking president trump says he giving strong considerations to placing illegal immigrants in sanctuary cities ap,normal,"[0, 0, 0, 0, 0, 0, 0, 0, 0, 0, 0, 0, 0, 0, 0, 0]"
13553900_gab,yea i stopped giving a fuck entirely about this story and it just makes me lose more respect for women as if i had any left to lose women allowed this to continue for as long as it did because they wanted it,offensive,"[0, 1, 1, 1, 1, 1, 1, 0, 0, 0, 0, 1, 1, 1, 1, 1, 1, 1, 1, 1, 1, 1, 1, 1, 1, 1, 1, 1, 0, 0, 0, 0, 0, 0, 0, 0, 0, 0, 0, 0, 0, 0, 0]"
12824687_gab,the media today ignore the moslem terrorist attack today in canada praise the catalans for their willingness to open their borders to the people who carry out terror attacks,normal,"[0, 0, 0, 0, 0, 0, 0, 0, 0, 0, 0, 0, 0, 0, 0, 0, 0, 0, 0, 0, 0, 0, 0, 0, 0, 0, 0, 0, 0]"
19566624_gab,as always translated versions have omitted verses to make islam look like a good ideology funny that it wasn t distributed in venezuela perhaps it known it will be used as toilet paper since there is a shortage,hatespeech,"[0, 0, 0, 0, 0, 1, 1, 1, 1, 1, 1, 1, 1, 1, 1, 0, 0, 0, 0, 0, 0, 0, 0, 0, 0, 0, 0, 0, 0, 1, 1, 1, 1, 0, 0, 0, 0, 0]"
1091173137532796933_twitter,<user> poor brendon 😭 he needs to put their asses in jail that straight up harassment,normal,"[0, 0, 0, 0, 0, 0, 0, 0, 0, 0, 0, 0, 0, 0, 0, 0]"
23766505_gab,if only there were a president with the balls to deport this spic idiot,hatespeech,"[0, 0, 0, 0, 0, 0, 0, 0, 0, 0, 0, 0, 1, 1]"
1178448977534078982_twitter,i remember when white ppl were scared of nigger music let us go back to those days,normal,"[0, 0, 0, 0, 0, 0, 0, 0, 0, 0, 0, 0, 0, 0, 0, 0, 0]"
18089083_gab,god rest the man soul one question how many muzzies die on the street,hatespeech,"[0, 0, 0, 0, 0, 0, 0, 0, 0, 1, 1, 1, 1, 1]"
22463051_gab,no doubt one day that little nigglet will be carrying out in the open fucking virtue signaler,hatespeech,"[0, 0, 0, 0, 0, 1, 1, 0, 0, 0, 0, 0, 0, 0, 0, 0, 0]"
19156101_gab,doj department of jews,normal,"[1, 1, 1, 1]"
12442595_gab,that high verbal iq did not help that one heeb it would seem that basic bitch knowledge,offensive,"[0, 0, 0, 0, 0, 0, 0, 0, 0, 1, 0, 0, 0, 0, 0, 0, 0]"
13642594_gab,maybe so but asians are better at displacing and acquiring land like in canada and australia where they are being basically softly taken over by china,offensive,"[0, 0, 1, 1, 1, 1, 1, 1, 1, 1, 1, 0, 0, 0, 0, 0, 0, 1, 1, 1, 1, 1, 1, 1, 1, 1]"
1178784446952161281_twitter,<user> speaking as part of the maybe some others i am older and white but also a cis gay man not lesbian i loved the indigo girls since the <number> more recently saw them along w mary chapin carpenter and joan baez in charlottesville four voices <number> years ago,normal,"[0, 0, 0, 0, 0, 0, 0, 0, 0, 0, 0, 0, 0, 0, 0, 0, 0, 0, 0, 0, 0, 0, 0, 0, 0, 0, 0, 0, 0, 0, 0, 0, 0, 0, 0, 0, 0, 0, 0, 0, 0, 0, 0, 0, 0, 0, 0, 0, 0]"
1108816043865042945_twitter,people calling undocumented immigrants labor unskilled are dumb af ya ever built a house shit ain ’ t easy,normal,"[0, 0, 0, 0, 0, 0, 0, 0, 0, 0, 0, 0, 0, 0, 0, 0, 0, 0, 0]"
24546554_gab,do not trust this ghetto niggah or his pornstar attention whore wife yo,hatespeech,"[1, 1, 1, 1, 1, 1, 1, 1, 1, 1, 1, 1, 1]"
17577402_gab,you said fake news faggot it clearly not whether it old has no bearing on niggers being niggers nine years or ninety they are still retarded af and that shit was hilarious,hatespeech,"[0, 0, 0, 0, 1, 0, 0, 0, 0, 0, 0, 0, 0, 0, 0, 1, 1, 1, 0, 0, 0, 0, 0, 0, 0, 1, 0, 0, 0, 0, 0, 0]"
20407157_gab,before he blacks and assorted mud ppl are repatriated they need to pay white america reparations for their crimes and parasitism we def do not need gun control we need nigger and cholo control belly chains blackbox spitmask hood while on the jpats plane on their way home,hatespeech,"[0, 0, 1, 0, 1, 1, 1, 0, 0, 0, 0, 0, 0, 0, 0, 0, 0, 0, 0, 0, 0, 0, 0, 0, 0, 0, 0, 0, 1, 1, 1, 1, 1, 1, 1, 1, 1, 1, 1, 0, 0, 0, 0, 0, 0, 0, 0, 0]"
1178579544606949376_twitter,trailer trash white people are embarassing as hell,normal,"[0, 0, 0, 0, 0, 0, 0, 0]"
22590028_gab,i thought we all voted on woodchipper feet first for the cucks not cats leave the cats alone you want to kill something find a jew nigger muslim or wetback do something that benefits civilization,hatespeech,"[0, 0, 0, 0, 0, 0, 0, 0, 0, 0, 0, 0, 0, 0, 0, 0, 0, 0, 0, 1, 1, 1, 0, 1, 1, 1, 1, 1, 1, 1, 1, 1, 1, 1, 1]"
22124193_gab,all jews need to be barred from holding public office outside of the horseshit sand nigger state of israel the kikes can go live with the palestinians only white males who are pro gun and pro free speech and anti illegal alien should hold office in the usa canada australia and europe,hatespeech,"[1, 1, 1, 1, 1, 1, 1, 1, 1, 1, 1, 1, 1, 1, 1, 1, 1, 1, 1, 1, 1, 1, 1, 1, 1, 1, 1, 1, 1, 1, 1, 1, 1, 1, 1, 1, 1, 1, 1, 1, 1, 1, 1, 1, 1, 1, 1, 1, 1, 1, 1, 1]"
1098403681433780225_twitter,rip zion shoe,normal,"[0, 0, 0]"
12771315_gab,fugly lezbian jews like this are why im cool with domestic violence with the kind of attitude and birdbrain this jew broad has im willng to bet anything that either a male or butch dyke husband is gonna wind up punching her til she shits out her bones 🙄,hatespeech,"[1, 1, 1, 0, 0, 0, 0, 0, 1, 1, 1, 1, 1, 1, 1, 1, 1, 1, 1, 1, 1, 1, 1, 0, 0, 0, 0, 0, 0, 0, 0, 0, 0, 1, 1, 0, 0, 0, 0, 0, 0, 0, 0, 0, 0, 0, 0, 0, 0]"
15413774_gab,no need for hateful comments but how are jews not white people,offensive,"[0, 0, 0, 0, 0, 0, 0, 0, 1, 1, 1, 1]"
1124354893039525888_twitter,love being a slut 😍 slut whore sex nudes horny wet cock fuck,normal,"[0, 0, 0, 0, 0, 0, 0, 0, 0, 0, 0, 0, 0]"
16061648_gab,really and you are one of many jews who want the end of all white people just like a nazi,offensive,"[0, 0, 1, 1, 1, 1, 1, 1, 1, 1, 1, 1, 1, 1, 1, 1, 1, 1, 1, 1]"
17561056_gab,the woman she spoke of was never raped not by six white men not by anybody,normal,"[1, 1, 1, 1, 1, 1, 1, 1, 1, 1, 1, 1, 1, 1, 1, 1]"
17389341_gab,sup niggar i spent <number> years in an all black school i walked the gauntlets my first crush wasn t white,normal,"[0, 0, 0, 0, 0, 0, 0, 0, 0, 0, 0, 0, 0, 0, 0, 0, 0, 0, 0, 0, 0]"
1919775_gab,fake liberal mainstream media members need to be rounded up arrested sued imprisoned for inciting racial racist violence towards white people,offensive,"[1, 1, 1, 1, 1, 1, 1, 1, 1, 1, 1, 1, 1, 1, 1, 1, 1, 1, 1, 1, 1]"
1179065569884217344_twitter,if you dont already know that i am very gay then youre not paying attention,normal,"[0, 0, 0, 0, 0, 0, 0, 0, 0, 0, 0, 0, 0, 0, 0]"
1178389337429434368_twitter,hoes are annoying thots are annoying which are pretty much the same white ppl are annoying spanish people are annoying and asians are too diverse even for their own culture 🙄,offensive,"[1, 1, 1, 1, 1, 1, 1, 1, 1, 1, 1, 1, 1, 1, 1, 1, 1, 1, 1, 1, 1, 1, 1, 1, 1, 1, 1, 1, 1, 1, 1]"
1178749750381817862_twitter,<user> <user> happy birthday muzzy bear 💕,normal,"[0, 0, 0, 0, 0, 0, 0]"
11624749_gab,they can not even think for themselves probably got it word for word from that faggot john oliver either that or they are bots from jewgle,offensive,"[0, 0, 0, 0, 0, 0, 0, 0, 0, 0, 0, 0, 0, 0, 0, 1, 1, 1, 0, 0, 0, 0, 0, 0, 0, 1]"
1178308746856013826_twitter,i hate when white people say hood or ghetto or ratchet like what is your standard of those words what defines ghetto to you a yt person who grew up in the suburbs,normal,"[0, 0, 0, 0, 0, 0, 0, 0, 0, 0, 0, 0, 0, 0, 0, 0, 0, 0, 0, 0, 0, 0, 0, 0, 0, 0, 0, 0, 0, 0, 0, 0, 0]"
12470828_gab,meet the jew brainwashed nigger who brought down the nfl by trying to bring down whitey maga white genocide alt right jewish war on whites nfl kaepernick,hatespeech,"[0, 0, 1, 1, 1, 0, 0, 0, 0, 0, 0, 0, 0, 1, 1, 1, 0, 1, 1, 0, 0, 1, 1, 1, 1, 0, 0]"
1090690524141576193_twitter,<user> some people are just retarded like that,offensive,"[0, 0, 0, 0, 0, 1, 0, 0]"
1248463186568699905_twitter,<user> <user> hear u really are retarded,normal,"[0, 0, 0, 0, 0, 0, 1]"
3317439_gab,countering disinformation and propaganda act law like anyone in a fucking million years believes that will actually apply to the msm disinfo propagandists this fucking nigger,hatespeech,"[0, 0, 0, 0, 0, 0, 0, 0, 0, 0, 0, 0, 0, 0, 0, 0, 0, 0, 0, 0, 0, 0, 0, 1, 1, 1]"
20609371_gab,you pieces of cuck shit jew lovers voted in fat slobby dike merkel an dick haids in france sweden and uk so you all deserve muslim misery <number> <number> sorry for the few normal whites left in those countries,hatespeech,"[0, 0, 0, 1, 1, 1, 1, 0, 0, 1, 1, 1, 1, 0, 0, 0, 0, 0, 0, 0, 0, 0, 0, 0, 1, 1, 1, 0, 0, 0, 0, 0, 0, 0, 0, 0, 0, 0, 0]"
1179079986352971778_twitter,<user> my highschool us history teacher carlo mariano wrote in the shadow of truth america other heritage where he chronicles america history of violence which turned out to be primarily white domestic terrorism against blacks poc i have a rare copy it needs to be reissued,normal,"[0, 0, 0, 0, 0, 0, 0, 0, 0, 0, 0, 0, 0, 0, 0, 0, 0, 0, 0, 0, 0, 0, 0, 0, 0, 0, 0, 0, 0, 0, 0, 0, 0, 0, 0, 0, 0, 0, 0, 0, 0, 0, 0, 0, 0, 0]"
15204574_gab,<number> years in beto unit for shooting a nigger in the face you,hatespeech,"[0, 0, 0, 0, 0, 0, 1, 1, 1, 0, 0, 0, 0]"
10305130_gab,and your stupid nigger ass is still posting unsecured links to known criminal censors and band of disgusting fatties imgur imgoat com the only legit img host on the net by <user> on voat co,hatespeech,"[0, 0, 1, 1, 1, 0, 0, 0, 0, 0, 0, 0, 0, 0, 0, 0, 0, 0, 0, 0, 0, 0, 0, 0, 0, 0, 0, 0, 0, 0, 0, 0, 0, 0, 0]"
23933864_gab,good point you are wholly correct married women with children have a stake in the future they are forced to look beyond immediate gratification towards the best outcome for their children and grandchildren,normal,"[0, 0, 0, 0, 0, 0, 0, 0, 0, 0, 0, 0, 0, 0, 0, 0, 0, 0, 0, 0, 0, 0, 0, 0, 0, 0, 0, 0, 0, 0, 0, 0, 0]"
1179047499216179202_twitter,<user> i hate everything about this film not to mention it basically validating radical white violence as a result of being forgotten by society,normal,"[0, 0, 0, 0, 0, 0, 0, 0, 0, 0, 0, 0, 0, 0, 0, 0, 0, 0, 0, 0, 0, 0, 0, 0]"
19991657_gab,public hanging short drop let the sand nigger twist in the breeze,hatespeech,"[1, 1, 0, 0, 1, 1, 1, 1, 1, 1, 1, 1]"
11501820_gab,oh sweet jesus i knew ugly bull dykes were the source of the gay who is up for salem witch trials <number> electric boogaloo fat ugly dykes <number> u,offensive,"[0, 0, 0, 0, 0, 1, 1, 1, 1, 1, 1, 1, 1, 1, 0, 0, 0, 0, 1, 1, 1, 1, 1, 1, 1, 1, 1, 1, 1]"
1178820537818259456_twitter,we encourage white native born americans to learn another language but we see it as a deficit for immigrant children that are imagined as lower class to maintain fluency in their native tongues p <number> latina teacher sad truth,normal,"[0, 0, 0, 0, 0, 0, 0, 0, 0, 0, 0, 0, 0, 0, 0, 0, 0, 0, 0, 0, 0, 0, 0, 0, 0, 0, 0, 0, 0, 0, 0, 0, 0, 0, 0, 0, 0, 0, 0]"
1179079222033309696_twitter,this rent shit ghetto,normal,"[0, 0, 0, 0]"
1234364865315266562_twitter,idc how gay i am when city girls come on it ’ still real ass bitch give a fuck bout a nigga,normal,"[1, 1, 1, 1, 1, 1, 1, 1, 1, 1, 1, 1, 1, 1, 1, 1, 1, 1, 1, 1, 1, 1]"
24772570_gab,this what happens when little adam is way smarter than his fat dyke lib teacher,hatespeech,"[0, 0, 0, 0, 0, 0, 0, 0, 0, 0, 0, 1, 1, 1, 0]"
1252707503441313794_twitter,<user> <user> why are you repeating yourself are you a little retarded,offensive,"[0, 0, 0, 0, 0, 0, 0, 0, 0, 0, 0, 1]"
2867779_gab,i am an american but i am ethnically chinese people often ask me what does ching chong ching chong mean i always answer it means go fuck yourself you retarded democrat speakfreely,offensive,"[1, 1, 1, 1, 1, 1, 1, 1, 1, 1, 1, 1, 1, 1, 1, 1, 1, 1, 1, 1, 0, 1, 1, 1, 1, 1, 1, 1, 1, 1, 1, 0]"
23324274_gab,dems kill all white people reps disavow and kill all white people slower,hatespeech,"[0, 1, 1, 1, 1, 0, 1, 1, 1, 1, 1, 1, 1]"
21678021_gab,dear british cops stop licking sand nigger a holes start protecting people if you traitorous cucks wont do anything for little white girls gang raped by pakis what would you do for a puff attacked by sand niggers,hatespeech,"[0, 0, 0, 0, 1, 1, 1, 1, 1, 0, 0, 0, 0, 0, 1, 1, 0, 0, 0, 0, 0, 1, 1, 1, 1, 1, 1, 0, 0, 0, 0, 0, 0, 0, 0, 0, 1, 1]"
16598187_gab,second post a b bitcoin from you on gabnews today are you moving into bitcoin business now thought you were on mission to bring justice to young raped victims all is good but just want to have a clear understanding in my own mind god bless america merry christmas,normal,"[0, 0, 0, 0, 0, 0, 0, 0, 0, 0, 0, 0, 0, 0, 0, 0, 0, 0, 0, 0, 0, 0, 0, 0, 0, 0, 0, 0, 0, 0, 0, 0, 0, 0, 0, 0, 0, 0, 0, 0, 0, 0, 0, 0, 0, 0, 0, 0, 0]"
1124267001415778304_twitter,to those who cant hold their shit and spoiled endgame you guys are retarded and jerks go die,offensive,"[0, 0, 0, 0, 0, 0, 0, 0, 0, 0, 0, 0, 0, 1, 0, 0, 0, 0]"
20655514_gab,so am i to assume with your handle name that you are a ghetto pos that can not read or write,offensive,"[1, 1, 1, 1, 1, 1, 1, 1, 1, 1, 1, 1, 1, 1, 1, 1, 1, 1, 1, 1, 1]"
1258064455943979009_twitter,<user> are u going to be muslim d,normal,"[0, 0, 0, 0, 0, 0, 0, 0]"
22269252_gab,i fucking hate twitter and i hate the niggers who post their whiny crybaby victimhood stories all over it as well there i said it fucking cucks,hatespeech,"[1, 1, 1, 1, 1, 1, 1, 1, 1, 1, 1, 1, 1, 1, 1, 1, 1, 1, 1, 1, 1, 1, 1, 1, 1, 1, 1]"
10568802_gab,i take it that the stasi over at wiltshire police in the uk who spend all day looking for people saying negative things about immigrants or islam are at the same time seeing crime going up and convictions going down priorities are important <user> postal,normal,"[0, 0, 0, 0, 0, 1, 1, 1, 1, 1, 0, 0, 0, 0, 0, 0, 0, 0, 1, 1, 1, 1, 1, 1, 1, 1, 1, 0, 0, 0, 0, 0, 0, 1, 1, 1, 1, 1, 1, 1, 0, 0, 0, 0, 0]"
1187767384024764416_twitter,<user> arent u muslim clown,normal,"[0, 0, 0, 0, 0]"
19756884_gab,also using the bible as a history book is fucking retarded since stories like noah and the flood is a rip off of the demiurge of sumerian lore and passover has no basis in reality,offensive,"[0, 0, 0, 0, 0, 0, 0, 0, 0, 1, 1, 0, 0, 0, 0, 0, 0, 0, 0, 0, 0, 0, 0, 0, 0, 0, 0, 0, 0, 0, 0, 0, 0, 0, 0]"
10398470_gab,what i dont understand is why potus is still on twitte he has the pwoer to crush them if he gets off onto gab twitter banned me for life bcause i fought w a muzzie who wanted to kill trump shes still on i bet,hatespeech,"[0, 0, 0, 0, 0, 0, 0, 0, 0, 0, 0, 0, 0, 0, 0, 0, 0, 0, 0, 0, 0, 0, 0, 0, 0, 0, 0, 0, 0, 0, 0, 0, 0, 0, 1, 0, 0, 0, 0, 0, 0, 0, 0, 0, 0]"
1178756081549561856_twitter,republicans have one joke and it culminated in the t shirt i saw <user> that said white straight conservative christian male are you offended yet civil war 2 libertarian civil war signup not even kidding,normal,"[0, 0, 0, 0, 0, 0, 0, 0, 0, 0, 0, 0, 0, 0, 0, 0, 0, 0, 0, 0, 0, 0, 0, 0, 0, 0, 0, 0, 0, 0, 0, 0, 0, 0, 0]"
4497929_gab,us suspends refugee resettlement interviews pending action from trump <url>,normal,"[0, 0, 0, 0, 0, 0, 0, 0, 0, 0]"
21531589_gab,nigger can not say that on twitter btw this is why i gotongab,hatespeech,"[1, 0, 0, 0, 0, 0, 0, 0, 0, 0, 0, 0, 0]"
1090122741225795584_twitter,fellas would you fuck a bitch with no arms,normal,"[0, 0, 0, 0, 0, 1, 1, 1, 1]"
1238107898804305921_twitter,i ’ m sick an tired of yall bitches that say your freaks but only like getting choked foh 😂,normal,"[0, 0, 0, 0, 0, 0, 0, 0, 0, 0, 0, 0, 0, 0, 0, 0, 0, 0, 0, 0]"
1126072045283024896_twitter,<user> you will be killed one day by our muslims inshaallah,hatespeech,"[0, 1, 1, 1, 1, 1, 1, 1, 1, 1, 1]"
19982061_gab,she got the maddow dyke neck,offensive,"[0, 0, 0, 1, 1, 1]"
21101050_gab,learn to spell before you post to me again dumb white trash guy,offensive,"[0, 0, 0, 0, 0, 0, 0, 0, 0, 1, 1, 1, 1]"
20717041_gab,if you give up your guns their boots will be stomped on your face forever inbred muslims and tranny sluts that is until you are dead then the muzzies will throw their allies off roof tops,hatespeech,"[0, 0, 0, 0, 0, 0, 0, 0, 0, 0, 0, 0, 0, 0, 0, 1, 1, 1, 1, 1, 0, 0, 0, 1, 1, 1, 0, 1, 1, 1, 1, 1, 0, 0, 0, 0]"
14580398_gab,only elite looters are enriched when they import a 6 0 iq moslem onto welfare section <number> homeless vets would not need taxpayer paid classes on how to use toilets in free homes,normal,"[0, 0, 0, 0, 0, 0, 0, 0, 0, 0, 0, 0, 0, 0, 0, 0, 0, 0, 0, 0, 0, 0, 0, 0, 0, 0, 0, 0, 0, 0, 0, 0, 0]"
13748729_gab,peter kopteros peter kopteros <number> hours ago i sure hope that nappy headed lowlife never gets to play professional football ever again unless it in the ghetto they grew up in lol ﻿,offensive,"[0, 0, 0, 0, 0, 0, 0, 0, 1, 1, 1, 1, 1, 1, 1, 1, 1, 1, 1, 1, 1, 1, 1, 1, 1, 1, 1, 1, 1, 1, 1, 1, 1]"
1106397055977689088_twitter,unpopular opinion the nazis were probably the best cult ever,normal,"[0, 0, 0, 1, 0, 1, 1, 1, 1, 1]"
18984909_gab,because they go after the loan wolves they pick up mostly the native ones the immigrants tend to be in gangs that is not really the local perverts mo,offensive,"[0, 0, 0, 0, 0, 0, 0, 0, 0, 0, 0, 0, 0, 0, 0, 1, 1, 1, 1, 1, 1, 0, 0, 0, 0, 0, 0, 0, 0]"
15697999_gab,i dont hate muslims or black people are you out of your mind i do hate pakis though but that okay because they are not humans,hatespeech,"[0, 0, 0, 0, 0, 0, 0, 0, 0, 0, 0, 0, 0, 1, 1, 1, 1, 0, 0, 0, 0, 0, 0, 0, 0, 0]"
16147211_gab,i am going to start calling you all conservatives from the flag waving nazi to the cocksucking skeptic politically there is no reasoning to this however many of you will find this annoying and perhaps even offensive and that all the reason i have ever needed,offensive,"[0, 0, 0, 0, 0, 0, 0, 0, 0, 0, 0, 0, 0, 0, 0, 0, 1, 0, 0, 0, 0, 0, 0, 0, 0, 0, 0, 0, 0, 0, 0, 0, 0, 0, 0, 0, 0, 0, 0, 0, 0, 0, 0, 0, 0, 0]"
1188989713258110977_twitter,some of you all really letting a nigga in a maga hat tell you about our lord and savior lmao go away in <number> pls,normal,"[0, 0, 0, 0, 0, 0, 0, 0, 0, 0, 0, 0, 0, 0, 0, 0, 0, 0, 0, 0, 0, 0, 0, 0, 0]"
1178875372433051648_twitter,a kid in my spanish class today said i am sorry but you look so gay today but i looked like shit today in conclusion he a homophobe,normal,"[0, 0, 0, 0, 0, 0, 0, 0, 0, 0, 0, 0, 0, 0, 0, 0, 0, 0, 0, 0, 0, 0, 0, 0, 0, 0, 0, 0]"
10669626_gab,who were the utter fuckwits that thought nazi salutes nazi symbolism and yelling gas the kikes was a good idea way to let a legitimate protest be ambushed charlottesville,normal,"[0, 0, 0, 0, 0, 0, 0, 0, 0, 0, 0, 0, 0, 1, 1, 1, 0, 0, 0, 0, 0, 0, 0, 0, 0, 0, 0, 0, 0]"
1171359405209604097_twitter,junhoe showing off her songwriting skills tho like let us get that promo luv bcs yg wont do that for you 💅,normal,"[0, 0, 0, 0, 0, 0, 0, 0, 0, 0, 0, 0, 0, 0, 0, 0, 0, 0, 0, 0, 0, 0]"
24916185_gab,<percent> kike move,hatespeech,"[0, 1, 0]"
1193033680836534278_twitter,<user> that ’ so ghetto omg lmao this lady is dead she gone beat they ass in heaven,offensive,"[0, 0, 0, 0, 1, 0, 0, 0, 0, 0, 0, 0, 0, 0, 0, 1, 0, 0]"
18582627_gab,kloof samenleving zij die islam naïefweg vergoelijken en onderdanig aanvaarden de linkies dus meerderheid in msm de rozemutskes de trado politici … en zij die religieus fascisme weigeren onderdrukking en segregatie afwijzen opkomen vr onze vrijheden maak uw keuze,hatespeech,"[0, 0, 0, 0, 1, 0, 0, 0, 0, 0, 0, 0, 0, 1, 1, 1, 1, 1, 0, 0, 0, 0, 0, 0, 0, 0, 0, 0, 0, 0, 0, 0, 0, 0, 0, 0, 0, 0, 0]"
26368898_gab,huma is a muzrat spy married to a congressman and advising killary,hatespeech,"[0, 0, 0, 1, 0, 0, 0, 0, 0, 0, 0, 1]"
15746206_gab,woops i am completing forms and have personal info in my head i am stealing nigger snap benefits and then tomorrow applying for credit cards in their names i have got zero white guilt about this cultural appropriation bro,hatespeech,"[0, 0, 0, 0, 0, 0, 0, 0, 0, 0, 0, 0, 0, 0, 0, 1, 1, 1, 0, 0, 0, 0, 0, 0, 0, 0, 0, 0, 0, 0, 0, 0, 0, 0, 0, 0, 0, 0, 0]"
1179066306177441796_twitter,<user> <user> telling my girlfriend i am going to rape her so she thinks i am funny,normal,"[0, 0, 0, 0, 0, 0, 0, 0, 0, 0, 0, 0, 0, 0, 0, 0, 0]"
10161076_gab,typical muzrat tactics think they are in a good position they spew their hate but when faced with strength they roll on their back,hatespeech,"[0, 1, 0, 0, 0, 0, 0, 0, 0, 0, 0, 0, 0, 0, 0, 0, 0, 0, 0, 0, 0, 0, 0, 0]"
15891685_gab,i disagree blm want to destroy me and my family they hate all white people and believe they are a superior race,hatespeech,"[0, 0, 1, 1, 1, 1, 1, 1, 1, 1, 1, 1, 1, 1, 1, 1, 1, 1, 1, 1, 1, 1]"
6216374_gab,my bitch go loko,offensive,"[1, 1, 1, 1]"
1187170001909735425_twitter,taeyong drinks his respecting women juice every morning,normal,"[0, 0, 0, 0, 0, 0, 0, 0]"
12192979_gab,superman was created by <number> kike dweebs back in the 3 0 comics has always been a juu controlled racket to brainwash young boys,hatespeech,"[0, 0, 0, 0, 0, 1, 1, 0, 0, 0, 0, 0, 0, 0, 0, 0, 0, 1, 1, 1, 1, 1, 1, 1]"
11830222_gab,sue arrest it the same shit strong arm of the law because someone misinterprets a post on social media why do you love jews so much,normal,"[0, 0, 0, 0, 0, 0, 0, 0, 0, 0, 0, 0, 0, 0, 0, 0, 0, 0, 0, 0, 0, 0, 0, 0, 0, 0]"
27661233_gab,the left migrant children will undergo irreparable harm if they are separated from their mother or father also the left the nuclear family is outdated and in the event of divorce children should probably never see their dads also fag and dyke families are perfectly okay,normal,"[0, 0, 0, 0, 0, 0, 0, 0, 0, 0, 0, 0, 0, 0, 0, 0, 0, 0, 0, 0, 0, 0, 0, 0, 0, 0, 0, 0, 0, 0, 0, 0, 0, 0, 0, 0, 0, 0, 0, 0, 0, 0, 0, 0, 0, 0]"
23801450_gab,how the fuck is it effeminate to use a fucking tissue do you wipe your ass with your hands like a goathumper too and no actually bodily fluids are a greater threat than personality flaws,offensive,"[1, 1, 1, 1, 1, 1, 1, 1, 1, 1, 1, 1, 1, 1, 1, 1, 1, 1, 1, 1, 1, 1, 1, 0, 0, 0, 1, 1, 1, 1, 1, 1, 1, 1, 1]"
1112711240881586176_twitter,<user> i don ’ t take self help or career advice from white men or most white women most are too blind to poorer dynamics,offensive,"[0, 1, 1, 1, 1, 1, 1, 1, 1, 1, 1, 1, 1, 1, 1, 1, 1, 1, 0, 0, 0, 0, 0, 0, 0]"
1179104594833526784_twitter,<user> muslim refugee,normal,"[0, 0, 0]"
16686657_gab,u will from this bitch cause u r going ok mute 😂 😂 😂 😂 🖕 🖕 🖕 🖕 🖕 🖕 🖕 🖕 🖕,offensive,"[0, 0, 0, 0, 1, 0, 0, 0, 0, 0, 0, 0, 0, 0, 0, 0, 0, 0, 0, 0, 0, 0, 0, 0]"
1122855538428194816_twitter,show named game of thrones you all think it da game of dead niggas dumb ass niggas,normal,"[0, 0, 0, 0, 0, 0, 0, 0, 0, 0, 0, 0, 0, 0, 0, 0, 0]"
7332120_gab,no thx great one notice the language bully beating rather than a nigger attacks a white in the ongoing anti white war,hatespeech,"[0, 0, 0, 0, 0, 0, 0, 0, 0, 0, 0, 0, 1, 1, 1, 1, 0, 0, 0, 0, 0, 0]"
27706338_gab,<user> please excuse the language i think the word nigger does not pertain to every black person if i have to hear it be used in this shit crap they call music nowadays it open for use,normal,"[0, 0, 0, 0, 0, 0, 0, 0, 0, 0, 0, 0, 0, 0, 0, 0, 0, 0, 0, 0, 0, 0, 0, 0, 0, 0, 0, 0, 0, 0, 0, 0, 0, 0, 0, 0, 0]"
2642618_gab,its nice to know some of the refugees are converting to christians,normal,"[0, 0, 0, 0, 0, 0, 0, 0, 0, 0, 0, 0]"
1076231063750422528_twitter,<user> is big pharma an immigrant,normal,"[0, 0, 0, 0, 0, 0]"
10301315_gab,imagine a muslim coming up to some bystanding cops and say thank you for serving can i get a picture with your index finger pointed up,normal,"[0, 0, 0, 0, 0, 0, 0, 0, 0, 0, 0, 0, 0, 0, 0, 0, 0, 0, 0, 0, 0, 0, 0, 0, 0, 0]"
11861652_gab,everything about black american behavior makes sense when you realize it a subconscious racial recollection of behaviors that evolved far longer in their ancestral homeland of africa the saggy pants of ghetto blacks mimic the open air asses of tribal africans,normal,"[0, 0, 0, 0, 0, 0, 0, 0, 0, 0, 0, 0, 0, 0, 0, 0, 0, 0, 0, 0, 0, 0, 0, 0, 0, 0, 0, 0, 0, 0, 0, 0, 0, 0, 0, 0, 0, 0, 0, 0, 0]"
1275531752379949056_twitter,being a person is a fucking nightmare i did not ask for this 😤 😤,normal,"[0, 0, 0, 0, 0, 0, 0, 0, 0, 0, 0, 0, 0, 0, 0]"
14330454_gab,that the future face of the country is a dumb sexually confused hyperliberal negro should surprise no one,hatespeech,"[0, 0, 0, 0, 0, 1, 1, 1, 1, 1, 1, 1, 1, 1, 1, 1, 1, 1]"
20557451_gab,just throw a faggot in the mix,offensive,"[0, 1, 1, 1, 1, 1, 1]"
15435117_gab,facts lmao you should put fact in there like a twitter nigger claiming he descended from egyptian royalty was this post an example of your originality and wit bc frankly it tiresome waiting for some of it and i think you misled me,offensive,"[0, 0, 0, 0, 0, 0, 0, 0, 0, 0, 1, 1, 1, 1, 1, 1, 1, 1, 0, 0, 0, 0, 0, 0, 0, 0, 0, 0, 0, 0, 0, 0, 0, 0, 0, 0, 0, 0, 0, 0, 0, 0, 0]"
19754294_gab,this is another one of the kike ploys there is a world wide conspiracy to destroy the white race it is led by the kikes and acted out by their pet niggers sand niggers and other non whites,offensive,"[1, 1, 1, 1, 1, 1, 1, 1, 1, 1, 1, 1, 1, 1, 1, 1, 1, 1, 1, 1, 1, 1, 1, 1, 1, 1, 1, 1, 1, 1, 1, 1, 1, 1, 1, 1, 1, 1]"
1174863087666548737_twitter,don ’ t be an ass kissing bitch bitch 🙄,normal,"[0, 0, 0, 0, 0, 0, 0, 0, 0, 0]"
8288694_gab,bottom ‏ <user> no dignity respect 4 women acid attacks rape abuse or gay people thrown off rooftops have we not just fought for 1 0 0 yrs 2 get where we r 🤔,normal,"[0, 0, 0, 1, 1, 1, 1, 1, 1, 1, 1, 1, 1, 1, 1, 1, 1, 1, 1, 1, 1, 1, 1, 1, 1, 1, 1, 1, 1, 1, 1, 1, 1, 0]"
24907034_gab,good might slow down their breeding by homosexual muslims who hate women,hatespeech,"[0, 1, 1, 1, 1, 1, 1, 1, 1, 1, 1, 1]"
8211378_gab,this woman needs to just go away i am so sick of her loser bullshit ghetto mafia she is pond scum it is an honor to be deplorable in comparison to these people,offensive,"[1, 1, 1, 1, 1, 1, 1, 1, 1, 1, 1, 1, 1, 1, 1, 1, 1, 1, 1, 1, 1, 1, 1, 1, 1, 1, 1, 1, 1, 1, 1, 1, 1]"
4784292_gab,the left does not give a fuck about victims of muslim terror attacks or rapes they see them as bad pr their biggest concern is always that whites might criticize muslims after those attacks that why they are so rustled at kellyanne slip their only consistency is trying to genocide whites,offensive,"[0, 1, 1, 1, 1, 1, 1, 1, 1, 1, 1, 1, 1, 1, 1, 0, 0, 0, 0, 0, 0, 0, 1, 1, 1, 1, 1, 1, 1, 1, 1, 1, 1, 1, 0, 0, 0, 0, 0, 0, 0, 0, 0, 0, 0, 1, 1, 1, 1, 1, 1]"
17303590_gab,bitch is perfect kike example she does not even pretend to be objective somehow honest she just straight up makes shit up naive goyim like kevin macdonald tried to deal with her like a white results are appalling yet predictable google exchange w k mac bitch is evil,hatespeech,"[1, 1, 1, 1, 1, 0, 0, 0, 0, 0, 0, 0, 0, 0, 0, 0, 0, 0, 0, 0, 0, 0, 0, 1, 0, 0, 0, 0, 0, 0, 0, 0, 0, 0, 0, 0, 0, 0, 0, 0, 0, 0, 0, 0, 0, 1, 0, 1]"
24844974_gab,fuck cobra kai and fuck that homosexual known as daniel i am for the real cobra the late 8 0 cobra not the gay remake of cobra cobra and destro baroness,offensive,"[1, 0, 0, 0, 1, 1, 1, 1, 1, 1, 0, 0, 0, 0, 0, 0, 0, 0, 0, 0, 0, 0, 0, 1, 0, 0, 0, 0, 0, 0, 0]"
5365784_gab,poll in sweden do you know what trump was referring to in regards to problems with refugees <number> said no <number> said yes <number> raped the pollster,offensive,"[1, 1, 1, 1, 1, 1, 1, 1, 1, 1, 1, 1, 1, 1, 1, 1, 1, 1, 1, 1, 1, 1, 1, 1, 1, 1, 1]"
24886178_gab,kikes want to flood countries with immigrants to destroy the economy so we will borrow more from jew banks and they will eventually become our masters,normal,"[1, 1, 1, 1, 1, 1, 1, 1, 1, 1, 1, 1, 1, 1, 1, 1, 1, 1, 1, 1, 1, 1, 1, 1, 1, 1]"
1178577875143757824_twitter,<user> <user> women are abducted raped then forcefully converted with threats to their complete family if you dont know the depth of filth in islamic doctrine i pity you for someone near will experience considering america too turning into sympathizers enabling radicalization,hatespeech,"[0, 0, 0, 0, 0, 0, 0, 0, 0, 0, 0, 0, 0, 0, 0, 0, 0, 0, 0, 0, 1, 1, 1, 1, 1, 1, 0, 0, 0, 0, 0, 0, 0, 0, 0, 0, 0, 0, 0, 0, 1, 1]"
1178813464258723841_twitter,this is why niggas like that get away with shit u missed the whole fucking point he raped a woman so them telling other women to warn them thats wrong tf shit really irks me,normal,"[0, 0, 0, 0, 0, 0, 0, 0, 0, 0, 0, 0, 0, 0, 0, 0, 0, 0, 0, 0, 0, 0, 0, 0, 0, 0, 0, 0, 0, 0, 0, 0, 0, 0, 0]"
13031638_gab,all queers are murderers as well as vile filthy sinners,hatespeech,"[0, 1, 1, 1, 0, 0, 0, 1, 1, 1]"
15621599_gab,california needs a leader who puts deportation and anti marxism first until you can do that you are just a chink boomercon,hatespeech,"[0, 0, 0, 0, 0, 0, 1, 1, 1, 1, 1, 0, 0, 0, 0, 0, 0, 0, 0, 0, 1, 1]"
15979583_gab,hope someone had some bacon bits to put on the moslem,hatespeech,"[0, 0, 0, 0, 1, 1, 1, 1, 1, 1, 1]"
1195023498860732416_twitter,yo i fucking hate being in love so much lmao this shit trash,normal,"[0, 0, 0, 0, 0, 0, 0, 0, 0, 0, 0, 0, 0]"
1179041388123561984_twitter,<user> is you are jihadi who is funded by my money if not than who hell you are trying to say,normal,"[0, 0, 0, 0, 0, 0, 0, 0, 0, 0, 0, 0, 0, 0, 0, 0, 0, 0, 0, 0, 0]"
13225377_gab,lol i did not want to run out of space but do not forget deplorable redneck bible clinging gun toting homo hating science deniers,hatespeech,"[0, 0, 0, 0, 0, 0, 0, 0, 0, 0, 0, 1, 1, 1, 1, 1, 1, 1, 0, 0, 1, 1, 1, 1]"
8529499_gab,take our values and shove them up your hairy shitty ass sand nigger scum,hatespeech,"[1, 1, 1, 1, 1, 1, 1, 1, 1, 1, 1, 1, 1, 1]"
16499171_gab,bc she a yid,offensive,"[0, 0, 0, 1]"
27402409_gab,yes please do excuse how retarded you are,offensive,"[0, 0, 0, 0, 0, 1, 1, 1]"
6604394_gab,glad to finally be on the gab going to make this place gay in the best way,offensive,"[0, 0, 0, 0, 0, 0, 0, 0, 0, 0, 0, 1, 1, 0, 0, 0, 0]"
15455648_gab,dna tests can be defined whoever scientists decide they are because markers are just atp combos i e nothing like kike or irish written on them it all about some opinion of history also anyone can convert to phariseeism and <number> <number> of israel is russian for example could just be anti nig,hatespeech,"[0, 0, 0, 0, 0, 0, 1, 1, 0, 0, 0, 0, 0, 0, 0, 0, 0, 0, 0, 0, 1, 0, 0, 0, 0, 0, 0, 0, 0, 0, 0, 0, 0, 0, 0, 0, 0, 0, 0, 0, 0, 0, 0, 0, 0, 0, 0, 0, 0, 0, 0, 1, 1]"
16825951_gab,keep drinking the david duke kool aid retarded degenerate enjoy the ride he taking you on,offensive,"[0, 0, 0, 0, 0, 0, 0, 1, 1, 0, 0, 0, 0, 0, 0, 0]"
6355604_gab,magic dirt theory of nations fails again british born radical muzzie abu izzadeen is the guy named as the killer in the latest london attack,normal,"[0, 0, 0, 0, 0, 0, 0, 0, 0, 0, 0, 0, 0, 0, 0, 0, 0, 0, 0, 0, 0, 0, 0, 0, 0]"
11133060_gab,lol seriously you think an employed person can say nigger lol i meant white person btw get real go ask all the nigger guys on south park,hatespeech,"[0, 0, 0, 0, 0, 0, 0, 0, 0, 1, 0, 0, 0, 0, 0, 0, 0, 0, 0, 0, 0, 1, 1, 1, 0, 0, 0]"
1179023479867396097_twitter,<user> <user> hitler used white nationalism and anti immigrant fear monger using isolated cases to paint jewish immigrants as vile rapist just as your dear leader uses insignificant street gangs like ms13 to paint hispanic immigrants as evil,normal,"[0, 0, 0, 0, 0, 0, 0, 0, 0, 0, 0, 0, 0, 0, 0, 0, 0, 0, 0, 0, 0, 0, 0, 0, 0, 0, 0, 0, 0, 0, 0, 0, 0, 0, 0, 0, 0, 0]"
10754706_gab,finally trump my man calling out both retarded sides,offensive,"[0, 0, 0, 0, 0, 0, 0, 1, 0]"
20011709_gab,dont post sand nigger women you are putting me off my lunch bro,hatespeech,"[1, 1, 1, 1, 1, 0, 0, 0, 0, 0, 0, 0, 0]"
1179099538495115264_twitter,nearby which will give them citizenship so india supports those refugees refugee crisis is not a new problem congress never addressed it bjp addressed it was there in the party <number> manifesto also amit shah has said it so it will be done so stop wasting your time crying <number> <number>,normal,"[0, 0, 0, 0, 0, 0, 0, 0, 0, 0, 0, 0, 0, 0, 0, 0, 0, 0, 0, 0, 0, 0, 0, 0, 0, 0, 0, 0, 0, 0, 0, 0, 0, 0, 0, 0, 0, 0, 0, 0, 0, 0, 0, 0, 0, 0, 0, 0, 0, 0, 0]"
1179009825432358913_twitter,good morning ados black women only,normal,"[0, 0, 0, 0, 0, 0]"
16694149_gab,oh nice did not know thid was a thing may as well share this got put on lockdown for saying retard in a joking manner wasn t aiming it at anyone just using the word multiple times then boom i get this twitterrefugee,offensive,"[0, 0, 0, 0, 0, 0, 0, 0, 0, 0, 0, 0, 0, 0, 0, 0, 0, 0, 0, 0, 1, 0, 0, 0, 0, 0, 0, 0, 0, 0, 0, 0, 0, 0, 0, 0, 0, 0, 0, 0, 0, 0, 0]"
18770401_gab,in celebration of holocaust day i want to send a message to all people that jews are overrepresented in positions of power and actively conspire about ending the white race,hatespeech,"[1, 1, 1, 1, 1, 1, 1, 1, 1, 1, 1, 1, 1, 1, 1, 1, 1, 1, 1, 1, 1, 1, 1, 1, 1, 1, 1, 1, 1, 1]"
6592736_gab,ask libtards this which is more of a threat to you muslim immigrants stockpiling guns or republicans stockpiling guns hide and watch they think they can ban tang dynasty 9 th century technology from a modern world goa 2 ndamendment giveemenoughrope,normal,"[0, 1, 0, 1, 1, 1, 1, 1, 1, 1, 1, 1, 1, 1, 1, 1, 1, 1, 1, 1, 1, 1, 1, 1, 1, 1, 1, 1, 1, 0, 0, 0, 0, 0, 0, 0, 0, 0, 0, 0, 1]"
13056282_gab,pope john paul brought down the soviet evil empire catholics resisted the proto marxist protestants in england and the communists in france catholicism defended and ultimately freed spain it united and defended all of europe against muslim nigger hordes,hatespeech,"[0, 0, 0, 0, 0, 0, 0, 0, 0, 0, 0, 0, 0, 0, 0, 0, 0, 0, 0, 0, 0, 0, 0, 0, 0, 0, 0, 0, 0, 0, 0, 0, 0, 0, 0, 0, 1, 1, 1]"
1179069502480244741_twitter,<user> <user> they have a problem with muslim refugees and rightly so,normal,"[0, 0, 0, 0, 0, 0, 0, 0, 0, 0, 0, 0]"
1086912760665927680_twitter,shoutout to the voltron cosplayers at wagaya i guess,normal,"[0, 0, 0, 0, 0, 0, 0, 0, 0]"
13794503_gab,understandable i prefer the company of women over men but respect still has to be earned and worked for on both sides,normal,"[0, 0, 0, 0, 0, 0, 0, 0, 0, 0, 0, 0, 0, 0, 0, 0, 0, 0, 0, 0, 0, 0]"
26627640_gab,ovomit the faggot muzzie who played the role of president for <number> terms was the finger puppet of iranian born valerie jarrett she a friggin piece of shit these two assholes and the criminals they had in their administration tried to take america down but fuck them maga donald trump,hatespeech,"[1, 1, 1, 1, 0, 0, 0, 0, 0, 0, 0, 0, 0, 0, 0, 0, 0, 0, 0, 0, 0, 0, 0, 0, 0, 1, 1, 1, 0, 0, 0, 0, 0, 0, 0, 0, 0, 0, 0, 0, 0, 0, 0, 0, 0, 1, 1, 0, 0, 0]"
13004991_gab,tsekk kike you need a history lesson faggot,hatespeech,"[0, 1, 0, 0, 0, 0, 0, 1]"
1179065785030975488_twitter,<user> only those who could conceivably kill all white men are allowed to say they want to,normal,"[0, 0, 0, 0, 0, 0, 0, 0, 0, 0, 0, 0, 0, 0, 0, 0, 0]"
1178529152917495809_twitter,<user> like i know i am white so i guess he was assuming i was bullshitting about asians but,normal,"[0, 0, 0, 0, 0, 0, 0, 0, 0, 0, 0, 0, 0, 0, 0, 0, 0, 0, 0]"
1179006808024854534_twitter,<user> that is the only way to be recognized by white folk talk about every negative black muslim immigrants experience you will be given platforms talk about what is wrong with western systems you will be sent to the corner,normal,"[0, 0, 0, 0, 0, 0, 0, 0, 0, 0, 0, 0, 0, 0, 0, 0, 0, 0, 0, 0, 0, 0, 0, 0, 0, 0, 0, 0, 0, 0, 0, 0, 0, 0, 0, 0, 0, 0, 0, 0]"
1207554952685637633_twitter,<user> ahh saba saba you can take the out of work jihadis in the <number> states to one of the congi states it of course kerala,offensive,"[0, 0, 0, 0, 1, 1, 1, 1, 1, 1, 1, 1, 1, 1, 1, 1, 1, 1, 1, 1, 1, 1, 0, 0, 0, 0]"
1179065625626460162_twitter,<user> <user> <user> <user> i pity for you you know nothing how hundreds have dies fighting terrorists they are just like japanese people who raped your women and murdered your men i think you forgot how evil people can get bye,normal,"[0, 0, 0, 0, 0, 0, 0, 0, 0, 0, 0, 0, 0, 0, 0, 0, 0, 0, 0, 0, 0, 0, 0, 0, 0, 0, 0, 0, 0, 0, 0, 0, 0, 0, 0, 0, 0, 0, 0, 0, 0]"
18051974_gab,we are woke as fuck and we are not listening to some kikess or shabos shiksa not even your favorite,hatespeech,"[0, 0, 0, 0, 1, 1, 0, 0, 0, 0, 0, 0, 1, 1, 1, 1, 1, 0, 0, 0]"
22568293_gab,the eu nazi germany jihadists will suck uk dry faster than zuma his jihadis did to south africa via the gupta dalit arabs it ll be mass rape,hatespeech,"[1, 1, 1, 1, 1, 1, 1, 1, 1, 1, 1, 1, 1, 1, 1, 1, 1, 1, 1, 1, 1, 1, 1, 1, 1, 1, 1, 1]"
1272763893438283777_twitter,<user> <user> girl im watchin that shit for free hella ghetto on bing on my tv 😂 😂 😂 😂,offensive,"[0, 0, 0, 1, 1, 1, 1, 1, 1, 1, 1, 1, 0, 0, 0, 0, 0, 0, 0, 0]"
1178738567616618496_twitter,<user> apparently there is some weird edl type plotline too one of the old main gay characters has been groomed to become a muzzy hater lmao,hatespeech,"[0, 0, 0, 0, 0, 0, 0, 0, 0, 0, 0, 0, 0, 0, 0, 0, 0, 0, 0, 0, 0, 0, 0, 1, 1, 0]"
18214234_gab,hate to wait around while the moslem kill us hope you wont mind if i dont turn the other cheek,hatespeech,"[0, 0, 0, 0, 0, 1, 1, 1, 1, 0, 0, 0, 0, 0, 0, 0, 0, 0, 0, 0]"
1178950914427760640_twitter,<user> <user> mate i have never had much luck finding faggots on a night out,normal,"[0, 0, 0, 0, 0, 0, 0, 0, 0, 0, 0, 0, 0, 0, 0]"
18588128_gab,i can not resist feeding you troll things do not spring into being from knwledge of them they exist before learning what they are like you were a retard long before i met you see,offensive,"[0, 0, 0, 0, 0, 0, 1, 0, 0, 0, 0, 0, 0, 0, 0, 0, 0, 0, 0, 0, 0, 0, 0, 0, 0, 0, 0, 0, 1, 1, 1, 0, 0, 0, 0]"
23528556_gab,i blame all the white guilt commie kike cuck dismay for this violence,hatespeech,"[0, 0, 0, 0, 0, 0, 1, 1, 1, 1, 0, 0, 0]"
1178899973691232257_twitter,i gotta stop blaming myself for the shitty things that people do to me some people are just born and raised hot steaming piles of white trash,hatespeech,"[0, 0, 0, 0, 0, 0, 0, 0, 0, 0, 0, 0, 0, 0, 0, 0, 0, 0, 0, 0, 0, 0, 0, 0, 0, 1, 1]"
27962295_gab,chettoes u mean ghettos the places the kike gathered to subvert christianity,offensive,"[1, 1, 1, 1, 1, 1, 1, 1, 1, 1, 1, 1]"
1716053_gab,so called peaceful tolerant people rejecting democracy by promoting violence intolerance are no less bigots than those they condemn <number> years of liberal political failures to commit to viable change have only led to a disillusioned middle nurtured extreme views on the left and right,normal,"[0, 0, 0, 0, 0, 0, 0, 0, 0, 0, 0, 0, 0, 0, 0, 0, 0, 0, 0, 0, 0, 0, 0, 0, 0, 0, 0, 0, 0, 0, 0, 0, 0, 0, 0, 0, 0, 0, 0, 0, 0, 0, 0, 0, 0]"
1268558604765925377_twitter,nigerians who lie have premarital sex and steal draw the line at homosexuality 🤣 🤣 🤣 🤣,normal,"[0, 0, 0, 0, 0, 0, 0, 0, 0, 0, 0, 0, 0, 0, 0, 0, 0]"
1179101261276123136_twitter,<user> still many soul are alive in indian they will never allow to happen what happen to jews in 1 9 3 0 in germany we are with you,normal,"[0, 0, 0, 0, 0, 0, 0, 0, 0, 0, 0, 0, 0, 0, 0, 0, 0, 0, 0, 0, 0, 0, 0, 0, 0, 0, 0, 0, 0]"
22849616_gab,stop calling them illegal immigrants you bunch of fucking politically correct pussies these people are vile parasitic scum very likely all linked to the mexican cartel they are all drug mules and gangbangers every single last one of them even the children they should all be exterminated immediately,offensive,"[0, 0, 0, 1, 0, 0, 0, 0, 1, 0, 0, 0, 0, 0, 1, 1, 1, 1, 0, 0, 0, 0, 0, 0, 0, 0, 0, 0, 0, 1, 1, 1, 1, 0, 0, 0, 0, 0, 0, 0, 0, 0, 0, 0, 0, 0, 0, 0]"
2755794_gab,<user> let us do the time warp again ist das jew to ein left and a kike to the right yeah i can see <user> singing it,hatespeech,"[0, 0, 0, 0, 0, 0, 0, 0, 0, 0, 0, 0, 0, 0, 0, 0, 1, 0, 0, 0, 0, 0, 0, 0, 0, 0, 0]"
1207462912853282816_twitter,raging on tl but i fucking hate being a female ok bye,hatespeech,"[0, 0, 0, 0, 0, 1, 1, 1, 1, 1, 0, 0]"
1178302914218954752_twitter,who the hell invited this faggot,offensive,"[0, 0, 0, 0, 0, 1]"
15953052_gab,why can not it be neighborhood or local friends with these people it always has to be our community the word shares a root with communism and that no accident ellen i am not part of your dyke community,normal,"[0, 0, 0, 0, 0, 0, 0, 0, 0, 0, 0, 0, 0, 0, 0, 0, 0, 0, 0, 0, 0, 0, 0, 0, 0, 0, 0, 0, 0, 0, 0, 0, 0, 0, 0, 0, 0, 0, 0]"
22853314_gab,just how many niggers has david duke defeated in a knife fight did heimbach show you all the bullet holes that niggers have put in him and have many times has spencer been ass raped by a nigger and no you can not count the times money was exchanged beforehand mpcstatusupdates,hatespeech,"[0, 0, 0, 1, 0, 0, 0, 0, 0, 0, 0, 0, 0, 0, 0, 0, 0, 0, 0, 0, 0, 1, 0, 0, 0, 0, 0, 0, 0, 0, 0, 0, 0, 1, 1, 1, 1, 1, 0, 0, 0, 0, 0, 0, 0, 0, 0, 0, 0, 0, 0]"
1089239706003488768_twitter,<user> hate you too 😘,offensive,"[0, 1, 1, 1, 0]"
19492940_gab,the muslim woman who refused the garb,offensive,"[1, 1, 1, 1, 1, 1, 1]"
1166905431819804672_twitter,<user> <user> no blacks no asians no fems,hatespeech,"[0, 0, 1, 1, 1, 1, 1, 1]"
1179058393396449280_twitter,ok now im craving sushi bitch tf,normal,"[0, 0, 0, 0, 0, 0, 0]"
26615325_gab,come together as humans means join the african and muslim rapists talk about a dog whistle,hatespeech,"[1, 1, 1, 1, 1, 1, 1, 1, 1, 1, 1, 0, 0, 0, 0, 0]"
12295238_gab,moslem 1 st lady,normal,"[0, 0, 0, 0]"
1122914275452948480_twitter,<user> i really fucking hate you right now,hatespeech,"[0, 0, 0, 1, 1, 1, 0, 0]"
1178404971747913728_twitter,ion be saying nun when you all play you all nigger music 😭,hatespeech,"[0, 0, 0, 0, 0, 0, 0, 0, 0, 0, 1, 1, 1]"
4812102_gab,the solution to save the white race is clearly to vilify women and not have children after all who wants the burdens of marriage like our dumb ancestors they should have probably just chosen to stroke it out rather than continue on our race,offensive,"[0, 1, 1, 1, 1, 1, 1, 1, 1, 1, 1, 1, 1, 1, 1, 1, 0, 0, 0, 0, 0, 0, 0, 0, 0, 0, 0, 0, 0, 0, 0, 0, 0, 0, 0, 0, 0, 0, 0, 0, 0, 0, 0, 0]"
6128665_gab,so about trump taxes and rachel maddow somthing i found on <number> pol anonymous <date> tue <time> no <number> dumb dyke dumb kike dumb dykekike,offensive,"[0, 0, 0, 0, 0, 0, 0, 0, 0, 0, 0, 0, 0, 0, 0, 0, 0, 0, 0, 1, 1, 1, 1, 1, 1]"
1233459573987643392_twitter,some of y ’ all followers retarded and you know it lmao id block their ass moe,offensive,"[0, 0, 0, 0, 0, 0, 1, 0, 0, 0, 0, 0, 0, 0, 0, 0, 0]"
24852459_gab,actually i am a christian you muzzie loon,hatespeech,"[0, 0, 0, 0, 0, 0, 1, 1]"
16703579_gab,perhaps a cause of such senseless violence we see in our streets,normal,"[0, 0, 0, 0, 0, 0, 0, 0, 0, 0, 0, 0]"
1089417078908567552_twitter,<user> <user> are you fucking serious you stupid retard,offensive,"[0, 0, 0, 0, 0, 0, 0, 1, 1]"
27318507_gab,lmfao i have trs guys emailing me threats and shit had anglin in a chat stream once and i roasted him why are the kike kissers so worried about little ol me dude enoch is a kike get over it i am shaking in my boots over these threats faggot,hatespeech,"[0, 0, 0, 0, 0, 0, 0, 0, 0, 0, 0, 0, 0, 0, 0, 0, 0, 0, 0, 0, 0, 0, 0, 0, 1, 1, 0, 0, 0, 0, 0, 0, 0, 0, 0, 0, 1, 0, 0, 0, 0, 0, 0, 0, 0, 0, 0, 0, 0, 1]"
21990566_gab,this kike is still alive wtf,hatespeech,"[0, 1, 1, 1, 1, 1]"
17844735_gab,the other kike claimed soros wasn t prosecuted because he was too old bulan kike claims it was because he was too young shoah <number> electric boogaloo will not discriminate by age all are welcome,offensive,"[0, 1, 1, 0, 0, 0, 0, 0, 0, 0, 0, 0, 0, 1, 1, 0, 0, 0, 0, 0, 0, 0, 0, 0, 0, 1, 1, 0, 0, 0, 0, 0, 0, 0, 0]"
1258492694395052032_twitter,<user> hatt fir jihad islie ki jisko dekho uske against fir kar rahe hain muzzys 🥴,normal,"[0, 0, 0, 0, 0, 0, 0, 0, 0, 0, 0, 0, 0, 0, 0, 0]"
1179101128274960384_twitter,<user> <user> if that happens you can not blame the white man for that the judge is a black woman but can not wait to see,normal,"[0, 0, 0, 0, 0, 0, 0, 0, 0, 0, 0, 0, 0, 0, 0, 0, 0, 0, 0, 0, 0, 0, 0, 0, 0, 0]"
1100187292847820800_twitter,“ gay rights ” danielle rose russell,normal,"[0, 0, 0, 0, 0, 0, 0]"
11750245_gab,no sane white man on the planet looks at someone telling him it ok for him to be proud to be white and says no no no i need my democracy,normal,"[0, 0, 0, 0, 0, 0, 0, 0, 0, 0, 0, 0, 0, 0, 0, 0, 0, 0, 0, 0, 0, 0, 0, 0, 0, 0, 0, 0, 0, 0, 0]"
1179074279175901184_twitter,this is literally every white person in my business of art class and there even a girl who just plays solitaire who even plays solitaire i promise u the lecture is way more interesting,normal,"[0, 0, 0, 0, 0, 0, 0, 0, 0, 0, 0, 0, 0, 0, 0, 0, 0, 0, 0, 0, 0, 0, 0, 0, 0, 0, 0, 0, 0, 0, 0, 0, 0, 0]"
1179089373301792770_twitter,nyc threatens to fine ppl who say illegal alien <money> did nyc kill freedom of speech how did we get so out of control so fast,offensive,"[0, 0, 0, 0, 0, 0, 0, 1, 1, 0, 0, 0, 0, 0, 0, 0, 0, 0, 0, 0, 0, 0, 0, 0, 0, 0]"
19746145_gab,justin trudeau not being able to differentiate between isis fighters and regular refugees is stunning he is blatantly trying to confuse and manipulate the two he is now the most irresponsible and undeserving leader we have ever seen,offensive,"[1, 1, 1, 1, 1, 1, 1, 1, 1, 1, 1, 1, 1, 1, 1, 1, 1, 1, 1, 1, 1, 1, 1, 1, 1, 1, 1, 1, 1, 1, 1, 1, 1, 1, 1, 1, 1, 1]"
14410299_gab,although the term feminist is rightly associated with obese ugly lesbian man hating termagants the term anti feminist is associated with misogyny in reality however the greatest enemies of women have always been the feminists who are generally freaks opposed to biology and female nature,offensive,"[1, 1, 1, 1, 1, 1, 1, 1, 1, 1, 1, 1, 1, 1, 0, 0, 0, 0, 0, 0, 0, 0, 0, 0, 0, 1, 1, 1, 1, 1, 1, 1, 1, 1, 1, 1, 1, 1, 1, 1, 1, 1, 1, 1, 1]"
26551816_gab,look who introduced theresa may to phillip may always a connection as to why paki muslims have raped with impunity g4s protects the grooming gangs that why tommy robinson has been imprisoned always a link,offensive,"[0, 0, 0, 0, 0, 0, 0, 0, 0, 0, 0, 0, 0, 0, 1, 1, 1, 1, 0, 0, 0, 0, 0, 0, 0, 0, 0, 0, 0, 0, 0, 0, 0, 0, 0]"
7009073_gab,hopefully the alt right went armed and defended themselves shoot a few antifa faggots center of mass the rest might learn we do not have to take this bullshit from the left,hatespeech,"[1, 1, 1, 1, 1, 1, 1, 1, 1, 1, 1, 1, 1, 1, 1, 1, 1, 1, 1, 1, 1, 1, 1, 1, 1, 1, 1, 1, 1, 1, 1, 1]"
21290000_gab,<user> agusta main or texes which state you live in tossa people want to catch up with you are you scared little nigger or what,normal,"[0, 0, 0, 0, 0, 0, 0, 0, 0, 0, 0, 0, 0, 0, 0, 0, 0, 0, 0, 1, 1, 1, 1, 0, 0]"
1082770541537308672_twitter,mango orange and champagne oysters with pink salt and black pepper,normal,"[0, 0, 0, 0, 0, 0, 0, 0, 0, 0, 0]"
1178746473988657154_twitter,these niggers better not embarrass me tonight,offensive,"[0, 1, 0, 0, 1, 0, 0]"
1178926664329256961_twitter,<user> <user> if the judge is secular he would give similar judgement on bakrid killing of goats as the shariat law is applicable only in muslim countries,normal,"[0, 0, 0, 0, 0, 0, 0, 0, 0, 0, 0, 0, 0, 0, 0, 0, 0, 0, 0, 0, 0, 0, 0, 0, 0, 0, 0]"
18848319_gab,at least she does not look like a man like <percent> of negresses out there the remaining <percent> just look like hermaphrodites lol btw i mute niggers go ahead and reply like a retarded monkey knowing i will never read your ooks and eeks,hatespeech,"[0, 0, 0, 0, 0, 0, 0, 0, 0, 0, 0, 0, 1, 0, 0, 0, 0, 0, 0, 0, 0, 1, 0, 0, 0, 0, 1, 0, 0, 0, 0, 0, 0, 1, 1, 0, 0, 0, 0, 0, 0, 1, 1, 1]"
10869758_gab,please blacks could not even invent the wheel nor domesticate any animals they were literally <number> years behind whites asians and hispanics,hatespeech,"[0, 1, 1, 1, 1, 1, 1, 1, 1, 1, 1, 1, 1, 1, 1, 1, 1, 1, 1, 1, 1, 1]"
1177996576410804231_twitter,my dad really boldly said out of all his kids he thought i d be the one to come out the closet he been calling me a lil dyke for as long as i can remember 😂 😂,normal,"[0, 0, 0, 0, 0, 0, 0, 0, 0, 0, 0, 0, 0, 0, 0, 0, 0, 0, 0, 0, 0, 0, 0, 0, 0, 0, 0, 0, 0, 0, 0, 0, 0, 0, 0, 0, 0, 0]"
1178562287449378816_twitter,forgive ne bit isnt the uk <percent> white like south africa is <percent> black shes a bit racist i think toward white ppl although shes attempting to appear impartial what chance have we got when ppl like her are disingenuous gmb <user>,normal,"[0, 0, 0, 0, 0, 0, 0, 0, 0, 0, 0, 0, 0, 0, 0, 0, 0, 0, 0, 0, 0, 0, 0, 0, 0, 0, 0, 0, 0, 0, 0, 0, 0, 0, 0, 0, 0, 0, 0, 0, 0, 0]"
1178941261065015299_twitter,i fucking hate you i hope im clean from this mess as soon as possible or else im gonna drag you down with me,normal,"[0, 0, 0, 0, 0, 0, 0, 0, 0, 0, 0, 0, 0, 0, 0, 0, 0, 0, 0, 0, 0, 0, 0, 0]"
1096212094675046401_twitter,<user> god blessed me with my retardeness and lazy atitude,offensive,"[0, 0, 0, 0, 0, 1, 1, 0, 0, 0]"
13853504_gab,now a days how many will bitch and moan if they had that power back because it would require great responsibility and hard work,normal,"[0, 0, 0, 0, 0, 0, 0, 0, 0, 0, 0, 0, 0, 0, 0, 0, 0, 0, 0, 0, 0, 0, 0, 0]"
14388377_gab,would you please post something on a public forum explicitly advocating for violence pretty please thx,normal,"[1, 1, 1, 1, 1, 1, 1, 1, 1, 1, 1, 1, 1, 1, 1, 0]"
27605417_gab,miss america shall embrace beer for beer makes fat women look beautiful,normal,"[0, 0, 0, 0, 0, 0, 0, 0, 0, 0, 0, 0]"
25719370_gab,exactly what i have been saying let them live with pelosi what her name shut and that dumass jigaboo from fla and csli,hatespeech,"[0, 0, 0, 0, 0, 0, 0, 0, 0, 0, 0, 0, 0, 0, 0, 0, 0, 1, 1, 0, 0, 0, 0]"
12156413_gab,alt retard is gonna alt retard cultlife,normal,"[1, 1, 1, 1, 1, 1, 1]"
1178992149037289473_twitter,sterling is a fucking retard,offensive,"[0, 0, 0, 1, 1]"
9617009_gab,4 th of july always fires up my american patriot blood demanding and fighting for freedom for all dems openly want mussie barbarian sharia in america that makes women all but slaves not going to happen vote dems out of congress <date> <user> make america great,offensive,"[0, 0, 0, 0, 0, 0, 0, 0, 0, 0, 0, 0, 0, 0, 0, 0, 0, 0, 0, 0, 0, 1, 1, 1, 1, 1, 0, 0, 0, 0, 0, 1, 0, 0, 0, 0, 0, 0, 0, 0, 0, 0, 0, 0, 0, 0]"
1116862502934077440_twitter,<user> no like they retarded 😭,offensive,"[0, 0, 0, 0, 1, 0]"
23964065_gab,fuck those faggots and dykes,hatespeech,"[1, 0, 1, 1, 1]"
16074519_gab,he going to get fucked by the left i blame this on trumps lack of kike awareness his son in law for example,hatespeech,"[0, 0, 0, 0, 1, 0, 0, 0, 0, 0, 0, 0, 0, 1, 1, 1, 1, 0, 0, 0, 0, 0, 0]"
1178410868834537472_twitter,<user> he the only white man mah waifu says i am allowed to laugh at,normal,"[0, 0, 0, 0, 0, 0, 0, 0, 0, 0, 0, 0, 0, 0, 0]"
1172073418365140993_twitter,jontron is a fucking scumbag,normal,"[0, 0, 0, 0, 0]"
25992953_gab,diversity means chasing down the last white person,normal,"[1, 1, 1, 1, 1, 1, 1, 1]"
9929344_gab,incompetent moslem cop does not understand he supposed to protect and serve,hatespeech,"[1, 1, 1, 0, 0, 0, 0, 0, 0, 0, 0, 0]"
12900471_gab,considering your low negro iq you basically gather dust in that empty gorilla skull speaking of wasted taxpayer dollars how is rutgers treating you are they still pretending you are a human what a wacky experiment,hatespeech,"[1, 1, 1, 1, 1, 1, 1, 1, 1, 1, 1, 1, 1, 1, 1, 1, 1, 1, 1, 1, 1, 1, 1, 1, 1, 1, 1, 1, 1, 1, 1, 1, 0, 0, 0, 0]"
12146261_gab,no wage gap women are just ghettoized into crap jobs,hatespeech,"[0, 0, 0, 0, 0, 0, 1, 0, 1, 0]"
12879374_gab,did not mean it personally i do not know you just i have just been told that functioning autistic women present quite differently than men and personal experience with engineering accounting and finance women who like being alone and solving problems suggests not typical psych profile,normal,"[0, 0, 0, 0, 0, 0, 0, 0, 0, 0, 0, 0, 0, 0, 0, 0, 0, 0, 0, 0, 0, 0, 0, 0, 0, 0, 0, 0, 0, 0, 0, 0, 0, 0, 0, 0, 0, 0, 0, 0, 0, 0, 0, 0, 0, 0]"
19695561_gab,you d have to be a complete retard to not know its mccain you d have to be an even bigger retard to believe q anon is real you morons are giving this larping queer the attention he wants,offensive,"[1, 1, 1, 1, 1, 1, 1, 1, 1, 1, 1, 1, 1, 1, 1, 1, 1, 1, 1, 1, 1, 1, 1, 1, 1, 1, 1, 1, 1, 1, 1, 1, 1, 1, 1, 1, 1, 1, 1]"
27035202_gab,scroll down one of the faggots looks like a lumbersexual,offensive,"[0, 0, 1, 1, 1, 1, 1, 1, 1, 1]"
1179082359209152512_twitter,<user> they convicted her because to let a white person shoot a black person in their own apartment and not convict would have led to riots,normal,"[0, 0, 0, 0, 0, 0, 0, 0, 0, 0, 0, 0, 0, 0, 0, 0, 0, 0, 0, 0, 0, 0, 0, 0, 0, 0]"
1118282778154536962_twitter,<user> now now you naughty little slut,offensive,"[0, 0, 0, 0, 1, 1, 1]"
1179000607387971587_twitter,instead of teaching girls not to be raped i think we should be teaching boys not to rape,normal,"[0, 0, 0, 0, 0, 0, 0, 0, 0, 0, 0, 0, 0, 0, 0, 0, 0, 0]"
27846795_gab,btw it awesome that we can repost comments again what not awesome is that i have learned i have at least one to three faggot bitches in my circle and i have no idea who they are so this is a dark day as well a light one,offensive,"[0, 0, 0, 0, 0, 0, 0, 0, 0, 0, 0, 0, 0, 0, 0, 0, 0, 0, 0, 0, 0, 0, 0, 0, 1, 1, 0, 0, 0, 0, 0, 0, 0, 0, 0, 0, 0, 0, 0, 0, 0, 0, 0, 0, 0, 0, 0, 0]"
1179095521668947968_twitter,f it i am a redneck,normal,"[0, 0, 0, 0, 0, 0]"
1081036289082884101_twitter,cops just have to search his crib if they find his pantry full of fruit roll ups gushers and capri sun take that nigga to jail,normal,"[0, 0, 0, 0, 0, 0, 0, 0, 0, 0, 0, 0, 0, 0, 0, 0, 0, 0, 0, 0, 0, 0, 0, 0, 0, 0]"
1179099329266683905_twitter,hey gay people it a free country we can march if we want to 😂,normal,"[0, 0, 0, 0, 0, 0, 0, 0, 0, 0, 0, 0, 0, 0, 0]"
12894603_gab,is he taking lessons from penis juice and his kike handlers 🤔 that a great example of reaching across the aisle so to speak if true,hatespeech,"[0, 0, 0, 0, 0, 0, 0, 0, 0, 1, 0, 0, 0, 0, 0, 0, 0, 0, 0, 0, 0, 0, 0, 0, 0, 0]"
23202178_gab,lol <user> ‍ is a bitch,offensive,"[0, 0, 0, 0, 0, 1]"
1166204836280336384_twitter,does the equalityact allow a man in the girl locker room so long as they identified as a woman if so are women okay with that,offensive,"[0, 0, 0, 0, 0, 1, 1, 1, 1, 1, 0, 0, 0, 0, 0, 0, 0, 0, 0, 0, 0, 0, 0, 0, 0, 0]"
1107993873639460864_twitter,like a dike bitch niggas can ’ t fuck wit me 😂,offensive,"[0, 0, 1, 1, 1, 0, 0, 0, 0, 0, 0, 0]"
1172162331960315905_twitter,<number> rt and i ’ ll explain why banning guns will not help to stop gun violence,normal,"[0, 0, 0, 0, 0, 0, 0, 0, 0, 0, 0, 0, 0, 0, 0, 0, 0]"
21782762_gab,let all hope teresa may gets ass raped and her nose broken by some sweaty fucking hairy inbred arab,hatespeech,"[0, 0, 0, 1, 1, 1, 1, 1, 0, 0, 0, 0, 0, 0, 1, 1, 1, 1, 1]"
1178994366620340225_twitter,children are being raped by school bus drivers and no one is talking about it since god knows when children die suffocated in school buses and nothing has been done do something for god sake <user>,normal,"[0, 0, 0, 0, 0, 0, 0, 0, 0, 0, 0, 0, 0, 0, 0, 0, 0, 0, 0, 0, 0, 0, 0, 0, 0, 0, 0, 0, 0, 0, 0, 0, 0, 0, 0, 0]"
1165301513226510339_twitter,<user> <user> you sound like you are reading from a neonazi playbook,normal,"[0, 0, 0, 0, 0, 0, 0, 0, 0, 0, 0, 0]"
1104144783310766089_twitter,the last true bastion of bipartisanship is criticizing the black muslim refugee congresswoman,offensive,"[0, 0, 0, 0, 0, 0, 0, 0, 0, 1, 1, 1, 0]"
27442888_gab,tell that retarded fucking monkey to come on with it i will wait,offensive,"[0, 0, 1, 1, 1, 0, 0, 0, 0, 0, 0, 0, 0]"
1178994409112772611_twitter,the democrat marxist muslim nihilist party of the kk has wounded our 1 st amendment right to free speech and now nyc threatens up to <money> g in fines for using terms like illegal alien which has finally killed freedom of speech illegal alien are the official u.s. code words,normal,"[0, 0, 0, 0, 0, 0, 0, 0, 0, 0, 0, 0, 0, 0, 0, 0, 0, 0, 0, 0, 0, 0, 0, 0, 0, 0, 0, 0, 0, 0, 0, 0, 0, 0, 0, 0, 0, 0, 0, 0, 0, 0, 0, 0, 0, 0, 0, 0, 0, 0]"
1178700470233075712_twitter,<user> yeah twitter without dark mode is not doable i could not tweet as much as i do if my eyes were being raped by a white screen,normal,"[0, 0, 0, 0, 0, 0, 0, 0, 0, 0, 0, 0, 0, 0, 0, 0, 0, 0, 0, 0, 0, 0, 0, 0, 0, 0, 0, 0]"
1259118782330568704_twitter,<user> <number> out of every <number> nazi soldiers killed in ww2 were killed by the red army of the soviet union,normal,"[0, 0, 0, 0, 0, 0, 0, 0, 0, 0, 0, 0, 0, 0, 0, 0, 0, 0, 0, 0, 0]"
1220265243005288448_twitter,iokanopenprison human rights organisations are sleeping for kashmirs because they are muslims <user> <user>,normal,"[0, 0, 0, 0, 0, 0, 0, 0, 0, 0, 0, 0, 0, 0]"
9053284_gab,they average more in cali with the feeding program but the skunks and coons eat well too,hatespeech,"[0, 0, 0, 0, 0, 0, 0, 0, 0, 0, 0, 1, 1, 1, 0, 0, 0]"
1902424_gab,<user> it actually country but ghetto stole it,normal,"[0, 0, 0, 0, 0, 0, 0, 0]"
11872452_gab,some nigger trying to sell me an ebook,hatespeech,"[0, 1, 0, 0, 0, 0, 0, 0]"
22652358_gab,when the evil overlord gloats about his plan to james bond an hour before it set to begin it pretty darn retarded just how retarded do you have to be to gloat <number> years before endgame about as retarded as you,offensive,"[1, 1, 1, 1, 1, 1, 1, 1, 1, 1, 1, 1, 1, 1, 1, 1, 1, 1, 1, 1, 1, 1, 1, 1, 1, 1, 1, 1, 1, 1, 1, 1, 1, 1, 1, 1, 1, 1, 1, 1, 1]"
9703840_gab,great thomas sowell man of wisdom insight favorite columnist writer only one worth reading but retired millions illegal invaders mussie refugees are parasites illegals presently cost <money> billion yr in local state fed taxes <money> one time cost border wall a steal <user>,hatespeech,"[0, 0, 0, 0, 0, 0, 0, 0, 0, 0, 0, 0, 0, 0, 0, 1, 1, 1, 1, 1, 1, 1, 1, 0, 0, 0, 0, 0, 0, 0, 0, 0, 0, 0, 0, 0, 0, 0, 0, 0, 0, 0, 0]"
1179057187261423617_twitter,if u order an almond milk cappuccino i automatically hate you,normal,"[0, 0, 0, 0, 0, 0, 0, 0, 0, 0, 0]"
16188507_gab,i think it time for another hindu kush only thing the muzzies ever did that was worth a shit was genocide about <number> mil of <user> coethnics i have been in some valleys full of skulls up there beautiful,hatespeech,"[0, 0, 0, 0, 0, 0, 0, 0, 1, 1, 1, 1, 1, 1, 1, 1, 1, 1, 1, 1, 1, 1, 1, 1, 1, 1, 1, 0, 0, 0, 0, 0, 0, 0, 0, 0, 0, 0, 0]"
25636207_gab,i fell for the great white hope rhetoric my bad he better than obama and bush et all idgaf still a slimy politician piece of shit also dgaf about muzzies and kikes i do not want american lives or dollars spent on any of those fucking parasites,hatespeech,"[0, 0, 0, 0, 1, 1, 1, 0, 0, 0, 0, 0, 0, 0, 0, 0, 0, 0, 0, 0, 0, 0, 0, 0, 0, 0, 0, 0, 0, 1, 0, 1, 0, 0, 0, 0, 0, 0, 0, 0, 0, 0, 0, 0, 0, 0, 0]"
1179058024511459328_twitter,we need to keep our queer kids safer building a world where death seems a better option than homosexuality is bullshit you have gay kids that need help send them to gore equal rights for humies lgbtq we can do better,normal,"[0, 0, 0, 0, 0, 0, 0, 0, 0, 0, 0, 0, 0, 0, 0, 0, 0, 0, 0, 0, 0, 0, 0, 0, 0, 0, 0, 0, 0, 0, 0, 0, 0, 0, 0, 0, 0, 0, 0, 0, 0]"
1178853653618331648_twitter,i swear them white claws put me in a good ass mood make me love everybody 😂 😂,normal,"[0, 0, 0, 0, 0, 0, 0, 0, 0, 0, 0, 0, 0, 0, 0, 0, 0, 0]"
1123358393517821952_twitter,additionally furries can also transmit the infectious disease of furfaggotry to others,offensive,"[0, 1, 1, 1, 1, 1, 1, 1, 1, 1, 1, 1]"
1179098202282369024_twitter,yes i live in texas and no i am not a damn redneck,normal,"[0, 0, 0, 0, 0, 0, 0, 0, 0, 0, 0, 0, 0]"
1179024659813060609_twitter,overthink can kill yourself too <happy>,normal,"[0, 0, 0, 0, 0, 0]"
15990522_gab,yup those trees are possibly what causing the wildfires when it not arson even australia regrets having sold them to the us and by arson i mean caused by a moslem or a mexican cartel stooge which is likely what been happening cc <user>,hatespeech,"[0, 0, 0, 0, 0, 0, 0, 0, 0, 0, 0, 0, 0, 0, 0, 0, 0, 0, 0, 0, 0, 0, 0, 1, 1, 1, 1, 1, 1, 1, 1, 1, 1, 1, 1, 1, 0, 0, 0, 0, 0, 0, 0, 0]"
14258917_gab,really apart from tunnelling what have the arabs provided the world with,offensive,"[0, 1, 1, 1, 1, 1, 1, 1, 1, 1, 1, 1]"
1178480625939992576_twitter,this white boy is a fucking crack head,offensive,"[0, 1, 1, 0, 0, 1, 1, 1]"
1178819176858824704_twitter,alls my life i has to fight nigga,normal,"[0, 0, 0, 0, 0, 0, 0, 0]"
8010518_gab,or you know how other groups have black only or spic only white only,hatespeech,"[0, 0, 0, 0, 0, 0, 0, 0, 0, 0, 1, 0, 0, 0]"
1178840299323449350_twitter,the white house is giving states the power to reject refugees from being resettled in their communities and this announcement all but guarantees that politicians will try to end refugee resettlement in our state completely,normal,"[0, 0, 0, 0, 0, 0, 0, 0, 0, 0, 0, 0, 0, 0, 0, 0, 0, 0, 0, 0, 0, 0, 0, 0, 0, 0, 0, 0, 0, 0, 0, 0, 0, 0, 0]"
804437519194529792_twitter,did i just hear you call that gay try again using words like stupid dumb lame or retarded thanks ☺ ️ 😘,normal,"[0, 0, 0, 0, 0, 0, 0, 0, 0, 0, 0, 0, 0, 0, 0, 0, 0, 0, 0, 0, 0, 0]"
1178072044380008448_twitter,<user> <user> wait wait you dumb nigger,hatespeech,"[0, 0, 0, 0, 0, 1, 1]"
1178981720839749634_twitter,alex is my friend not a stupid nigger other alex is,normal,"[0, 0, 0, 0, 0, 0, 0, 1, 0, 0, 0]"
1117846516046204928_twitter,they ain ’ t down w me but they kno i ’ m <number> bitch that it ’ up w,normal,"[0, 0, 0, 0, 0, 0, 0, 0, 0, 0, 0, 0, 0, 0, 0, 0, 0, 0, 0, 0]"
1085172397152583682_twitter,<user> <user> have you heard steve king comments and retwitting neo nazi bs,normal,"[0, 0, 0, 0, 0, 0, 0, 0, 0, 0, 0, 0, 0]"
593941188077584385_twitter,the redskins is trending is there us teams also called the niggers spics kikes bitches or faggots asking for a friend,offensive,"[0, 0, 0, 0, 1, 1, 1, 1, 1, 1, 1, 1, 1, 1, 1, 1, 1, 0, 0, 0, 0]"
1178867414856953856_twitter,settlement and its naturalization then condi tioned the emergence of modern queer formations including their inheritance and sustaining of colonial biopolitics in the form of settler homonationalism,normal,"[0, 0, 0, 0, 0, 0, 0, 0, 0, 0, 0, 0, 0, 0, 0, 0, 0, 0, 0, 0, 0, 0, 0, 0, 0, 0, 0]"
23168009_gab,new england wasp ricky vaughn dad was an aide to rino senator jim jeffords who famously left the gop when the bush tax cuts meant that jeffords pet federal education funds for retarded kids would get cut,offensive,"[0, 0, 0, 0, 0, 0, 0, 0, 0, 0, 0, 0, 0, 0, 0, 0, 0, 0, 0, 0, 0, 0, 0, 0, 0, 0, 0, 0, 0, 0, 0, 0, 1, 0, 0, 0, 0]"
11983258_gab,despite the super gay cover i am excited to be starting this kettlebell program today,offensive,"[0, 0, 1, 1, 1, 0, 0, 0, 0, 0, 0, 0, 0, 0, 0]"
21545187_gab,usa kids are taught only <number> things in history holohoax civil war slavery religion of the nigger mlk sainthood have zero knowledge jew expulsion england 1 2 0 0 of jew expulsion from spain jew infiltration spanish netherlands english civil war cromwell aftermath jew infiltration england creation bank of england etc etc etc,hatespeech,"[0, 0, 0, 0, 0, 0, 0, 0, 0, 1, 1, 1, 1, 1, 1, 1, 1, 1, 1, 0, 0, 0, 1, 1, 1, 1, 1, 1, 1, 1, 1, 1, 1, 1, 1, 1, 1, 1, 1, 1, 1, 1, 1, 1, 1, 1, 1, 1, 1, 1, 0, 0, 0]"
11706234_gab,whores they dont understand morals respect etc yea we can popularise white nationalism etc alot of ppl especially most women are too degenerate to understand the concept you need a no bullshit message to deal with degenerates hence whitesharia,hatespeech,"[1, 0, 0, 0, 0, 0, 0, 0, 0, 0, 1, 1, 1, 0, 0, 0, 0, 0, 0, 0, 0, 0, 0, 0, 0, 0, 0, 0, 0, 0, 0, 0, 0, 0, 0, 0, 0, 0, 1]"
1179089848478470144_twitter,psych professor why are white young females most likely to suffer from migraines me under my breath cause hoes mad,offensive,"[0, 0, 0, 0, 1, 1, 1, 0, 0, 0, 0, 0, 0, 0, 0, 0, 0, 1, 1, 1]"
3509218_gab,<user> goddamn niggers population still at it shooting each other and blaming cops for their own influence to their nigger culture dumb niggers plan on pushing more communism and hate as so terrorism blacks are largely on the receiving end of communism whites are the ones pushing it toward them,hatespeech,"[0, 0, 1, 1, 1, 1, 1, 1, 1, 1, 1, 1, 1, 1, 1, 1, 1, 1, 1, 1, 1, 1, 1, 1, 1, 1, 1, 1, 1, 1, 1, 1, 1, 0, 0, 0, 0, 0, 0, 0, 0, 0, 0, 0, 0, 0, 0, 0, 0, 0]"
9336967_gab,first wave feminists were largely thoughtful women advocating for voting rights legal financial rights access to opportunity subsequent feminist movements have been ridiculous by equating feminism with abortion sexuality etc burning ones bra never accomplished anything except sagging,offensive,"[0, 0, 0, 0, 0, 0, 0, 0, 0, 0, 0, 0, 0, 0, 0, 0, 0, 0, 1, 1, 1, 1, 1, 1, 1, 1, 1, 1, 1, 0, 1, 1, 1, 1, 1, 1, 1, 1]"
1078177821728505856_twitter,give me your money bitch that ’ all i want from you,offensive,"[0, 0, 0, 0, 1, 0, 0, 0, 0, 0, 0, 0]"
1179014540262039553_twitter,white supremacists are forming global networks much as jihadis did prior to <number> <number> and are learning from jihadi tactics the brief said,normal,"[0, 0, 0, 0, 0, 0, 0, 0, 0, 0, 0, 0, 0, 0, 0, 0, 0, 0, 0, 0, 0, 0, 0]"
1109709817927458816_twitter,these crazy grandiose women are obviously very fucking uneducated and obviously don ’ t know the difference between a poison and a medicine,offensive,"[0, 1, 1, 1, 1, 1, 1, 1, 1, 0, 0, 0, 0, 0, 0, 0, 0, 0, 0, 0, 0, 0, 0]"
1179056757168955392_twitter,<user> the bad bitch life is not for everyone,normal,"[0, 0, 0, 0, 0, 0, 0, 0, 0]"
27108627_gab,<user> puppy ‍ <user> can you post this on the gay crossfit post on vd for me 3 x deported hiv wetback tranny has wetbacks protesting that we should give more handouts to illegal wetback trannies <number> wetback trannies are housed in the cibola county facility transgender unit,offensive,"[0, 0, 0, 0, 0, 0, 0, 0, 0, 0, 0, 0, 0, 0, 0, 0, 0, 0, 0, 1, 1, 1, 1, 0, 1, 0, 0, 0, 0, 0, 0, 0, 0, 1, 1, 1, 1, 1, 1, 0, 0, 0, 0, 0, 0, 0, 0, 0]"
11780203_gab,use violence against swedish women as the backdrop highlight islamic violence from those invaders double whammy no,hatespeech,"[1, 1, 1, 1, 1, 0, 0, 0, 0, 1, 1, 1, 1, 1, 0, 0, 0]"
22313926_gab,have you guys heard of that retarded findom fetish where complete idiots get off on giving women all their money and getting nothing in return for it <user> ‍ had an hilarious video on it well the us relationship with israel is basically the foreign policy version of that,offensive,"[1, 1, 1, 1, 1, 1, 1, 1, 1, 0, 0, 0, 0, 0, 0, 0, 0, 0, 0, 0, 0, 0, 0, 0, 0, 0, 0, 0, 0, 0, 0, 0, 0, 0, 0, 0, 0, 0, 0, 0, 0, 0, 0, 0, 0, 0, 0, 0, 0]"
17729336_gab,not a big thing he let it continue congress already appropriated money several years ago he can manipulate existing funds to create more money if needed and just because some wetback applies for a visa dies not mean he should get it play hardball gop has the votes,offensive,"[0, 0, 0, 0, 0, 0, 0, 0, 0, 0, 0, 0, 0, 0, 0, 0, 0, 0, 0, 0, 0, 0, 0, 0, 0, 0, 0, 0, 0, 0, 1, 0, 0, 0, 0, 0, 0, 0, 0, 0, 0, 0, 0, 0, 0, 0, 0, 0]"
1178877345190596609_twitter,<user> <user> <user> you must understand dear media is under globalist and globalist wants civil war in the world that why they using islamists ppl in europe against white n india also,normal,"[0, 0, 0, 0, 0, 0, 0, 0, 0, 0, 0, 0, 0, 0, 0, 0, 0, 0, 0, 0, 0, 0, 0, 0, 0, 0, 0, 0, 0, 0, 0, 0]"
1179015722858618885_twitter,bowl hair cut is hate numbers are hate ok sign is hate anti anti fa symbol hate antisemitism is about to mean jail time holocaust denial will soon mean jail time i didnt know i was living in bolshevik russia,normal,"[0, 0, 0, 0, 0, 0, 0, 0, 0, 0, 0, 0, 0, 0, 0, 0, 0, 0, 0, 0, 0, 0, 0, 0, 0, 0, 0, 0, 0, 0, 0, 0, 0, 0, 0, 0, 0, 0, 0, 0]"
1273549264296140801_twitter,i hope i die cause i am white blacklivesmatter,normal,"[1, 1, 1, 1, 1, 1, 1, 1, 0]"
1179033155673526272_twitter,<user> ching chong oil 🤧,offensive,"[0, 1, 1, 0, 0]"
12902661_gab,youre jealous like all leftist queers,hatespeech,"[0, 0, 0, 0, 1, 1]"
1171846393238933504_twitter,hoes gon be hoes so i could not blame 🤧,offensive,"[1, 0, 0, 1, 0, 0, 0, 0, 0, 0]"
18637219_gab,look you want to make this war with islam about skin just like muslims want you to but if you want to cry about mu skin i cant stop you but you should look up what the muslim brotherhood had to say about racial tension,normal,"[0, 0, 0, 0, 0, 0, 0, 0, 0, 0, 0, 0, 0, 0, 0, 0, 0, 0, 0, 0, 0, 0, 0, 0, 0, 0, 0, 0, 0, 0, 0, 0, 0, 0, 0, 0, 0, 0, 0, 0, 0, 0, 0, 0, 0]"
1179010851455545345_twitter,one of my favorite things abt ghosts and folklore in west bengal is that the most haunted locations in kolkata are solely haunted by white people,normal,"[0, 0, 0, 0, 0, 0, 0, 0, 0, 0, 0, 0, 0, 0, 0, 0, 0, 0, 0, 0, 0, 0, 0, 0, 0, 0]"
1178739139006619650_twitter,<user> americans hate you so much they would rather vote for an illegal alien who wanted to destroy the usa as much as you did he just did not seem as dangerously stupid,normal,"[0, 0, 0, 0, 0, 0, 0, 0, 0, 0, 0, 0, 0, 0, 0, 0, 0, 0, 0, 0, 0, 0, 0, 0, 0, 0, 0, 0, 0, 0, 0, 0, 0]"
24537037_gab,decline of white americans,normal,"[0, 0, 0, 0]"
1178518186687451136_twitter,queer eye for the marxist guy,normal,"[0, 0, 0, 0, 0, 0]"
17973005_gab,but i bet they think that sperg retard who shot up the black church was a white hero too fucking retarded to understand the damage he did to their own cause,offensive,"[0, 0, 0, 0, 0, 0, 1, 1, 1, 1, 1, 1, 1, 1, 1, 1, 1, 1, 1, 1, 1, 1, 1, 0, 0, 0, 0, 0, 0, 0, 0]"
1241072483442266116_twitter,my sister got to my city <number> weeks ago and already found a man that calls her everyday and buys her gifts virgo women are sick,normal,"[0, 0, 0, 0, 0, 0, 0, 0, 0, 0, 0, 0, 0, 0, 0, 0, 0, 0, 0, 0, 0, 0, 0, 0, 0, 0]"
13034303_gab,david a clarke jr ‏ verified account <user> 1 h1 hour ago where was the visceral reaction toward cam newton by the left when bill maher referred to himself as a house nigger on live tv they laughed,normal,"[0, 0, 0, 0, 0, 0, 0, 0, 0, 0, 0, 0, 0, 0, 0, 0, 0, 0, 0, 0, 0, 0, 0, 0, 0, 0, 0, 0, 0, 0, 0, 0, 0, 0, 0, 0, 0, 0]"
1178323876603924480_twitter,<user> these five women hung back while their constituents begged them to support impeachment while <user> <user> <user> <user> took the brunt of harassment from media and gop the leaders here are women of color these five white women followed eventually,normal,"[0, 0, 0, 0, 0, 0, 0, 0, 0, 0, 0, 0, 0, 0, 0, 0, 0, 0, 0, 0, 0, 0, 0, 0, 0, 0, 0, 0, 0, 0, 0, 0, 0, 0, 0, 0, 0, 0, 0, 0, 0]"
7081774_gab,bill o reilly out at fox i bet jesse waters will take his place or carlson good get the old folks out they are out of touch anyway however liberal women offended by sex harassment claims lol muslims rape women and they support that,hatespeech,"[0, 0, 0, 0, 0, 0, 0, 0, 0, 0, 0, 0, 0, 0, 0, 0, 0, 1, 1, 1, 1, 1, 1, 1, 1, 1, 1, 1, 0, 1, 1, 1, 1, 1, 1, 0, 0, 1, 1, 1, 1, 1, 1, 1]"
14010122_gab,look like jew york has been enriched by a bit of vibrant moslem diversity tonight enjoy,normal,"[0, 0, 0, 0, 0, 0, 0, 0, 0, 0, 0, 0, 0, 0, 0, 0]"
20009853_gab,do not put your gab mug in the dishwasher the gab decal is not dishwasher safe 😢 <user> <user> edit only the black gab mug does this the white one will not thanks for the replacement gab ♥,normal,"[0, 0, 0, 0, 0, 0, 0, 0, 0, 0, 0, 0, 0, 0, 0, 0, 0, 0, 0, 0, 0, 0, 0, 0, 0, 0, 0, 0, 0, 0, 0, 0, 0, 0, 0, 0, 0, 0]"
17363428_gab,jews lie niggers steal and rape spic women can not stop shitting out babies and birds have beaks,hatespeech,"[1, 1, 1, 1, 1, 1, 1, 1, 0, 0, 0, 0, 0, 0, 0, 0, 0, 0]"
11180809_gab,yet another sand nigger heard from,offensive,"[0, 0, 1, 1, 0, 0]"
1178784642368856064_twitter,<user> it like they heard the africa thing in anthropology <number> and stopped listening until white people were mentioned,normal,"[0, 0, 0, 0, 0, 0, 0, 0, 0, 0, 0, 0, 0, 0, 0, 0, 0, 0, 0]"
1178736864485937155_twitter,if i hear one more straight white boy say faggot or the n word,normal,"[0, 0, 0, 0, 0, 0, 0, 0, 0, 0, 0, 0, 0, 0]"
24911908_gab,no excuses there is never a reason to carry a knife anyone who does will be caught and they will feel the full force of the law london mayor sadiq khan tweeted on <date> maybe someone needs to stab that sand nigger in the neck,offensive,"[0, 0, 0, 0, 0, 0, 0, 0, 0, 0, 1, 0, 0, 0, 0, 0, 0, 0, 0, 0, 0, 0, 0, 0, 0, 0, 0, 0, 0, 0, 0, 0, 0, 0, 0, 0, 0, 0, 0, 0, 1, 1, 0, 0, 0]"
1178707335973343233_twitter,<user> <user> <user> tour guide and here you will see true caucasians just being white,normal,"[0, 0, 0, 0, 0, 0, 0, 0, 0, 0, 0, 0, 0, 0, 0]"
26860294_gab,daily reminder that i hate niggers jews moslems but what i hate more than anything else are anti white white people,hatespeech,"[0, 0, 0, 1, 1, 1, 1, 1, 1, 1, 1, 0, 0, 0, 0, 0, 0, 1, 1, 1, 1]"
12847124_gab,sarah i feel really bad for calling you a dyke so i baked you some cookies <user>,normal,"[0, 0, 0, 0, 0, 0, 0, 0, 0, 0, 0, 0, 0, 0, 0, 0, 0]"
1178692612271661058_twitter,nigga xan said niggas turn lil nas faggots 😂 😂 😂 😂 😂,normal,"[0, 0, 0, 0, 0, 0, 0, 0, 0, 0, 0, 0, 0]"
1160212275887783937_twitter,liking someone is ghetto that ’ why ion like to do it,offensive,"[0, 0, 0, 1, 0, 0, 0, 0, 0, 0, 0, 0]"
23332294_gab,stop all that coon shit early morning cartoon shit this is that goon shit fuck up your whole afternoon shit,hatespeech,"[0, 0, 0, 1, 0, 0, 0, 0, 0, 0, 0, 0, 0, 0, 0, 0, 0, 0, 0, 0]"
1178064726942781440_twitter,brits be like did you put the faggots in a bin,normal,"[0, 0, 0, 0, 0, 0, 0, 0, 0, 0, 0]"
25301151_gab,most americans had no idea how corrupt until the lying muzrat traitor usurped the presidency,offensive,"[1, 1, 1, 1, 1, 1, 1, 1, 1, 1, 1, 1, 1, 1, 1]"
1179105337292607491_twitter,<user> every single white person found dead in a ditch,normal,"[0, 0, 0, 0, 0, 0, 0, 0, 0, 0]"
1106572746987843585_twitter,to all my muslim homies stay blessed today <number> real,normal,"[0, 0, 0, 0, 0, 0, 0, 0, 0, 0]"
19841818_gab,waned i do not know why you would want to watch that nigger bullshit in the first place,hatespeech,"[0, 0, 0, 0, 0, 0, 0, 0, 0, 0, 0, 0, 1, 1, 0, 0, 0, 0]"
18851540_gab,dumb bitch friend do not let friends date let alone marry muzzie scum,hatespeech,"[1, 1, 1, 1, 1, 1, 1, 1, 1, 1, 1, 1, 1]"
16353744_gab,obama is the ultimate cuck a pretend american a pretend black man in reality a homosexual socialist mangina crypto muslim loser created by the cia trained by the saudis to destroy the strength of america,hatespeech,"[0, 0, 0, 1, 1, 0, 0, 0, 1, 1, 1, 1, 0, 0, 0, 1, 1, 1, 1, 1, 1, 0, 0, 0, 0, 0, 0, 0, 0, 0, 0, 0, 0, 0, 0]"
1162840702469828608_twitter,<user> the nazis like you got owned today owned,normal,"[0, 0, 0, 0, 0, 0, 0, 0, 0]"
21463925_gab,is that chief alinskyite chitownboystownbathhouseboi rahm emmanuel looks sounds like that kike,hatespeech,"[0, 0, 0, 0, 0, 0, 0, 0, 0, 0, 0, 1]"
1179098711705698304_twitter,<user> as long as the party is controlled by white trash southerners this is what you will get,offensive,"[0, 0, 0, 0, 0, 0, 0, 0, 0, 1, 1, 1, 0, 0, 0, 0, 0, 0]"
1178707071895773185_twitter,2 k do not put out patch notes and you niggers got dial up internet so it ll be damn near <time> before we know what was changed,normal,"[0, 0, 0, 0, 0, 0, 0, 0, 0, 0, 0, 0, 0, 0, 0, 0, 0, 0, 0, 0, 0, 0, 0, 0, 0, 0, 0, 0]"
1178836489486118923_twitter,<user> historical context matters except for when you want to leave out the irish treated just as bad called the niggers of europe but hey that was different right atleast they were white while living and working as the africans did under near slave conditions,normal,"[0, 0, 0, 0, 0, 0, 0, 0, 0, 0, 0, 0, 0, 0, 0, 0, 0, 0, 0, 0, 0, 0, 0, 0, 0, 0, 0, 0, 0, 0, 0, 0, 0, 0, 0, 0, 0, 0, 0, 0, 0, 0, 0, 0, 0]"
1179078745715597315_twitter,the reality is you not finna learn which type of bitch you donating to until after you done spent on her,offensive,"[0, 0, 0, 0, 0, 0, 0, 0, 0, 0, 1, 0, 0, 0, 0, 0, 0, 0, 0, 0, 0]"
1196896123119702021_twitter,<user> he ’ a retard,offensive,"[0, 0, 0, 0, 1]"
1076718387361968128_twitter,<user> whitebreads have no taste says wholewheat 1 st gen immigrant currently residing in the corporate capital of the world,offensive,"[0, 1, 1, 1, 1, 0, 0, 0, 0, 0, 1, 0, 0, 0, 0, 0, 0, 0, 0, 0]"
12647173_gab,hunger games with little niglet babies,hatespeech,"[0, 0, 0, 0, 1, 1]"
14528971_gab,feminism has not set women free it has robbed them of their dignity their femininity gabfam gab,normal,"[0, 0, 0, 0, 0, 0, 0, 0, 0, 0, 0, 0, 0, 0, 0, 0, 0]"
11170181_gab,everytime a nigger knocks up a welfare hoe the country goes just a tad further left everytime a mexican sneaks across the border the country goes just a tad further left,hatespeech,"[0, 0, 1, 0, 0, 0, 1, 1, 0, 0, 0, 0, 0, 0, 0, 0, 0, 0, 1, 1, 1, 1, 1, 0, 0, 0, 0, 0, 0, 0, 0]"
13851720_gab,laura loomer raped me while screaming at me in her disgusting kike language and said we must exterminate the goyim laura loomer loomergate,hatespeech,"[0, 0, 0, 0, 0, 0, 0, 0, 0, 0, 1, 1, 1, 0, 0, 0, 0, 1, 1, 1, 0, 0, 0]"
22161097_gab,i understand it took hussein a long time to die a fitting ending for a sand nigger,hatespeech,"[0, 0, 0, 0, 0, 0, 0, 0, 0, 0, 0, 0, 0, 0, 0, 1, 1]"
15239458_gab,whitey prevails for a change miss south africa beats out a nig two spics and a gook to win miss u,hatespeech,"[0, 0, 0, 0, 0, 0, 0, 0, 0, 0, 0, 1, 0, 1, 0, 0, 1, 0, 0, 0, 0]"
17476080_gab,it an infinite regress of jews jewing romans jewing anglos jewing jews philosophy and logic cannot help us here,hatespeech,"[0, 0, 1, 1, 1, 1, 1, 1, 1, 1, 1, 1, 0, 0, 0, 0, 0, 0, 0]"
11123890_gab,thanks <number> john deere black lives have not mattered for a long time super ultra nigger <number>,hatespeech,"[0, 0, 0, 0, 0, 0, 0, 0, 0, 0, 0, 0, 0, 1, 1, 1, 1]"
1729915_gab,watching my retarded cat play with catnip is probably the best part of my day guys,normal,"[0, 0, 1, 1, 1, 1, 0, 0, 0, 0, 0, 0, 0, 0, 0, 0]"
14839598_gab,it appears that participation in outdoor recreation is proportional to the population except on ghetto basketball courts what with that,offensive,"[0, 0, 0, 0, 0, 0, 0, 0, 0, 0, 0, 0, 0, 0, 1, 1, 1, 0, 0, 0]"
1179055207776489474_twitter,women talking about sex everyone she fake slut bitch men talking about sex everyone wo larka hai kar skta hai wo fuck this double standard ‼,normal,"[0, 0, 0, 0, 0, 0, 0, 0, 0, 0, 0, 0, 0, 0, 0, 0, 0, 0, 0, 0, 0, 0, 0, 0, 0, 0]"
24172961_gab,yep and who pushed the civil rights thing which made niggers far worse you got it the joos they are worse than niggers ever thought about being,hatespeech,"[1, 1, 1, 1, 1, 1, 1, 1, 1, 1, 1, 1, 1, 1, 1, 1, 1, 1, 1, 1, 1, 1, 1, 1, 1, 1, 1]"
1178134495914008576_twitter,<user> dykes walk around with their strap on <number> <number> like they are a real nigga studs do not they just dress masculine,normal,"[0, 1, 0, 0, 0, 0, 0, 0, 0, 0, 0, 0, 0, 0, 0, 0, 0, 0, 0, 0, 0, 0, 0]"
12693672_gab,it outrageous twitter is always slapping my hand but i must ve hurt the feelings of ghetto trash lebron got suspended for telling the truth,offensive,"[0, 0, 1, 1, 1, 1, 1, 1, 1, 1, 1, 1, 1, 1, 1, 1, 1, 1, 1, 1, 1, 1, 1, 1, 1]"
17827276_gab,that is the muzrat strategy in every country they infest,hatespeech,"[0, 0, 0, 1, 0, 0, 0, 0, 0, 1]"
1253054821202112512_twitter,who the best lesbian character of all time and why did you choose lexa,normal,"[0, 0, 0, 0, 0, 0, 0, 0, 0, 0, 0, 0, 0, 0]"
15824604_gab,did not you have to leave for work hours ago you shit tier kike lol tell your hooknosed bosses to send someone better before your shift ends,hatespeech,"[0, 0, 0, 0, 0, 0, 0, 0, 0, 0, 0, 1, 1, 1, 0, 0, 0, 1, 0, 0, 0, 0, 0, 0, 0, 0, 0]"
1179101319606521858_twitter,cannibal holocaust was not as horrid as i was led to believe,normal,"[0, 0, 0, 0, 0, 0, 0, 0, 0, 0, 0, 0]"
1178829267708321792_twitter,<user> i wonder how many of the white trash people who voted for still believes in you,hatespeech,"[0, 0, 0, 0, 0, 0, 0, 1, 1, 1, 0, 0, 0, 0, 0, 0, 0]"
14056917_gab,want to end terrorism find all of the terrorist family and all families of co conspirator families send all of families to any mussie country if they attended a mosque that perpetrated the attack doze it level and build a park with memorial to dead ship imam and family back,hatespeech,"[0, 0, 0, 0, 0, 0, 0, 0, 0, 0, 0, 0, 0, 0, 0, 0, 0, 0, 0, 0, 0, 0, 1, 1, 1, 1, 1, 1, 1, 1, 1, 1, 1, 1, 1, 1, 1, 1, 1, 1, 1, 1, 1, 1, 1, 1, 1, 1, 1, 1]"
1177921850753466369_twitter,<number> school lang <number> since gr <number> ko <number> yeah sauna <number> no <number> moving up nila <number> idk <number> purple <number> ❓ ❓ <number> ching chong <number> none <number> idk <number> no <number> me <number> no <number> no fave i will send u a name,hatespeech,"[0, 0, 0, 0, 0, 0, 0, 0, 0, 0, 0, 0, 0, 0, 0, 0, 0, 0, 0, 0, 0, 0, 0, 0, 1, 1, 1, 0, 0, 0, 0, 0, 0, 0, 0, 0, 0, 0, 0, 0, 0, 0, 0, 0, 0, 0]"
1178402978031521793_twitter,<user> <user> babies in cages destroying environment by rolling back regulations siding with white supremacists bad mouthing gold star families shithole countries response to puerto rico that just a few,normal,"[0, 0, 0, 0, 0, 0, 0, 0, 0, 0, 0, 0, 0, 0, 0, 0, 0, 0, 0, 0, 0, 0, 0, 0, 0, 0, 0, 0, 0, 0]"
1179092448485638144_twitter,<user> mine does not like me to do it in public tbf i am shameless i will absent mindedly swear in front of children whoops my personal best though was when i got called out by a fellow firefighter bill you know this is a fucking firestation right 🤣,normal,"[0, 0, 0, 0, 0, 0, 0, 0, 0, 0, 0, 0, 0, 0, 0, 0, 0, 0, 0, 0, 0, 0, 0, 0, 0, 0, 0, 0, 0, 0, 0, 0, 0, 0, 0, 0, 0, 0, 0, 0, 0, 0, 0, 0, 0, 0, 0, 0, 0]"
1166813860571074560_twitter,wakeup muslim world this is time to show the muslims power niklokashmirkikhatir,normal,"[0, 0, 0, 0, 0, 0, 0, 0, 0, 0, 0, 0]"
15473876_gab,have at it i am white and glad of it niggers hate niggers more than white people hate white people but then niggers are morons and those are the smart niggers,offensive,"[0, 0, 0, 0, 0, 0, 0, 0, 0, 0, 1, 1, 1, 0, 0, 0, 0, 0, 0, 0, 0, 0, 1, 0, 0, 0, 0, 0, 0, 1, 1]"
10047451_gab,but todd the literally thousands of children who were raped to death and consumed as toppings on pizza cannot come forward their parents are too sad to come forward,normal,"[0, 0, 0, 0, 0, 0, 0, 0, 0, 1, 0, 0, 0, 1, 1, 1, 0, 1, 0, 0, 0, 0, 0, 0, 0, 0, 0, 0, 0]"
25911689_gab,<user> ‍ how did master chef jr end up with <number> blond girls a niglet,offensive,"[0, 0, 0, 0, 0, 0, 0, 0, 0, 0, 0, 0, 0, 0, 1]"
1179038745820987392_twitter,<user> well that what kennedy said to get her to leave but kennedy was also worried buffy might make a move on willow because that just how queer women who have known each other for a decade act,normal,"[0, 0, 0, 0, 0, 0, 0, 0, 0, 0, 0, 0, 0, 0, 0, 0, 0, 0, 0, 0, 0, 0, 0, 0, 0, 0, 0, 0, 0, 0, 0, 0, 0, 0, 0, 0, 0, 0]"
1267383029229662209_twitter,death of jean charles de menezes jnagappan and all jews guilty of genocide must be exterminated by communism,hatespeech,"[1, 1, 1, 1, 1, 1, 1, 1, 1, 1, 1, 1, 1, 1, 1, 1, 1, 1]"
22611346_gab,now would not that be a hilarious turn of events maybe even immigrants wanting to leave since their welfare slaves are not working at the fields,normal,"[0, 0, 0, 0, 0, 0, 0, 0, 0, 0, 1, 1, 1, 1, 1, 1, 1, 1, 1, 1, 1, 1, 1, 1, 1, 1]"
1178656914567258112_twitter,anime culture has created a new generation of weeboos where black and white kids gonna have ching chong names cuz their stupid ass parents like ching chong cartoons,hatespeech,"[0, 0, 0, 0, 0, 0, 0, 0, 0, 0, 0, 0, 0, 0, 0, 0, 1, 1, 0, 0, 0, 0, 0, 0, 0, 1, 1, 0]"
1179103371560718336_twitter,i am such a slut for fresh bedding,offensive,"[0, 0, 0, 0, 1, 0, 0, 0]"
1168047167518306304_twitter,<user> shocking that account did not want immigrants speaking for themselves if it did not conform to their world view,normal,"[0, 0, 0, 0, 0, 0, 0, 0, 0, 0, 0, 0, 0, 0, 0, 0, 0, 0, 0, 0]"
1178982358592217091_twitter,confirmation having nazi europol and the faggot creating mashup of nazi judges and stateattourneys with militery personal keeping them artificial alive aswell dr greatings hysteric braindammage for domesticationel submission,offensive,"[0, 0, 0, 0, 0, 0, 1, 0, 0, 0, 0, 0, 0, 0, 0, 0, 0, 0, 0, 0, 0, 0, 0, 0, 0, 0, 0, 0, 0]"
1178604936851886080_twitter,whatever white people do asians dont have to follow,normal,"[0, 0, 0, 0, 0, 0, 0, 0, 0]"
17991896_gab,pussy nigger loving loser,hatespeech,"[1, 1, 0, 1]"
1179035867383398400_twitter,if you black and you keep screaming that ghetto you are what wrong with this country not white people,normal,"[0, 0, 0, 0, 0, 0, 0, 0, 0, 0, 0, 0, 0, 0, 0, 0, 0, 0, 0]"
16277244_gab,i know both and who cares if they are born into wealth i also will not be showing a mongrel wetback my taxes so we will never know if you are making more than me cultural appropriation is never pretty on brownies,hatespeech,"[0, 0, 0, 0, 0, 0, 0, 0, 0, 0, 0, 0, 0, 0, 0, 0, 0, 0, 0, 1, 1, 0, 0, 0, 0, 0, 0, 0, 0, 0, 0, 0, 0, 0, 0, 0, 0, 0, 0, 0, 0, 1]"
1228019515553918976_twitter,<user> how will you stop the foreign interference of illegal immigrants voting then,normal,"[0, 0, 0, 0, 0, 0, 0, 0, 0, 0, 0, 0, 0]"
16617631_gab,lol well they apparently do not like asians as a minority i guess,normal,"[0, 0, 0, 0, 0, 0, 0, 0, 0, 0, 0, 0, 0]"
14829257_gab,as long as you know niggers and blacks are not the same like immigrant and illegal immigrant are not the same do not sweat it cnn can not differentiate either go watch some tommy sotomayor and get educated,hatespeech,"[0, 0, 0, 0, 0, 1, 1, 1, 0, 0, 0, 0, 0, 1, 1, 1, 1, 0, 0, 0, 0, 0, 0, 0, 0, 0, 0, 0, 0, 0, 0, 0, 0, 0, 0, 0, 0, 0]"
1178732930614595584_twitter,lmfao the passenger in they car is trying to file another claim in they neck and back 😭 😭 😭 😭 u niggers are so predictable make me sick,normal,"[0, 0, 0, 0, 0, 0, 0, 0, 0, 0, 0, 0, 0, 0, 0, 0, 0, 0, 0, 0, 0, 0, 1, 0, 0, 0, 1, 1, 1]"
26905576_gab,but bakers can not turn down a couple shit stirring queers over a wedding cake,hatespeech,"[0, 0, 0, 0, 0, 0, 0, 1, 1, 1, 1, 0, 0, 0, 0]"
14909835_gab,these mentally ill females deserve to be banished dropped off in a negroid ghetto after midnight naturesjustice,hatespeech,"[0, 1, 1, 1, 1, 1, 1, 1, 1, 1, 1, 1, 1, 1, 1, 1, 0]"
1178799384886235138_twitter,and luiz still had at least two retard moments that could ve led to a goal,normal,"[0, 0, 0, 0, 0, 0, 0, 1, 0, 0, 0, 0, 0, 0, 0, 0]"
1161241435313545217_twitter,taehyung get out my zone bitch,offensive,"[0, 0, 0, 0, 0, 1]"
17504224_gab,today in <number> the great inventor nikola tesla died he was an immigrant america can be proud of i wonder what inventions the muslim refugees bring oh yeah a clock,hatespeech,"[0, 0, 0, 0, 0, 0, 0, 0, 0, 0, 0, 0, 0, 0, 0, 0, 0, 0, 0, 1, 1, 1, 1, 1, 1, 1, 0, 0, 0, 0]"
9746964_gab,true no substitute for a pillow princess pussy but a good cocksucking sissy is not without her merits too just gotta show who boss and keep medical records especially now that the healthcare system getting gutted again grab a medical slut before they are all gone,offensive,"[1, 1, 1, 1, 1, 1, 1, 1, 1, 1, 1, 1, 1, 1, 1, 1, 1, 1, 1, 1, 1, 1, 1, 1, 1, 1, 1, 1, 1, 1, 1, 1, 1, 1, 1, 1, 1, 1, 1, 1, 1, 1, 1, 1, 1, 1]"
19739987_gab,flipping channels hit on this wwe wtf is this like gay soft porn,offensive,"[0, 0, 0, 0, 0, 0, 1, 1, 1, 1, 1, 1, 1]"
15739905_gab,this is what happens when you let alt troasties think they are allowed to have opinions they suddenly get the idea that fucking niggers is ok as long as they do not do it anymore how many nigger dicks have you sucked before whore,hatespeech,"[0, 0, 0, 0, 0, 0, 0, 0, 0, 0, 0, 0, 0, 0, 0, 0, 0, 0, 0, 0, 0, 0, 1, 1, 0, 0, 0, 0, 0, 0, 0, 0, 0, 0, 0, 1, 1, 1, 1, 1, 1, 1, 1, 1]"
16944925_gab,huge wave of sexual harassment claims about to hit congress — hard jacob novak,normal,"[0, 0, 0, 0, 0, 0, 0, 0, 0, 0, 0, 0, 0, 0]"
16537620_gab,sad but true in my state pitbull owners are usually in the ghetto or barrio i e black hispanic gangbangers or out in the boondocks trailer parks doped up white trash tweakers juggalos crim bikers pitbull ownership is highly correlated with having a felony record and or drug habit,offensive,"[0, 0, 0, 0, 0, 0, 0, 0, 0, 0, 0, 0, 1, 0, 0, 0, 0, 1, 1, 1, 0, 0, 0, 0, 0, 0, 0, 1, 1, 1, 1, 1, 1, 1, 1, 0, 0, 0, 0, 0, 0, 0, 0, 0, 0, 0, 0, 0, 0]"
23888587_gab,its the jews tucker carlson the mother fucking jews that want war beyween the u.s. and russia say it you kike sucker,offensive,"[0, 0, 0, 0, 0, 1, 1, 1, 1, 1, 1, 1, 1, 1, 1, 1, 1, 0, 0, 0, 1, 0]"
25953687_gab,you are using a straw man here with your statement blame jews for everything that ails you which is lazy you should be able to debate the actual position not just the caricature of it,normal,"[1, 1, 1, 1, 1, 1, 1, 1, 1, 1, 1, 1, 1, 1, 1, 1, 1, 1, 1, 1, 0, 0, 0, 0, 0, 0, 0, 0, 0, 0, 0, 0, 0, 0, 0]"
1082557328266801152_twitter,i ate dan because it raped me on minecraft,normal,"[0, 0, 0, 0, 0, 0, 0, 0, 0]"
16976936_gab,go live with your beloved niggers should be the only response to this kind of shit from now on oh u hate white ppl do u live in a shitty ghetto with blacks y not,hatespeech,"[0, 0, 0, 0, 0, 1, 0, 0, 0, 0, 0, 0, 0, 0, 0, 0, 0, 0, 0, 0, 0, 0, 0, 0, 1, 1, 1, 1, 1, 1, 1, 1, 1, 0, 0]"
1259761465025802240_twitter,<user> and isnt it true that halal requires only a muslim can slaughter the animal,normal,"[0, 0, 0, 0, 0, 0, 0, 0, 0, 0, 0, 0, 0, 0, 0]"
1195804752623415296_twitter,<user> i am one slutty milf and i want to invite you into my taboo home life dm me andy,normal,"[0, 0, 0, 0, 0, 0, 0, 0, 0, 0, 0, 0, 0, 0, 0, 0, 0, 0, 0, 0]"
1116404992456437766_twitter,<user> <user> bc he ’ a white man 💋,normal,"[0, 0, 0, 0, 0, 0, 0, 0, 0]"
19639300_gab,he says that to all the newbies you will know you have elevated in stature here when he wants you raped and murdered he only wants me to fall and break a hip lol i have got a long way to go in heels <user> ‍,normal,"[0, 0, 0, 0, 0, 0, 0, 0, 0, 0, 0, 0, 0, 0, 0, 0, 0, 0, 0, 0, 0, 0, 0, 0, 0, 0, 0, 0, 0, 0, 0, 0, 0, 0, 0, 0, 0, 0, 0, 0, 0, 0, 0, 0, 0, 0]"
11114636_gab,<user> if we avoid the brown mutt path i think humanity has to speciate the west and asians are too far ahead of the others you will always end up with a high level of segregation and discord mixing the lower populations and the gap is only accelerating,offensive,"[0, 0, 0, 0, 0, 1, 1, 0, 0, 0, 0, 0, 0, 0, 0, 0, 0, 0, 0, 0, 0, 0, 0, 0, 0, 0, 0, 0, 0, 0, 0, 0, 0, 0, 0, 0, 0, 0, 0, 0, 0, 0, 0, 0, 0, 0, 0, 0]"
1179075591871463424_twitter,<user> we dont have a coherent refugee policy when we have such high levels of poverty should state resources be expended on our own poor people instead of poor people who arent even our citizens,normal,"[0, 0, 0, 0, 0, 0, 0, 0, 0, 0, 0, 0, 0, 0, 0, 0, 0, 0, 0, 0, 0, 0, 0, 0, 0, 0, 0, 0, 0, 0, 0, 0, 0, 0, 0]"
22575269_gab,well at least the mudslimes occasionally get it right now if they could just ramp it up by about <number> million,offensive,"[0, 0, 0, 0, 1, 0, 0, 0, 0, 0, 0, 0, 0, 0, 0, 0, 0, 0, 0, 0, 0]"
1162719403194159105_twitter,<user> you ’ re a retard,normal,"[0, 0, 0, 0, 0, 1]"
1179092060823003137_twitter,<user> <user> this is the first time a man speaking on rape culture is not lecturing women with tips on how to get raped less keep calling out your predator friends your family your teachers your bosses that the first step,normal,"[0, 0, 0, 0, 0, 0, 0, 0, 0, 0, 0, 0, 0, 0, 0, 0, 0, 0, 0, 0, 0, 0, 0, 0, 0, 0, 0, 0, 0, 0, 0, 0, 0, 0, 0, 0, 0, 0, 0, 0, 0]"
14781705_gab,alwaleed bankrolled georgetown islamaphobia program he is also the raghead cocksucker who toured ground zero in <number> <number> with what giuliani described as a smirk on his face alwaleed went on to blame the carnage on u.s. foreign policy giuliani then tore up the check for <number> million he donated,hatespeech,"[0, 0, 0, 0, 0, 0, 0, 0, 0, 1, 1, 0, 0, 0, 0, 0, 0, 0, 0, 0, 0, 0, 0, 0, 0, 0, 0, 0, 0, 0, 0, 0, 0, 0, 0, 0, 0, 0, 0, 0, 0, 0, 0, 0, 0, 0, 0, 0, 0, 0]"
1179071818617049091_twitter,i hate white boys i hate white boys i hate white boys i hate white boys i hate white boys i hate white boys i hate white boys i hate white boys i,hatespeech,"[1, 1, 1, 1, 1, 1, 1, 1, 1, 1, 1, 1, 1, 1, 1, 1, 1, 1, 1, 1, 1, 1, 1, 1, 1, 1, 1, 1, 1, 1, 1, 1, 1]"
25858883_gab,fuck you you fucking faggot degenerated kike parasite anti white c we are going to wipe you from the face of this earth you better pray there is not a war soon,hatespeech,"[0, 0, 0, 1, 1, 1, 1, 1, 0, 0, 0, 0, 0, 1, 1, 1, 1, 1, 1, 1, 0, 0, 0, 0, 0, 0, 0, 0, 0, 0, 0, 0]"
1179094938824265729_twitter,<user> <user> we need encouraging words this administration has made ameria one of the shithole countries please stop this insanity,offensive,"[0, 0, 0, 0, 0, 0, 0, 0, 0, 0, 0, 0, 0, 0, 1, 1, 0, 0, 0, 0]"
1178775497163055106_twitter,<user> this is a win for the dykes,normal,"[0, 0, 0, 0, 0, 0, 0, 0]"
18490131_gab,ah k white nationalism is perfect and infallible and you are a cuck faggot who takes it up the ass from blacks if you disagree in any way that seems to cover it,hatespeech,"[0, 0, 0, 0, 0, 0, 0, 0, 0, 1, 1, 1, 1, 1, 0, 0, 0, 0, 0, 1, 1, 1, 0, 0, 0, 0, 0, 0, 0, 0, 0, 0, 0]"
1185551143167913984_twitter,at that time there was also one young homosexual male prostitute riding in the boat,normal,"[0, 0, 0, 0, 0, 0, 0, 0, 0, 0, 0, 0, 0, 0, 0]"
1179060731695771648_twitter,<user> invoking the castle doctrine to justify indiscriminate white violence against black people was a little too on the nose i guess,normal,"[0, 0, 0, 0, 0, 0, 0, 0, 0, 0, 0, 0, 0, 0, 0, 0, 0, 0, 0, 0, 0, 0]"
14701516_gab,cant wait for tesco ramadam t v advert it will probably feature a group of white men in a pub drinking alcohol gambling which would represent ramadam as much as hijab wearing moslem women do in tesco current christmas advert,normal,"[0, 0, 0, 0, 0, 0, 0, 0, 0, 0, 0, 0, 0, 0, 0, 0, 0, 0, 0, 0, 0, 0, 0, 0, 0, 0, 0, 0, 0, 0, 0, 0, 0, 0, 0, 0, 0, 0, 0, 0]"
13756411_gab,and the creep is dead one less mudslime is a good thing,hatespeech,"[0, 0, 1, 1, 1, 0, 0, 1, 0, 0, 0, 0]"
1178755514957737984_twitter,<user> look at the article harry wrote listen to his words racism was apart of what he said white british orgz dominating africansvand their resources is wrong read the article,normal,"[0, 0, 0, 0, 0, 0, 0, 0, 0, 0, 0, 0, 0, 0, 0, 0, 0, 0, 0, 0, 0, 0, 0, 0, 0, 0, 0, 0, 0, 0]"
22312716_gab,exodus the kike foundational lie before the holohoax <number> jew men plus all wives children animals so millions tramping through a small desert prior people had crossed for <number> yrs yet they are lost <number> years zero evidence bs all things jew are <percent> lie twisted beyond reality or total fiction,hatespeech,"[0, 1, 1, 1, 1, 1, 1, 1, 0, 0, 0, 0, 0, 0, 0, 0, 0, 0, 0, 0, 0, 0, 0, 0, 0, 0, 0, 0, 0, 0, 0, 0, 0, 0, 0, 0, 0, 0, 0, 1, 1, 1, 1, 1, 1, 1, 1, 1, 1, 1, 1]"
27816916_gab,libtards are in denial that there is a mass global migration happening they have learned taqiyya quite well from their moslem overlords,hatespeech,"[1, 0, 0, 0, 0, 0, 0, 0, 0, 0, 0, 0, 0, 0, 0, 1, 0, 0, 0, 0, 1, 1]"
1089941857667293184_twitter,no really would this retarded oaf that claims to be my father just hurry up and have a heart attack ¿ ¿ ¿ ¿ ¿ ¿ ¿ ¿,normal,"[0, 0, 0, 0, 0, 0, 0, 0, 0, 0, 0, 0, 0, 0, 0, 0, 0, 0, 0, 0, 0, 0, 0, 0, 0, 0, 0, 0]"
11597526_gab,to write about leftism without mentioning jews is as absurd as writing about milk but not mentioning cows yet it done all the time,hatespeech,"[0, 0, 0, 0, 0, 0, 1, 0, 0, 1, 0, 0, 0, 0, 0, 0, 0, 0, 0, 0, 0, 0, 0, 0]"
6841335_gab,lmao full retard once trump does <number> small limited thing you do not like because you are a fucking dumb monkey that does not understand why he did it,offensive,"[0, 0, 1, 1, 1, 1, 1, 1, 1, 1, 1, 1, 1, 1, 1, 1, 1, 1, 1, 1, 1, 1, 1, 1, 1, 1, 1, 1, 1]"
5769043_gab,next weeks stephan molyneux shows will be titled coons are they even the same species and the truth about drowning picaninies in a bucket,hatespeech,"[0, 0, 0, 0, 0, 0, 0, 0, 1, 1, 1, 1, 1, 1, 1, 0, 0, 1, 1, 1, 1, 1, 1, 1]"
1179098610325164032_twitter,<user> <user> <user> <user> hebanna white person 🤣 🤣,normal,"[0, 0, 0, 0, 0, 0, 0, 0, 0]"
1118341460657459200_twitter,grown men subtweeting like bitches,offensive,"[0, 0, 0, 0, 1]"
1142348868228669440_twitter,niggers can not summon tulpas,hatespeech,"[1, 0, 0, 0, 0]"
1188543871350984705_twitter,hate when females try so hard to be niggas,normal,"[0, 0, 0, 0, 0, 0, 0, 0, 0]"
12632852_gab,lebron the nigger is a friggin moron his friends can barely read and write,hatespeech,"[1, 1, 1, 1, 1, 1, 1, 0, 0, 0, 1, 1, 0, 1]"
1179021420971593728_twitter,the most youtube thing ever obnoxious white dude defending himself from another more obnoxious white dude re making holocaust jokes while intentionally pronouncing holocaust wrong so he can retain monetization,normal,"[0, 0, 0, 0, 0, 0, 0, 0, 0, 0, 0, 0, 0, 0, 0, 0, 0, 0, 0, 0, 0, 0, 0, 0, 0, 0, 0, 0, 0, 0]"
13441576_gab,whats a <number> year old nigger doing on campus,hatespeech,"[0, 0, 0, 0, 0, 1, 0, 0, 0]"
23229055_gab,<number> years old brazilian neonazi stabbed a nigger at school for criticizing his racist beliefs and threatening him classmates say he likes to draw swastikas everywhere and make references to the kk the hero we deserve,hatespeech,"[0, 0, 0, 0, 0, 0, 0, 1, 0, 0, 0, 0, 0, 0, 0, 0, 0, 0, 0, 0, 1, 1, 1, 1, 1, 1, 1, 1, 1, 1, 1, 1, 0, 0, 0, 0]"
1721543_gab,if you think a sand nigger getting her hood pulled down is bad then you d freak out seeing what sand niggers in her own country would be doing to her right now,hatespeech,"[0, 0, 0, 0, 1, 1, 0, 0, 0, 0, 0, 0, 0, 0, 0, 0, 0, 0, 0, 0, 1, 1, 0, 0, 0, 0, 0, 0, 0, 0, 0, 0, 0]"
2458854_gab,all white people can do is impotently whine when their children are getting raped by the muslim conquerors they deserve rape and murder weaklings die out,normal,"[0, 0, 0, 0, 0, 0, 0, 0, 0, 0, 0, 0, 0, 0, 0, 0, 0, 0, 0, 0, 0, 0, 0, 0, 0, 0]"
17446936_gab,don t talk shite kike moslems are less than <number> percent americas fucked plus we never had a kenyan leader an you say you re a white country you are not even white you1re jewish,offensive,"[0, 0, 0, 0, 1, 1, 1, 1, 1, 1, 1, 0, 0, 0, 0, 0, 0, 0, 0, 0, 0, 0, 0, 0, 0, 0, 0, 0, 0, 1, 1, 1, 1, 1, 1]"
11217945_gab,of course as a savage moslem she wants to make islamic conquest easier,hatespeech,"[0, 0, 0, 0, 1, 1, 0, 0, 0, 0, 0, 0, 0]"
17096206_gab,since the day pak muslims set foot in the uk they have been raping white children young white lads defended their females and were called paki bashers and nazis unfairly i want pak community deported all of them theyre all in it encouraged by family,hatespeech,"[0, 0, 0, 1, 1, 1, 1, 1, 1, 1, 1, 1, 1, 1, 1, 1, 0, 0, 0, 0, 0, 0, 0, 0, 0, 1, 1, 0, 0, 0, 1, 1, 1, 1, 1, 0, 0, 0, 0, 0, 0, 0, 0, 0, 0]"
14307431_gab,sigrid is cold man she be like viking or gtfo yeezus even i tolerate ghetto niggers from time to time,hatespeech,"[0, 0, 0, 0, 0, 0, 0, 0, 0, 0, 0, 1, 1, 1, 1, 1, 1, 1, 1, 1]"
1179010129318072321_twitter,<user> only extreme examples of i can think of is white australia and bengal feminine but we did not created the famine on purpose,normal,"[0, 0, 0, 0, 0, 0, 0, 0, 0, 0, 0, 0, 0, 0, 0, 0, 0, 0, 0, 0, 0, 0, 0, 0]"
16929027_gab,guerilla warfare accomplishes nothing you can never hope to win — cia nigger sam francis really kike boy,hatespeech,"[0, 0, 0, 0, 0, 0, 0, 0, 0, 0, 0, 1, 1, 1, 1, 0, 1, 1]"
26895042_gab,white boy anyway seems like this was the mythical black unicorn living in a house with his woman and their own kids now thanks to the beaner lopez where are americans going to find another black unicorn,hatespeech,"[0, 0, 0, 0, 0, 0, 0, 0, 0, 0, 0, 0, 0, 0, 0, 0, 0, 0, 0, 0, 0, 0, 0, 0, 0, 0, 1, 0, 0, 0, 0, 0, 0, 0, 0, 0, 0]"
1179020387075706880_twitter,<user> <user> are they considered refugees if they broke the law before the storm not trolling genuinely curious about when the refugee status is applied,normal,"[0, 0, 0, 0, 0, 0, 0, 0, 0, 0, 0, 0, 0, 0, 0, 0, 0, 0, 0, 0, 0, 0, 0, 0, 0]"
19658982_gab,this is what <number> years of kike brainwashing does to white kids sad,offensive,"[0, 0, 0, 0, 0, 0, 1, 1, 1, 1, 1, 1, 0]"
20714423_gab,like that terrible violence of the american revolution that stopped the red coats from taking american guns we need to stop glorifying self defense and protect the lives and feelings of criminals,normal,"[0, 0, 0, 0, 0, 0, 0, 0, 0, 0, 0, 0, 0, 0, 0, 0, 0, 0, 0, 0, 0, 0, 0, 0, 0, 0, 0, 0, 0, 0, 0, 0]"
25906761_gab,totally ruined by using a soyboy entertainer married to a kike instead of rowdy roddy piper,hatespeech,"[0, 0, 0, 0, 0, 0, 0, 0, 0, 0, 1, 0, 0, 0, 0, 0]"
1178749207898836992_twitter,i am not off you all dykes but it monday so i ain t worried about you all today,normal,"[0, 0, 0, 0, 0, 0, 1, 0, 0, 0, 0, 0, 0, 0, 0, 0, 0, 0, 0]"
1178309831289184256_twitter,still thinking bout how camila was on x factor calling 5 h her sisters but in facebook making fun of the other girls with her friend calling them niggers i will dsl her clown nose 🤡,normal,"[0, 0, 0, 0, 0, 0, 0, 0, 0, 0, 0, 0, 0, 0, 0, 0, 0, 0, 0, 0, 0, 0, 0, 0, 0, 0, 0, 0, 0, 0, 0, 0, 0, 0, 0, 0]"
9140891_gab,shit i have just raped a <number> year old i think i have to tell the people that allah told me to do it and that how islam was born,hatespeech,"[1, 0, 0, 1, 1, 1, 1, 1, 1, 0, 0, 0, 0, 0, 1, 1, 1, 1, 1, 1, 1, 1, 1, 1, 0, 1, 1, 1, 1, 1]"
1178190727987118080_twitter,bruhh their outfits for kcon are all white yes it suits them 🤙 ❤,normal,"[0, 0, 0, 0, 0, 0, 0, 0, 0, 0, 0, 0, 0, 0]"
3481361_gab,did you know that mohammad merely converted a whopping <number> arabs to islam over a <number> year period i would label that as an epic failure islams growth was purely through terror jihad hijra conquest,offensive,"[1, 1, 1, 1, 1, 1, 1, 1, 1, 1, 1, 1, 1, 1, 1, 1, 1, 1, 1, 1, 1, 1, 1, 1, 1, 1, 1, 1, 1, 1, 1, 1, 1, 1, 1]"
1179100789329018880_twitter,<user> asking for documentation is not harassment if you can not do your job find another job,normal,"[0, 0, 0, 0, 0, 0, 0, 0, 0, 0, 0, 0, 0, 0, 0, 0, 0]"
19326578_gab,loretta lynch some white in her woodpile remember when she addressed muslims in america i will protect your rights what about the rights of americans not to be raped and abused by islam just another token tutsoon,hatespeech,"[1, 1, 1, 1, 1, 1, 1, 1, 1, 1, 1, 1, 1, 1, 1, 1, 1, 1, 1, 1, 1, 1, 1, 1, 1, 1, 1, 1, 1, 1, 1, 1, 1, 0, 0, 0, 0]"
1178842875490131968_twitter,<user> this illegal alien just raped a child luciano trejo dominguez <number>,normal,"[0, 0, 0, 0, 0, 0, 0, 0, 0, 0, 0, 0]"
13565733_gab,is it gonna be you you said they offered to let you be in playboy in the <number> maybe they are not ready for a kike whose make up makes her look like a neanderthal painted up as a shemale rodeo clown <user>,hatespeech,"[0, 0, 0, 0, 0, 0, 0, 0, 0, 0, 0, 0, 0, 0, 0, 0, 0, 0, 0, 0, 0, 0, 0, 0, 0, 1, 0, 0, 0, 1, 1, 1, 1, 1, 1, 1, 1, 1, 1, 1, 1, 1, 0]"
11648559_gab,aw i was hoping it was the owner of salon not some chink you owns a salon <sad>,offensive,"[0, 0, 0, 0, 0, 0, 0, 0, 0, 0, 0, 0, 1, 0, 0, 0, 0, 0]"
1196096063813365760_twitter,<user> is not this guy gay,normal,"[0, 0, 0, 0, 0, 1]"
17843410_gab,i noticed in this sting operation video the brown third worlder who was unabashed about banning right wingers is an indian its very embarassing for us indians in india when these dumbfucks go to usa settle there and then decide to backstab white majority by spewing venom against them kick them out,offensive,"[0, 0, 0, 0, 0, 0, 0, 0, 1, 1, 1, 0, 0, 0, 0, 0, 0, 0, 0, 0, 0, 0, 0, 0, 0, 0, 0, 0, 0, 0, 0, 1, 0, 0, 0, 0, 0, 0, 0, 0, 0, 1, 1, 1, 1, 1, 1, 1, 1, 1, 1, 1]"
1179001191361056768_twitter,if anyone is thinking about getting a white car please do not keeping this shit clean is a fucking hassle,normal,"[0, 0, 0, 0, 0, 0, 0, 0, 0, 0, 0, 0, 0, 0, 0, 0, 0, 0, 0, 0]"
1179089265038249984_twitter,<user> <user> ok i admit the tractor looks like a muzzie nuni rest all 😍,normal,"[0, 0, 0, 0, 0, 0, 0, 0, 0, 0, 0, 0, 0, 0, 0]"
26822908_gab,ms <number> and arabs pouring into the us from the south,normal,"[1, 1, 1, 1, 1, 1, 1, 1, 1, 1, 1]"
23672739_gab,that two nazi faggot scalps you are next,hatespeech,"[1, 1, 1, 1, 1, 1, 1, 1]"
1178570489926733826_twitter,<user> <user> tweet about illegal immigrants or muslim terrorists they will be round in <number> minutes,normal,"[0, 0, 0, 0, 0, 0, 0, 0, 0, 0, 0, 0, 0, 0, 0, 0]"
15555036_gab,yeh true but they have been moslem for a long time without bothering jews the jews living in palestine before <number> had good relations to them and even afterwards they thought that would continue to be the case under the genocide started <user>,normal,"[0, 0, 0, 0, 0, 0, 0, 0, 0, 0, 0, 0, 0, 0, 0, 0, 0, 0, 0, 0, 0, 0, 0, 0, 0, 0, 0, 0, 0, 0, 0, 0, 0, 0, 0, 0, 0, 0, 0, 0, 0, 0, 0]"
1104884258601136128_twitter,shoenice is a legend,normal,"[0, 0, 0, 0]"
12414338_gab,hardly whitesharia is not sandnigger sharia the latter is a cheap knockoff of the former aryans have been patriarchal since before they poured out of the ukraine to conquer europe india and the near east,offensive,"[0, 1, 1, 1, 1, 1, 1, 1, 1, 1, 1, 1, 1, 1, 1, 1, 0, 0, 0, 0, 0, 0, 0, 0, 0, 0, 0, 0, 0, 0, 0, 0, 0, 0, 0]"
1179021470602653697_twitter,<user> <user> seb gorka should be deported for being complicit to treason and spreading white supremacy inciting violence,normal,"[0, 0, 0, 0, 0, 0, 0, 0, 0, 0, 0, 0, 0, 0, 0, 0, 0, 0]"
1179089211565232128_twitter,<user> <user> <user> <user> seriously what going on in minnesota illinois california new york is putting people in danger young girls and boys are being raped and murdered these politicians have a lot to be accounting for because they are killing their citizens,normal,"[0, 0, 0, 0, 0, 0, 0, 0, 0, 0, 0, 0, 0, 0, 0, 0, 0, 0, 0, 0, 0, 0, 0, 0, 0, 0, 0, 0, 0, 0, 0, 0, 0, 0, 0, 0, 0, 0, 0, 0, 0, 0, 0]"
20121173_gab,<user> when are we going coon bashing,hatespeech,"[0, 0, 0, 0, 1, 1, 1]"
1178912016574160896_twitter,thank you douglas murray for this interesting observation about google type in black or asian couples under images you get just that type in white couples you will get everything but you have got to hide your racism better google,normal,"[0, 0, 0, 0, 0, 0, 0, 0, 0, 0, 0, 0, 0, 0, 0, 0, 0, 0, 0, 0, 0, 0, 0, 0, 0, 0, 0, 0, 0, 0, 0, 0, 0, 0, 0, 0, 0, 0, 0, 0]"
1178637505710583810_twitter,stoked for civil war part deux redneck revenge this week,offensive,"[0, 0, 0, 0, 0, 0, 1, 1, 0, 0]"
1208228_gab,hillary is for women the following could not be reached for comment yazidi girls aborted girl babies syrian women and girls abandoned by their men we cannot print the comments of jones willey broaddrick etc dirtyhillary neverhillary,normal,"[0, 0, 0, 0, 0, 0, 0, 0, 0, 0, 0, 0, 0, 0, 0, 0, 0, 0, 0, 0, 0, 0, 0, 0, 0, 0, 0, 0, 0, 0, 0, 0, 0, 0, 0, 0, 0]"
20427890_gab,he called me a pig when i asked question lol he has no answer its just typical yid technique believe me even i lie otherwise it anti semitic,hatespeech,"[0, 0, 0, 0, 0, 0, 0, 0, 0, 0, 0, 0, 0, 0, 0, 0, 1, 1, 1, 0, 0, 0, 0, 0, 0, 0, 0, 0]"
1178589373513764864_twitter,<user> <user> lol na dem faggot gang 🤣 🤣 🤣 🤣 🤣,offensive,"[1, 1, 0, 0, 0, 0, 0, 0, 0, 0, 0, 0]"
1179105552162529280_twitter,<user> lmao cos you think a white person can do a better job than a black man,normal,"[0, 0, 0, 0, 0, 0, 0, 0, 0, 0, 0, 0, 0, 0, 0, 0, 0]"
24760322_gab,the flag of the maga fags in all it glory it comes with nigger red shoes too,hatespeech,"[0, 0, 0, 0, 0, 1, 0, 0, 0, 0, 0, 0, 0, 1, 0, 0, 0]"
8139529_gab,why do not the fucking sand niggers adapt,hatespeech,"[0, 0, 0, 0, 1, 1, 1, 0]"
13884037_gab,are not you the guy who wrote an article about the alt right and used a <number> year old picture of <number> goobers from the american nazi party as a caption seems pretty hackish to me,offensive,"[0, 0, 0, 0, 0, 0, 0, 0, 0, 0, 0, 0, 0, 0, 0, 0, 1, 1, 1, 1, 1, 1, 1, 1, 1, 1, 1, 0, 0, 0, 0, 0, 0, 1, 0, 0]"
1238620975404474368_twitter,one of my old hoes hit my phone and he really think he slick sir it ’ been months 😒 im tryna link tho 😂 😂 😂,normal,"[0, 0, 0, 0, 0, 0, 0, 0, 0, 0, 0, 0, 0, 0, 0, 0, 0, 0, 0, 0, 0, 0, 0, 0, 0, 0, 0]"
16139700_gab,all sand niggers,hatespeech,"[0, 1, 1]"
18011856_gab,mean iq beaner <number>,hatespeech,"[1, 1, 1, 1]"
20619668_gab,the very media that got trump elected is now under concerted attack by democrats and leftist media and corporations with lies slander demonetizing and false accusations this nazi tactic has to be stood up against and stopped just watch all the election fraud by the left in the midterms,normal,"[0, 0, 0, 0, 0, 0, 0, 0, 0, 0, 0, 1, 1, 1, 1, 1, 1, 1, 1, 0, 1, 1, 1, 1, 1, 1, 1, 1, 1, 0, 0, 0, 0, 0, 0, 0, 0, 0, 0, 0, 0, 0, 0, 0, 0, 0, 0, 0, 0]"
26523675_gab,as long as women are in the game it nice to have some intelligent ones but like the homosexuals you will never get that cat back in the bag obama knew that,offensive,"[1, 1, 1, 1, 1, 1, 1, 1, 1, 1, 1, 1, 1, 1, 1, 1, 1, 1, 1, 1, 1, 1, 1, 1, 1, 1, 1, 1, 1, 1, 1, 1]"
1178880886495838208_twitter,im on the wather,normal,"[0, 0, 0, 0]"
1178896558189727744_twitter,who wanna be dykes in luv,normal,"[0, 0, 0, 0, 0, 0]"
21593945_gab,four moslem mp have been sent suspicious packages their acting like its something to worry about they need to chill out its just parcel parcel of life in a multicultural shit hole i am sure mayor khan would agree inshallah,normal,"[0, 0, 0, 0, 0, 0, 0, 0, 0, 0, 0, 0, 0, 0, 0, 0, 0, 0, 0, 0, 0, 0, 0, 0, 0, 0, 0, 0, 0, 0, 0, 0, 0, 0, 0, 0, 0, 0, 0, 0]"
1179063618803032070_twitter,<user> <user> could not own property could not draw wills could be legally raped by their husbands and i will not even get into rights of black women or lack there of rather,normal,"[0, 0, 0, 0, 0, 0, 0, 0, 0, 0, 0, 0, 0, 0, 0, 0, 0, 0, 0, 0, 0, 0, 0, 0, 0, 0, 0, 0, 0, 0, 0, 0, 0]"
23316682_gab,why did you delete my replies are you afraid of the truth you dirty wetback <user>,hatespeech,"[0, 0, 0, 0, 0, 0, 0, 0, 0, 0, 0, 0, 1, 1, 1, 0]"
1242862855390736385_twitter,<user> <user> tell her to fuck off what the hell is she doing posing as a rabbi vile common shit bitch,hatespeech,"[0, 0, 0, 0, 0, 1, 1, 0, 0, 0, 0, 0, 0, 0, 0, 0, 1, 1, 1, 1, 1]"
1241797766420074496_twitter,<user> <user> <number> of uk deaths from covid19 are from the muslim community i wonder why,hatespeech,"[0, 0, 1, 1, 1, 1, 1, 1, 1, 1, 1, 1, 1, 1, 1, 1]"
21015408_gab,ok faggot so azz invented white nationalism how are we gonna pay are you gonna make another post about it,hatespeech,"[0, 1, 1, 1, 1, 1, 1, 0, 0, 0, 0, 0, 0, 0, 0, 0, 0, 0, 0, 0]"
25628690_gab,neo and hank please beware of these kike lovers mark them just as you would make the jew satans messenger in the flesh,hatespeech,"[0, 0, 0, 1, 1, 1, 1, 1, 1, 1, 1, 1, 1, 1, 1, 1, 1, 1, 1, 1, 1, 1, 1]"
23177633_gab,<number> <number> normally when <user> says everyone is completely retarded i assume he just being hyperbolic nope he right completely walking headfirst into the door jamb retarded or maybe just completely fucking infantilized that an alternate possibility,offensive,"[0, 0, 0, 0, 0, 0, 0, 0, 0, 1, 0, 0, 0, 0, 0, 0, 0, 0, 0, 0, 1, 1, 1, 1, 1, 1, 1, 0, 0, 0, 1, 1, 1, 0, 0, 0, 0]"
1179078128670593024_twitter,<user> <user> on the contrary i have seen many a uu congregation piss and moan about racism bigotry all white congregations that is self righteousness is an observable state,normal,"[0, 0, 0, 0, 0, 0, 0, 0, 0, 0, 0, 0, 0, 0, 0, 0, 0, 0, 0, 0, 0, 0, 0, 0, 0, 0, 0, 0, 0]"
1237057972246724614_twitter,<user> <user> why do jews constantly have this dead resentful stonefaced look about their faces,offensive,"[0, 0, 0, 0, 1, 1, 1, 1, 1, 1, 1, 1, 0, 0, 0]"
1171472139720937475_twitter,<user> club diego tho stripper poles stripper hoes,normal,"[0, 0, 0, 0, 0, 0, 0, 0]"
19499335_gab,the offer still stands trigger i carry a large assortment of nooses and blades for your suicide needs <user> triggered faggot maga presidenttrump,hatespeech,"[0, 0, 0, 0, 1, 1, 1, 1, 1, 1, 1, 1, 1, 1, 1, 1, 1, 1, 0, 1, 1, 0, 0]"
1178812675381501957_twitter,<user> you know them white hoes be slow,normal,"[0, 0, 0, 0, 1, 1, 1, 1]"
17121088_gab,we are bringing back the 1 9 4 0 a homogeneous white place a safe place a place where blacks knew their place expect mass mccarthy hearings to root out the commie jew traitors amongst us hey just like you,hatespeech,"[1, 1, 1, 1, 1, 1, 1, 1, 1, 0, 0, 0, 0, 0, 0, 0, 1, 1, 1, 1, 1, 1, 1, 0, 0, 0, 0, 0, 0, 0, 0, 1, 1, 1, 0, 0, 0, 0, 0, 0]"
17739608_gab,how does an area become a ghetto all the white ppl move out,offensive,"[0, 0, 0, 0, 0, 0, 1, 1, 1, 1, 1, 1, 1]"
1213999261685186561_twitter,gays y ’ all be dappin up ur guy friends or giving em hugs 😳 😳 😳,normal,"[0, 0, 0, 0, 0, 0, 0, 0, 0, 0, 0, 0, 0, 0, 0, 0, 0]"
9740830_gab,i deleted mine after 2 nd time fb gave me a time out for posting something they did not like it been four months and while it took about a month to wean myself off of it i do not miss it now it an internet ghetto,normal,"[0, 0, 0, 0, 0, 0, 0, 0, 0, 0, 0, 0, 0, 0, 0, 0, 0, 0, 0, 0, 0, 0, 0, 0, 0, 0, 0, 0, 0, 0, 0, 0, 0, 0, 0, 0, 0, 0, 0, 0, 0, 0, 0, 0, 0, 0, 0]"
1179104577179791360_twitter,<user> andrew johnson impeached failed send every negro back to africa beat as worst president by trump go back places from which they came read jesus turned serapis sermon on the black christ lulu thomas jefferson pimped skydog and the aunt jamama bomb lulu,normal,"[0, 0, 0, 0, 0, 0, 0, 0, 0, 0, 0, 0, 0, 0, 0, 0, 0, 0, 0, 0, 0, 0, 0, 0, 0, 0, 0, 0, 0, 0, 0, 0, 0, 0, 0, 0, 0, 0, 0, 0, 0, 0, 0, 0]"
1118137999185915908_twitter,fuck bitches get money back on my bull shit,normal,"[0, 0, 0, 0, 0, 0, 0, 0, 0]"
21782811_gab,the delighted kikes broke his nose via sand nigger proxy,hatespeech,"[0, 0, 1, 1, 1, 1, 1, 1, 1, 1]"
1168221143062286336_twitter,reason for not supporting homosexuality the bible the bible pride is a sin so called “ christians ” straight pride yeehaw,normal,"[0, 0, 0, 0, 0, 0, 0, 0, 0, 0, 0, 0, 0, 0, 0, 0, 0, 0, 0, 0, 0]"
4636134_gab,given the propensity of refugees to rape starbucks just put their female employees at risk for an ideology,hatespeech,"[1, 1, 1, 1, 1, 1, 1, 1, 1, 1, 1, 1, 1, 1, 1, 1, 1, 1]"
1179098842127650822_twitter,<user> you should support families victims of illegal alien crime but you do not you should fight against abortion but instead you condone it including late term and even after a baby is born what a ghoul you are northam,normal,"[0, 0, 0, 0, 0, 0, 0, 0, 0, 0, 0, 0, 0, 0, 0, 0, 0, 0, 0, 0, 0, 0, 0, 0, 0, 0, 0, 0, 0, 0, 0, 0, 0, 0, 0, 0, 0, 0, 0, 0]"
13204376_gab,another shit thread bumped up by the gab faggot,offensive,"[0, 1, 1, 0, 0, 1, 1, 1, 1]"
1228410640391237632_twitter,you know fuentes is retarded because jf is trying to fuck him so bad,normal,"[0, 0, 0, 0, 1, 0, 0, 0, 1, 1, 1, 1, 0, 0]"
1179089058619940864_twitter,the traffics really bad rn like fuck you too supreme boi i know this so your fault 😔 😔 😔 😔,normal,"[0, 0, 0, 0, 0, 0, 0, 0, 0, 0, 0, 0, 0, 0, 0, 0, 0, 0, 0, 0, 0]"
15244463_gab,if you are a woman who worships the demon god allah then u are blind bc his prophet allowed the rape of non muslim women said that hell is mostly filled with women that women have half the brain of a man why do you worship such an evil god,hatespeech,"[0, 0, 0, 0, 1, 1, 1, 1, 1, 1, 1, 1, 1, 1, 1, 1, 1, 1, 1, 1, 1, 1, 1, 1, 1, 1, 1, 1, 1, 1, 1, 1, 1, 1, 1, 1, 1, 1, 1, 1, 1, 1, 1, 1, 1, 1, 1, 1, 1, 1]"
22341450_gab,i believe she a secret nigger lover,hatespeech,"[0, 0, 0, 0, 0, 1, 1]"
1117092388542001157_twitter,carlson hits the first batter in the shoe bases loaded two outs fly ball to jones in right for out three bottom of four <number> <number>,normal,"[0, 0, 0, 0, 0, 0, 0, 0, 0, 0, 0, 0, 0, 0, 0, 0, 0, 0, 0, 0, 0, 0, 0, 0, 0, 0]"
1230712892049113089_twitter,<user> i am a white boi and i could not agree more sir,normal,"[0, 0, 0, 0, 0, 0, 0, 0, 0, 0, 0, 0, 0]"
1099127429531090946_twitter,i fucking hate you but i love you,offensive,"[1, 1, 1, 1, 0, 0, 0, 0]"
1177597442662879234_twitter,<user> you towel head ass hoed,hatespeech,"[0, 0, 1, 1, 1, 1]"
23500303_gab,more kike propaganda,hatespeech,"[0, 1, 0]"
16319730_gab,the majority of christians are niggers and spics fail,hatespeech,"[0, 0, 0, 0, 0, 1, 1, 1, 0]"
23903588_gab,can not wait to see the raghead after a heart attack with his newly found free healthcare turn down a pig heart valve to stay alive would not be surprised if we have halal certified chicken valves for them instead,hatespeech,"[1, 1, 1, 1, 1, 1, 1, 1, 1, 1, 1, 1, 1, 1, 1, 1, 1, 1, 1, 1, 1, 1, 1, 1, 1, 1, 1, 1, 1, 1, 1, 1, 1, 1, 1, 1, 1, 1, 1, 1]"
1247963586254651393_twitter,ofc we get grief by snow and brook last game fucking retards holy fuck i hate them,hatespeech,"[0, 0, 0, 0, 0, 0, 0, 0, 0, 0, 1, 1, 1, 1, 1, 1, 1]"
1100232293094907904_twitter,tf lebron got mix match shoes on tryna be cute bruh focus on making the ayoffs 😩 🤦 🏽 ‍ ♂ ️,normal,"[0, 0, 0, 0, 0, 0, 0, 0, 0, 0, 0, 0, 0, 0, 0, 0, 0, 0, 0, 0, 0, 0]"
1228649923610103812_twitter,<user> the duffers are too homophobic 😔,normal,"[0, 0, 0, 0, 0, 1, 0]"
1179006612234801153_twitter,if your one of those cunts blocking up the petrol garages so you can get a free costa coffee your a cunt,offensive,"[0, 0, 0, 0, 0, 1, 0, 0, 0, 0, 0, 0, 0, 0, 0, 0, 0, 0, 0, 1, 1, 1]"
1178490118786600966_twitter,i feel sorry for these obviously mentally sick white people who are obviously emotionally and intellectually retarded,normal,"[0, 0, 0, 0, 0, 0, 0, 0, 0, 0, 0, 0, 0, 0, 0, 0, 0]"
16717552_gab,being lorded over by squatamalens and negresses is okay as long as they are from middle america,offensive,"[0, 0, 0, 0, 1, 1, 1, 0, 0, 0, 0, 0, 0, 0, 0, 0, 0]"
20149987_gab,why the second greatest film ever produced after nigger kitty,hatespeech,"[0, 0, 0, 0, 0, 0, 0, 0, 1, 0]"
12438604_gab,no kike jokes,offensive,"[0, 1, 0]"
26739361_gab,from twitter i will allow a white person to call jr smith a nigger tonight it probably not a great thing i care so much about something jr smith can screw up in a few seconds,offensive,"[0, 0, 0, 0, 0, 0, 0, 0, 0, 0, 0, 0, 0, 1, 0, 0, 0, 0, 0, 0, 0, 0, 0, 0, 0, 0, 0, 0, 0, 0, 0, 0, 0, 0, 0, 0]"
1163082929557450753_twitter,i am ⚪ ️ gay ⚪ ️ straight ⚪ ️ pan ⚪ ️ bi ⚪ ️ asexual 🔘 against zoophilia,normal,"[0, 0, 0, 0, 0, 0, 0, 0, 0, 0, 0, 0, 0, 0, 0, 0, 0, 0, 0, 0]"
25678950_gab,no worries the two we do have are certainly mudslime sympathizers,hatespeech,"[0, 0, 0, 0, 0, 0, 0, 0, 0, 1, 1]"
18073241_gab,if someone comes to america legally but then loses their rights after commuting crimes which keeps them incarcerated in american prisons should not they also be deported since they are not protected by the constitution why fill up prisons with immigrants who did not come here for a better life cleanprisons,offensive,"[0, 0, 0, 0, 0, 0, 0, 0, 0, 0, 0, 0, 0, 0, 0, 0, 0, 0, 0, 0, 0, 1, 1, 1, 1, 1, 1, 1, 1, 1, 1, 1, 1, 1, 1, 1, 1, 1, 1, 1, 1, 1, 1, 1, 1, 1, 1, 1, 1, 1, 1]"
1179078342299045889_twitter,<user> no i do not think it touched many women,normal,"[0, 0, 0, 0, 0, 0, 0, 0, 0, 0]"
19603490_gab,make the world a muslim free zone my house and property are muslim and liberal free zones,hatespeech,"[0, 0, 0, 0, 1, 1, 1, 0, 0, 0, 0, 0, 0, 0, 0, 0, 0]"
1179076712824557574_twitter,<user> <user> <user> <user> abortion is not only for when the couple was irresponsible the couple can use condom and still get pregnant but there also cases where females get raped and she does not want to have the baby due trauma but okay i guess,normal,"[0, 0, 0, 0, 0, 0, 0, 0, 0, 0, 0, 0, 0, 0, 0, 0, 0, 0, 0, 0, 0, 0, 0, 0, 0, 0, 0, 0, 0, 0, 0, 0, 0, 0, 0, 0, 0, 0, 0, 0, 0, 0, 0, 0, 0, 0]"
1179052357939712004_twitter,<user> some of me mates play in that division and i must say they all look malnourished 😋,normal,"[0, 0, 0, 0, 0, 0, 0, 0, 0, 0, 0, 0, 0, 0, 0, 0, 0, 0]"
1178917769976389633_twitter,<user> so white trash i love it,normal,"[0, 0, 0, 0, 0, 0, 0]"
12131802_gab,trump is a fucking kike liar,hatespeech,"[0, 0, 0, 1, 1, 1]"
19581918_gab,good points i kike this post very much,hatespeech,"[0, 0, 0, 1, 0, 0, 0, 0]"
1224476813440667649_twitter,“ i identify as a transgender i just don ’ t have the money to do a sex change ” no lol you ’ re just a broke faggot 🤣 🤣,offensive,"[0, 0, 0, 0, 0, 1, 0, 0, 0, 0, 0, 0, 0, 0, 0, 0, 0, 0, 0, 0, 0, 0, 0, 0, 0, 0, 0, 1, 1, 0, 0]"
25240113_gab,what a <number> faced nigger run state you go to jail for running over a fucking turtle in md,hatespeech,"[0, 0, 1, 1, 1, 1, 1, 1, 0, 0, 0, 0, 0, 0, 0, 0, 0, 0, 0]"
5421331_gab,sigh i remember when sanctuary used to mean a sacred space the commies pervert everything with their degeneracy they have already started calling invader mud females beauty queens soon they will call muzzie sex attack migrants chastity angels and pro jihad imams law and order advocates,normal,"[0, 0, 0, 0, 0, 0, 0, 0, 0, 0, 0, 0, 0, 0, 0, 0, 0, 0, 0, 0, 0, 0, 0, 0, 0, 0, 0, 0, 0, 0, 0, 0, 0, 0, 0, 0, 0, 0, 0, 0, 0, 0, 0, 0, 0, 0]"
1085059083827240960_twitter,mcdonald at the white house what more american than that iloveit,normal,"[0, 0, 0, 0, 0, 0, 0, 0, 0, 0, 0]"
1121649873164460034_twitter,bitches gettin brave,normal,"[0, 0, 0]"
22877427_gab,so the blacks are into islamism abuse of the islam for their own political agenda i heard someone say niggers and the muslims are sandniggers is that family,hatespeech,"[0, 0, 1, 1, 1, 1, 0, 0, 0, 0, 0, 0, 0, 0, 0, 0, 0, 0, 0, 1, 1, 1, 1, 1, 1, 0, 0, 0]"
1182692_gab,pence and kaine both look like your uncle but pence is avuncular one and kaine is the creepy gay one mpcstatusupdates,normal,"[0, 0, 0, 0, 0, 0, 0, 0, 0, 0, 0, 0, 0, 0, 0, 0, 0, 1, 1, 0, 0]"
1179040069228720136_twitter,happy birthday rin my funky little lesbian,normal,"[0, 0, 0, 0, 0, 0, 0]"
9162334_gab,check my post from a few days ago i have been watching the retard contest the us navy and airforce have been in for almost <number> years now with no let up,offensive,"[0, 0, 0, 0, 0, 0, 0, 0, 0, 0, 0, 0, 0, 1, 1, 0, 0, 0, 0, 0, 0, 0, 0, 0, 0, 0, 0, 0, 0, 0, 0, 0]"
1201617776940589056_twitter,i like when they pretty and ghetto type of bitch that don ’ t say hello,offensive,"[0, 0, 0, 0, 0, 0, 1, 0, 0, 1, 0, 0, 0, 0, 0, 0]"
18092794_gab,mr homan told the washington times last july that he wanted to see local officials charged as complicit in human smuggling if they shielded illegal immigrants through sanctuary policies please take jerry moonbeam brown away in handcuffs now,normal,"[0, 0, 0, 0, 0, 0, 0, 0, 0, 0, 0, 0, 0, 0, 0, 0, 0, 0, 0, 0, 0, 0, 0, 0, 0, 0, 0, 0, 0, 0, 0, 0, 0, 0, 0, 0, 0, 0]"
1177992951974285312_twitter,a customer told me suck a dick you fucking faggot at work bc i could not have access to his account bc he forgot his password 🤣,normal,"[0, 0, 0, 0, 0, 0, 0, 0, 0, 0, 0, 0, 0, 0, 0, 0, 0, 0, 0, 0, 0, 0, 0, 0, 0, 0, 0]"
23240015_gab,syrian child refugees attempt to convince cynical brits by wearing i am <number> birthday badges,normal,"[0, 0, 0, 0, 0, 0, 0, 0, 0, 0, 0, 0, 0, 0, 0]"
17398393_gab,your idea of compassion is allowing kate steinle killer go free that not compassion it a mental illness let be compassionate to the legal citizens of this country stop funding illegal immigrants stop encouraging lawlessness and build that fucking wall maga gabfam news,normal,"[0, 0, 0, 0, 0, 0, 0, 0, 0, 0, 0, 0, 0, 0, 0, 0, 0, 0, 0, 0, 0, 0, 0, 0, 0, 0, 0, 0, 0, 0, 0, 0, 0, 0, 0, 0, 0, 0, 0, 0, 0, 0, 0]"
12643541_gab,black people are oppressed by their own culture and community blacks need to wake and realize the democrats party is the racist party that uses them for votes the kk democrats have broken up the black family and run the community onto the ghetto plantation to control it youvebeenpunkd,offensive,"[1, 1, 1, 1, 1, 1, 1, 1, 1, 1, 1, 1, 1, 1, 1, 1, 1, 1, 1, 1, 1, 1, 1, 1, 1, 1, 1, 1, 1, 1, 1, 1, 1, 1, 1, 1, 1, 1, 1, 1, 1, 1, 1, 1, 1, 1, 1, 1, 0]"
19603164_gab,maybe they could employ a local moslem instead,normal,"[0, 0, 0, 0, 0, 0, 0, 0]"
17588129_gab,george carlin was probably the very first faggot to inject politics into comedy and pass incessant bitching as hilarious rants,normal,"[0, 0, 0, 0, 0, 0, 0, 0, 0, 0, 0, 0, 0, 0, 0, 0, 0, 0, 0, 0]"
1094503989540843520_twitter,to the fucking asshole that lit off a firework directly behind my house i absolutely fucking hate you you piece of shit,hatespeech,"[0, 0, 1, 1, 0, 0, 0, 0, 0, 0, 0, 0, 0, 1, 1, 1, 1, 1, 1, 1, 1, 1]"
13296171_gab,whatever happened to allegations fox was involved with beaner drug cartels,hatespeech,"[0, 0, 0, 0, 0, 0, 0, 0, 1, 0, 0]"
1179005076536483840_twitter,<user> i definately have to come over and visit soon 😍 😍 😍 i need to be raped by more than one,normal,"[0, 0, 0, 0, 0, 0, 0, 0, 0, 0, 0, 0, 0, 0, 0, 0, 0, 0, 0, 0, 0, 0]"
11968789_gab,most western europeans would rather be killed or raped not a play on words or a euphemism or have their children killed or raped by evil muslim invaders then be called a racist bigot xenophobe or islamaphobe cultural marxism schooling has brain washed them into submissive spineless pussies,hatespeech,"[1, 1, 1, 1, 1, 1, 1, 1, 1, 0, 0, 0, 0, 0, 0, 0, 0, 0, 0, 0, 1, 1, 1, 1, 1, 1, 1, 1, 0, 0, 0, 0, 0, 0, 0, 0, 0, 0, 0, 0, 0, 0, 0, 0, 0, 0, 0, 0]"
10057789_gab,justine mohammed trudeau running the streets wild in toronto at the gay pride ding a ling parade this weekend,offensive,"[0, 0, 0, 0, 0, 0, 0, 0, 0, 0, 0, 1, 0, 1, 1, 1, 0, 0, 0]"
18149971_gab,do not they cut hands or fingers off for theft in sand nigger land we should do that here since they are stealing our country,hatespeech,"[0, 0, 0, 0, 0, 0, 0, 0, 0, 0, 0, 1, 1, 0, 1, 1, 1, 1, 1, 1, 1, 1, 1, 1, 1]"
11953093_gab,george is a faggot,offensive,"[0, 0, 0, 1]"
1178334508317380608_twitter,<user> <user> why does lindsey tweet he posts something dumb and then gets dragged,normal,"[0, 0, 0, 0, 0, 0, 0, 0, 0, 0, 0, 0, 0, 0]"
1178863549692743683_twitter,going to start exercising my constitutional right call people dumb faggots in public,hatespeech,"[0, 0, 0, 0, 0, 0, 0, 0, 0, 1, 1, 0, 0]"
1183022464386904064_twitter,i can not believe this white man called me discriminatory because i would not let him and his entitled family board first lol i can not,normal,"[0, 0, 0, 0, 0, 0, 0, 0, 0, 0, 0, 0, 0, 0, 0, 0, 0, 0, 0, 0, 0, 0, 0, 0, 0, 0]"
18603007_gab,mexico deports more central american illegal immigrants than we do and regulates legal immigration by race canada will not even let someone with a dui enter their country to visit – and you will need a net worth exceeding <number> million if you realistically want residency there i,offensive,"[0, 0, 0, 0, 0, 1, 1, 0, 0, 0, 0, 0, 1, 1, 0, 1, 0, 0, 0, 0, 0, 0, 0, 0, 1, 1, 0, 0, 0, 0, 0, 0, 0, 0, 0, 0, 0, 0, 0, 0, 0, 0, 0, 0, 0, 0, 0, 0]"
1105782686889791488_twitter,boi i thought we was fenna die like a hoe,offensive,"[0, 0, 0, 0, 0, 0, 0, 0, 0, 1]"
22345411_gab,hallelujah qanon dont need queers effing up our military and causing a drain on the budget i dont wanna pay for their mental illness,offensive,"[0, 0, 1, 1, 1, 1, 1, 1, 1, 1, 1, 1, 1, 1, 1, 1, 1, 1, 1, 1, 1, 1, 1, 1]"
3188045_gab,<user> no shit fucking abdully salami towelhead traitor,hatespeech,"[0, 1, 1, 1, 1, 1, 1, 1]"
24367975_gab,all insurgent violence should be aimed at breaking down muh law order by targeting random am nats of every walk of life but especially cops pretty retarded plan imo that affects the system to precisely zero degrees,normal,"[1, 1, 1, 1, 1, 1, 1, 1, 1, 1, 1, 1, 1, 1, 1, 1, 1, 1, 1, 1, 1, 1, 1, 1, 1, 1, 1, 1, 1, 0, 0, 0, 0, 0, 0, 0, 0]"
12734812_gab,my great great granddaddy let his niggers play sports it called whichever nigger picks the most cotton today gets a piece of bacon in his bowl of grits tonight do the touchdown dance nigger,hatespeech,"[0, 1, 1, 1, 1, 1, 1, 1, 1, 0, 0, 1, 1, 1, 1, 1, 1, 1, 1, 1, 1, 1, 1, 1, 1, 1, 1, 1, 1, 0, 0, 1, 1, 1]"
4113955_gab,<user> make sure you signal and bow before any critique of this dumb coon rand,offensive,"[0, 0, 0, 0, 0, 0, 0, 0, 0, 0, 0, 0, 1, 1, 0]"
16955432_gab,not surprising when the white majority has had marxist propaganda shoved down their throats by kikes for decades from all angles pedowood talmudvision print media all jew owned and pushing poz <number> <number> public school systems and higher academia infested with commie jews dictating the curriculum,hatespeech,"[0, 0, 0, 0, 0, 0, 0, 0, 0, 0, 0, 0, 0, 0, 0, 1, 0, 0, 0, 0, 0, 1, 1, 0, 0, 1, 1, 1, 0, 0, 0, 0, 0, 0, 0, 0, 0, 0, 0, 1, 1, 1, 1, 0, 0, 0]"
1081991697045831686_twitter,when a fic has “ smell of ” in its title and you just know … those a b o bitches,normal,"[0, 0, 0, 0, 0, 0, 0, 0, 0, 0, 0, 0, 0, 0, 0, 0, 0, 0, 0, 0, 0]"
6618397_gab,note how the blacks do not seem to be observing any sort of consistency in their ascending and descending of the stairway causing the young chinaman to have to wind his way around these irrational beast people it will not get any better china it ll only get worse get rid of them,offensive,"[1, 1, 1, 1, 1, 1, 1, 1, 1, 1, 1, 1, 1, 1, 1, 1, 1, 1, 1, 1, 1, 1, 1, 1, 1, 1, 1, 1, 1, 1, 1, 1, 1, 1, 1, 1, 1, 1, 1, 1, 1, 1, 1, 1, 1, 1, 1, 1, 1, 1, 1, 1, 1]"
8404573_gab,a muslim was asking me about american sex stores he became more appalled as i continued my description of their wares until i told him about their blow up dolls then he was suddenly very interested and excited,normal,"[0, 0, 0, 0, 0, 0, 0, 0, 0, 0, 0, 0, 0, 0, 0, 0, 0, 0, 0, 0, 0, 0, 0, 0, 0, 0, 0, 0, 0, 0, 0, 0, 0, 0, 0, 0, 0, 0]"
1179063615468576768_twitter,<user> <user> this song by amy winehouse i am telling you go to karaoke anywhere and the white bitches will all unanimously sigh when it comes on because they mad they wanted to sing it 😂,offensive,"[0, 0, 0, 0, 0, 0, 0, 0, 0, 0, 0, 0, 0, 0, 0, 0, 1, 1, 1, 0, 0, 0, 0, 0, 0, 0, 0, 0, 0, 0, 0, 0, 0, 0, 0, 0]"
20206672_gab,every time i see the australian abc publically funded broadcaster advertising trans gay mardi gras i feel physically sick i literally get a bad taste in my mouth perhaps its time i should start insisting that the <number> normies get <number> of the funding for promotion of wholesome standards,offensive,"[0, 0, 0, 0, 0, 0, 0, 0, 0, 0, 0, 1, 1, 1, 1, 0, 0, 0, 0, 0, 0, 0, 0, 0, 0, 0, 0, 0, 0, 0, 0, 0, 0, 0, 0, 0, 0, 0, 0, 0, 0, 0, 0, 0, 0, 0, 0, 0, 0]"
1251242605058416641_twitter,<user> if you were a nazi you would be left wing,normal,"[0, 0, 0, 0, 0, 0, 0, 0, 0, 0, 0]"
22204700_gab,lol trump jr fucked around on his kike wife with mudshark aubrey o day the altright really knows how to pick em,offensive,"[0, 0, 0, 0, 0, 0, 0, 1, 1, 0, 1, 1, 1, 1, 0, 0, 0, 0, 0, 0, 0, 0]"
16984833_gab,we are falling into the dead end of a sub culture more than the ideological ghetto of libertarianism et el,normal,"[0, 0, 0, 0, 0, 0, 0, 0, 0, 0, 0, 0, 0, 0, 0, 0, 0, 0, 0, 0]"
1258177370793684993_twitter,<user> straight but upper middle class and likes to be trendy probably has gay friends,normal,"[0, 0, 0, 0, 0, 0, 0, 0, 0, 0, 0, 1, 1, 1, 1]"
11730998_gab,vox does fine on his own and if your boyfriend balls drop enough for him to show up to the debate everyone will see what a retarded monkey <user> really is by the way do you know what <number> will buy in thailand,offensive,"[0, 0, 0, 0, 0, 0, 0, 0, 0, 0, 1, 1, 0, 0, 0, 0, 0, 0, 0, 0, 0, 0, 0, 0, 0, 0, 1, 1, 0, 0, 0, 0, 0, 0, 0, 0, 0, 0, 0, 0, 0, 0, 0]"
11747319_gab,lol really you must be a feminazi right go away femme fatale,offensive,"[0, 0, 0, 0, 0, 0, 1, 0, 0, 0, 1, 1]"
25739189_gab,yes seen this before it shows how devious and really dishonest these fucking moslem shite are,hatespeech,"[0, 0, 0, 0, 0, 0, 0, 0, 0, 0, 0, 0, 0, 1, 1, 0]"
12764956_gab,if forced to chose i d rather live next door to a white polish family with limited english than a paki moslem one who were born here and spoke perfect english,hatespeech,"[0, 0, 0, 0, 0, 0, 0, 0, 0, 0, 0, 0, 0, 0, 0, 0, 0, 0, 0, 1, 1, 1, 0, 0, 0, 0, 0, 0, 0, 0, 0]"
13683282_gab,the jews and muslims grew up together and the jews gave birth to christianity catholicism and later on mormonism like a big religion family,normal,"[0, 0, 0, 0, 0, 0, 0, 0, 0, 0, 0, 0, 0, 0, 0, 0, 0, 0, 0, 0, 0, 0, 0, 0]"
24119382_gab,you are a dumb spic that can not spell spaniard,hatespeech,"[0, 0, 0, 1, 1, 0, 0, 0, 0, 0]"
19236118_gab,nothing but a kike fuck,hatespeech,"[0, 0, 0, 1, 1]"
15818321_gab,see its going on about iq and shit now lol same shit same kike shit,hatespeech,"[0, 0, 0, 0, 1, 1, 1, 1, 1, 1, 1, 1, 1, 1, 1]"
11100725_gab,can someone explain why google is allowed to deny services to someone because of their political affiliations but if a baker refuses to make a cake for a gay wedding he can go to jail,normal,"[0, 0, 0, 0, 0, 0, 0, 0, 0, 0, 0, 0, 0, 0, 0, 0, 0, 0, 0, 0, 0, 0, 0, 0, 0, 0, 0, 0, 0, 0, 0, 0, 0, 0, 0]"
13264549_gab,i guess swallowing gallons of nigger semen will do that to a pasty faced traitor such as he 🤔,hatespeech,"[0, 0, 1, 1, 1, 1, 1, 0, 0, 0, 0, 0, 0, 0, 0, 0, 0, 0, 0]"
27253077_gab,fuck off trailer park nigbeat i do not associate with welfare niggers like you gtfoh nigger,hatespeech,"[1, 1, 1, 1, 1, 0, 0, 0, 0, 0, 1, 1, 0, 0, 1, 1]"
3160657_gab,one of my favorite pastimes is mansplaining to women how we live in a covert matriarchy not a patriarchy <number> times out of <number> they short circuit and explode truth hurts huh i am an alpha i do not need to appease you lol,offensive,"[1, 1, 1, 1, 1, 1, 1, 1, 1, 1, 1, 1, 1, 1, 1, 1, 1, 1, 1, 1, 1, 1, 1, 1, 1, 1, 1, 1, 1, 1, 1, 1, 1, 1, 1, 1, 1, 1, 1, 1, 1, 1, 1, 1]"
22617100_gab,hm isnt yids support arabs invading in eu and they thought arabs would be licking their ass another yid was killed in france few days ag here you go its called karma,hatespeech,"[0, 1, 1, 1, 1, 1, 1, 1, 1, 1, 1, 1, 1, 1, 1, 1, 1, 1, 1, 1, 1, 1, 1, 1, 1, 1, 1, 1, 1, 1, 1, 1]"
1178648243695022082_twitter,<user> u sit in south africa n dont write fake news do u know what is human rights <number> temples destroyed <number> years pandits genocide looted raped that us human right violation,normal,"[0, 0, 0, 0, 0, 0, 0, 0, 0, 0, 0, 0, 0, 0, 0, 0, 0, 0, 0, 0, 0, 0, 0, 0, 0, 0, 0, 0, 0, 0, 0, 0]"
1123697855301074944_twitter,that nigga steal if he drive an impala with no hubcaps,normal,"[0, 0, 0, 0, 0, 0, 0, 0, 0, 0, 0]"
1178693132059324417_twitter,<user> because you are muslim and pak is a muslim country,normal,"[0, 0, 0, 0, 0, 0, 0, 0, 0, 0, 0]"
1092834274837958656_twitter,beat up nazis with the nymph,normal,"[0, 0, 0, 0, 0, 0]"
1095393362314776581_twitter,clc first win and chuu teaser today is for the homosexuals,normal,"[0, 0, 0, 0, 0, 0, 0, 0, 0, 0, 0]"
12453277_gab,ds does not remove posts like weevs because weevs post is not illegal it removes jidf faggots telling people to kill cops n shit,offensive,"[0, 0, 0, 0, 0, 0, 0, 0, 0, 0, 0, 0, 0, 0, 0, 1, 1, 1, 1, 1, 1, 1, 0, 1]"
16393544_gab,i have never said this before <user> but i really do hope you get raped by a pack of niggers,hatespeech,"[0, 0, 0, 0, 0, 0, 0, 0, 0, 1, 1, 1, 1, 1, 1, 1, 1, 1, 1, 1]"
3160792_gab,<user> and this is why zionist hate him and want to destroy russia they kicked out the big banks owned by kenite jews russia is literally the last vestige of white values left in the world,normal,"[0, 0, 0, 0, 0, 0, 0, 0, 0, 0, 0, 0, 0, 0, 0, 0, 0, 0, 0, 0, 0, 0, 0, 0, 0, 0, 0, 0, 0, 0, 0, 0, 0, 0, 0, 0]"
1178679386494533632_twitter,<user> natives she not one of us white people yes she is,normal,"[0, 0, 0, 0, 0, 0, 0, 0, 0, 0, 0, 0]"
17135233_gab,i am broke in the ghetto way i got my tv and sat and internet being retired is boring,normal,"[0, 0, 0, 0, 0, 1, 0, 0, 0, 0, 0, 0, 0, 0, 0, 0, 0, 0, 0]"
1179094429308719106_twitter,democratic dilemma people still are not stupid enough solution keep stuffing ballot boxes keep importing illegal aliens keep pressing for impeachment with lies keep doing the same things over over expecting different results socialism will work this time i just know it,hatespeech,"[0, 0, 0, 0, 0, 0, 0, 0, 0, 0, 0, 0, 0, 0, 1, 1, 1, 0, 0, 0, 1, 1, 1, 0, 0, 0, 0, 0, 0, 0, 0, 0, 0, 0, 0, 0, 0, 0, 0, 0, 0, 0]"
14315157_gab,there are occasionally very good women leaders i will give you that however it the exception not the rule,offensive,"[1, 1, 1, 1, 1, 1, 1, 0, 0, 0, 0, 0, 0, 1, 1, 1, 1, 1, 1]"
1177216103896035328_twitter,white moms yeah my mom is gay black moms yeah he call hisself liking boys,offensive,"[0, 0, 0, 0, 0, 0, 1, 0, 0, 0, 0, 0, 0, 0, 0]"
14402041_gab,fuck you are a faggot lol that really the best you got,offensive,"[1, 1, 1, 1, 1, 1, 0, 0, 0, 0, 0, 0]"
17868129_gab,i can not imagine having to live with this level of cognitive dissonance life is so much easier when you just say fuck it and adopt race realism and white nationalism instead of contradicting yourself a gorillian times over just to make niggers and jews hate you less,hatespeech,"[0, 0, 0, 0, 0, 0, 0, 0, 0, 0, 0, 0, 0, 0, 0, 0, 0, 0, 0, 0, 0, 0, 0, 0, 0, 1, 1, 1, 1, 1, 1, 0, 0, 0, 0, 0, 0, 0, 0, 0, 0, 0, 1, 1, 1, 1, 1, 1]"
1126970100295307266_twitter,my nail broke i hate ghetto nail techs with cheap materials i will never cheat on leah again,normal,"[0, 0, 0, 0, 0, 0, 0, 0, 0, 0, 0, 0, 0, 0, 0, 0, 0, 0]"
20324243_gab,do asians really eat dog flavor ramen,normal,"[1, 1, 1, 1, 1, 1, 1]"
1256830487529697280_twitter,<user> hey i am a lesbian i thought u were american,normal,"[0, 0, 0, 0, 0, 0, 0, 0, 0, 0, 0]"
11087389_gab,i am a veteran i got tired of dealing with faggots and killing sandniggers for jews fuck that,hatespeech,"[0, 0, 0, 0, 0, 0, 0, 0, 0, 0, 1, 1, 1, 1, 1, 1, 0, 0]"
11300773_gab,she will be right at home in the joint lotta bull dykes roaming around,hatespeech,"[0, 0, 0, 0, 0, 0, 0, 0, 0, 0, 1, 1, 0, 0]"
21423631_gab,y know what i never see any criticism of jew on goy commentary anywhere it fucking terrible jew censorship works like herpes it all over the place but you have gotta be super special to avoid it hook nosed kike cunts,hatespeech,"[0, 0, 0, 0, 0, 0, 1, 1, 1, 1, 1, 1, 1, 0, 0, 0, 0, 1, 1, 1, 1, 1, 0, 0, 0, 0, 0, 0, 0, 0, 0, 0, 0, 0, 0, 0, 0, 1, 1, 1, 1]"
16112841_gab,the chew a show featuring a worthless faggot a niggerette toothpick mario the perv batali and a bald headed simpleton perfect its so inclusive it must be diversity its what the faggots and perverts in hollywood think we want,hatespeech,"[0, 0, 0, 0, 0, 0, 1, 1, 1, 1, 1, 1, 1, 1, 1, 0, 1, 1, 1, 1, 0, 0, 0, 0, 0, 0, 0, 0, 0, 0, 1, 1, 0, 1, 0, 0, 0, 0, 0]"
15298380_gab,if i were president i d tell taiwan south korea and japan to build nukes ballistic missiles then once they had enough nukes to destroy china and north korea i d withdraw all troops and close all military bases there let china norks destroy themselves attacking their fellow asians before us,hatespeech,"[0, 0, 0, 0, 0, 0, 0, 0, 0, 0, 0, 0, 0, 0, 0, 0, 0, 0, 0, 0, 0, 0, 0, 0, 0, 0, 0, 0, 0, 0, 0, 0, 0, 0, 0, 0, 0, 0, 0, 0, 1, 1, 1, 1, 1, 1, 1, 1, 1, 1, 1]"
1166400416676032512_twitter,i keep finding out that these bitches i am stanning are like <number> max,normal,"[0, 0, 0, 0, 0, 0, 0, 0, 0, 0, 0, 0, 0, 0]"
1178502719868325888_twitter,<user> get well soon ching chong 😌,hatespeech,"[0, 0, 0, 0, 1, 1, 0]"
1076809235990757376_twitter,<user> <user> which is going to refugees for food clothes water etc not actual ladders,normal,"[0, 0, 0, 0, 0, 0, 0, 0, 0, 0, 0, 0, 0, 0, 0]"
1177583026730983424_twitter,fucking nigger me up the asshole with a hotrod nigga,offensive,"[1, 1, 0, 0, 0, 1, 0, 0, 1, 1]"
1178928694364127232_twitter,let us be honest if you leave your girlfriend after she has a miscarriage or her telling you that she pregnant you deserve to have your dick and balls chopped off and same thing applies to rape and sexual assault and abuse,normal,"[0, 0, 0, 0, 0, 0, 0, 0, 0, 0, 0, 0, 0, 0, 0, 0, 0, 0, 0, 0, 0, 0, 0, 0, 0, 0, 0, 0, 0, 0, 0, 0, 0, 0, 0, 0, 0, 0, 0, 0, 0, 0]"
1178148443564527619_twitter,<user> i was just reading a bs a thred on this topic 🙄 😑 🤦 🏽 ‍ ♀️ it blew me the comments that were made and conclusions that were reached ugh,normal,"[0, 0, 0, 0, 0, 0, 0, 0, 0, 0, 0, 0, 0, 0, 0, 0, 0, 0, 0, 0, 0, 0, 0, 0, 0, 0, 0, 0, 0, 0, 0, 0]"
15333710_gab,and the knock on effects are a bitch literally as women squander their prime vagina during urban careerism years and settle down with low t betas willing to overlook their sexual histories they are not inspired to look or act or even feel feminine anymore for those low t men without standards,offensive,"[0, 0, 0, 0, 0, 0, 0, 1, 0, 0, 1, 1, 1, 1, 1, 1, 1, 1, 1, 0, 0, 0, 0, 1, 1, 1, 0, 0, 0, 0, 0, 0, 0, 0, 0, 0, 0, 0, 0, 0, 0, 0, 1, 1, 0, 0, 0, 1, 1, 1, 0, 0]"
26702040_gab,<user> this is the guy i was meant to be arguing with his bio says he is a spic troll but press him on it and he isnt a spic i just got mixed up,offensive,"[0, 0, 0, 0, 0, 0, 0, 0, 0, 0, 0, 0, 0, 0, 0, 0, 0, 0, 1, 0, 0, 0, 0, 0, 0, 0, 0, 0, 0, 1, 0, 0, 0, 0, 0]"
1178987098554191873_twitter,what they succeed in doing is equating mercenaries for either the ukrainian or russian side with islamic jihadists thereby transferring the perceived threat from islamists to white men,normal,"[0, 0, 0, 0, 0, 0, 0, 0, 0, 0, 0, 0, 0, 0, 0, 0, 0, 0, 0, 0, 0, 0, 0, 0, 0, 0, 0, 0]"
11609620_gab,time to have the music industry join us on the not retarded side,offensive,"[0, 0, 0, 0, 0, 0, 0, 0, 0, 0, 0, 1, 0]"
1690626_gab,obama is a nigger,hatespeech,"[1, 1, 1, 1]"
15292729_gab,corrupt moslem cop covering up protecting moslem attackers of a white british woman only one way to sort this lot it not petitions or protests moslems are the problem,hatespeech,"[0, 1, 0, 0, 0, 0, 1, 0, 0, 0, 0, 0, 0, 1, 1, 1, 1, 1, 1, 1, 1, 1, 1, 1, 1, 1, 1, 1, 1]"
27287663_gab,quit being a dumb fucking nigger and go back to your harley davidson magazines,hatespeech,"[0, 0, 0, 1, 1, 1, 0, 0, 0, 0, 0, 0, 0, 0]"
1178833551766241280_twitter,<user> i fucking hate you 😭 cause why say that lol,normal,"[0, 0, 0, 0, 0, 0, 0, 0, 0, 0, 0]"
1117942322304573440_twitter,white boys b flexing their pics of them and a fish like we supposed to swoon over that shit,normal,"[0, 0, 0, 0, 0, 0, 0, 0, 0, 0, 0, 0, 0, 0, 0, 0, 0, 0, 0]"
16126695_gab,four days before i deactivate my twitter account and i do not miss it one bit gabfam outshines jackbrats it not even funny welcome all refugees 🖐,normal,"[0, 0, 0, 0, 0, 0, 0, 0, 0, 0, 0, 0, 0, 0, 0, 0, 0, 0, 0, 0, 0, 0, 0, 0, 0, 0, 0]"
20165768_gab,my liberal duped white niece is raising <number> black kids she thinks she is so compassionate and doing a great thing instead of having her own white kids,offensive,"[1, 1, 1, 1, 1, 1, 1, 1, 1, 1, 1, 1, 1, 1, 1, 1, 1, 1, 1, 1, 1, 1, 1, 1, 1, 1, 1, 1]"
18779015_gab,yes these are our youth this guy has not even gone to trial yet we do not know all the details but heres <user> ‍ everytime under the bus anyone white while his based niggers rampage everywhere and he does not say shit,hatespeech,"[0, 0, 0, 0, 0, 0, 0, 0, 0, 0, 0, 0, 0, 0, 0, 0, 0, 0, 0, 0, 0, 0, 0, 0, 0, 0, 0, 0, 0, 0, 0, 0, 0, 0, 1, 0, 0, 0, 0, 0, 0, 0, 0]"
1178073443742318592_twitter,error <number> tweet could not be sent please stop being a faggot,offensive,"[0, 0, 0, 0, 0, 0, 0, 0, 1, 1, 1, 1]"
17525464_gab,are you dumb when it says other than german that means a ton of austrians dutch english aussies canadians americans french poles hungarians czechs all border germany too fix your shit you are trying to sell holocaust denial but can not even read numbers in the news,offensive,"[0, 0, 1, 0, 0, 0, 0, 0, 0, 0, 0, 0, 0, 0, 0, 0, 0, 0, 0, 0, 0, 0, 0, 0, 0, 0, 0, 0, 0, 0, 1, 0, 0, 0, 0, 0, 1, 1, 0, 0, 0, 0, 0, 0, 0, 0, 0]"
1179090577004138497_twitter,<user> <user> <user> <user> the mcimpeachment mcfiasco is all about angering illegal immigrants to mcvote mcdemocrat,normal,"[0, 0, 0, 0, 0, 0, 0, 0, 0, 0, 0, 0, 0, 0, 0, 0]"
14018754_gab,yes it does at our offices we do not do business with muslim cockroaches,hatespeech,"[0, 0, 0, 0, 0, 0, 0, 0, 0, 0, 0, 0, 1, 1]"
1179101288421822466_twitter,<user> <user> <user> that was the worst thing you could have done to your daughter are you trying to get her raped by a refugee,offensive,"[0, 0, 0, 0, 0, 0, 0, 0, 0, 0, 0, 0, 0, 0, 0, 0, 0, 0, 0, 0, 1, 1, 1, 1, 1]"
1178011413417201664_twitter,i think im gunna start a dyke club here at mary wash,normal,"[0, 0, 0, 0, 0, 0, 0, 0, 0, 0, 0, 0]"
1178822293906059265_twitter,birdsite problem with white supremacist nazi accounts has gotten substantially worse in the past <number> months or so,normal,"[0, 0, 0, 0, 0, 0, 0, 0, 0, 0, 0, 0, 0, 0, 0, 0, 0, 0]"
1123298276558532608_twitter,we have a retarded ape in the oval office,offensive,"[0, 0, 0, 1, 1, 0, 0, 0, 0]"
1178501732474724352_twitter,<user> honestly if god is real that mfer needs to send another flood or something this shit is just straight monsterous add white americans obsessed with anime to the deadly sins list,normal,"[0, 0, 0, 0, 0, 0, 0, 0, 0, 0, 0, 0, 0, 0, 0, 0, 0, 0, 0, 0, 0, 0, 0, 0, 0, 0, 0, 0, 0, 0, 0, 0]"
1178741653026291713_twitter,need them white malteser truffles in my life,normal,"[0, 0, 0, 0, 0, 0, 0, 0]"
1165309956352040960_twitter,dani ceballos looks like his shoes are too big for him coming like it pe in year <number>,normal,"[0, 0, 0, 0, 0, 0, 0, 0, 0, 0, 0, 0, 0, 0, 0, 0, 0, 0]"
6081960_gab,it is a fictional story about a mudshark vanessa her absent black husband obi o konkwo and her rogue piccaninny child jiglet it is based on real life events and characters written in the style of the janet and john books of the 6 0,offensive,"[0, 0, 0, 0, 0, 0, 0, 1, 0, 0, 0, 0, 0, 0, 0, 0, 0, 0, 0, 1, 1, 0, 0, 0, 0, 0, 0, 0, 0, 0, 0, 0, 0, 0, 0, 0, 0, 0, 0, 0, 0, 0, 0, 0, 0]"
8071344_gab,why are people surprised by the dimwitted response of some air headed mudshark,hatespeech,"[0, 0, 0, 0, 0, 0, 0, 0, 0, 0, 1, 1, 1]"
9120350_gab,you d think they d stop showing all those advertisements pushing the idea of black men in relationships with white women then given that it must greatly upset the sheboon demographic seeing their future baby daddies getting with some white skank uu girl you betta watch yoself,offensive,"[0, 0, 0, 0, 0, 0, 0, 0, 0, 0, 0, 0, 0, 0, 0, 0, 0, 0, 0, 0, 0, 0, 0, 0, 0, 0, 0, 0, 0, 0, 0, 0, 0, 0, 0, 0, 0, 0, 0, 1, 1, 0, 0, 0, 0, 0, 0]"
1179091239125311488_twitter,<user> its because stan twit hates on every white person 💀 💀 💀 like bro its not that serious,normal,"[0, 0, 0, 0, 0, 0, 0, 0, 0, 0, 0, 0, 0, 0, 0, 0, 0, 0, 0]"
1179079464103354368_twitter,<user> trump bullying ukraine has as much subtlety as harvey weinstein friendly conversations with the women he raped,normal,"[0, 0, 0, 0, 0, 0, 0, 0, 0, 0, 0, 0, 0, 0, 0, 0, 0, 0]"
1087149424256651269_twitter,shout out to whoever invented hot sauce,normal,"[0, 0, 0, 0, 0, 0, 0]"
1178867069414043648_twitter,fucking hate white people,hatespeech,"[1, 1, 1, 1]"
1117054098774339584_twitter,stay in your lane aint no traffic in your lane stop trying to be in other niggas lanes,normal,"[0, 0, 0, 0, 0, 0, 0, 0, 0, 0, 0, 0, 0, 0, 0, 0, 0, 0]"
20027579_gab,anyone who shouts nigger is a fkn wanker with little vocabulary or wit to have an adult conversation and or insult someone with any intelligence,normal,"[0, 0, 0, 0, 0, 0, 0, 0, 0, 0, 0, 0, 0, 0, 0, 0, 0, 0, 0, 0, 0, 0, 0, 0, 0]"
23656043_gab,do jews hate muslims or do they use them is it different with your cult,normal,"[1, 1, 1, 1, 1, 1, 1, 1, 1, 1, 1, 1, 1, 1, 1]"
1226231898978029578_twitter,read multifandom as muslim maybe i should go sleep,normal,"[0, 0, 0, 1, 0, 0, 0, 0, 0]"
25722408_gab,<user> ‍ fix this you nigger,hatespeech,"[0, 0, 0, 0, 0, 1]"
7144350_gab,this is bad news for the children of millennial women if only <number> of millennial women want to be housewives that means that potentially <number> of their children will not get enough time and interaction with their mothers which is unhealthy i just wonder is <number> the floor <number> <number>,normal,"[0, 0, 0, 0, 0, 0, 0, 0, 0, 0, 0, 0, 0, 0, 0, 0, 0, 0, 0, 0, 0, 0, 0, 0, 0, 0, 0, 0, 0, 0, 0, 0, 0, 0, 0, 0, 0, 0, 0, 0, 0, 0, 0, 0, 0, 0, 0, 0, 0, 0]"
20531142_gab,i am starting to think it the jews 👀,normal,"[0, 0, 0, 0, 0, 1, 1, 1, 0]"
25586372_gab,it so they can not run away when you chase them with a baseball bat lmao they trip on their pants they wonder why they end up in the slammer they look like retarded jerk offs,offensive,"[1, 1, 1, 1, 1, 1, 1, 1, 1, 1, 1, 1, 1, 1, 1, 1, 1, 1, 1, 1, 1, 1, 1, 1, 1, 1, 1, 1, 1, 1, 1, 1, 1, 1, 1, 1]"
16547777_gab,the only way this is fair is if their dick gets blown off in battle just curious can women join just to get a boob job that would be the equivalent w out the sex change,offensive,"[0, 0, 0, 0, 0, 0, 0, 0, 1, 1, 1, 1, 1, 1, 1, 0, 0, 1, 1, 1, 1, 1, 1, 1, 1, 1, 0, 0, 0, 0, 1, 1, 1, 1, 1, 1]"
13921347_gab,last i heard this moron was all for refugees and not condemning jihadi islamists for attacks you can not have your cake and eat it too dumbass,hatespeech,"[0, 0, 0, 0, 1, 0, 0, 0, 1, 1, 1, 1, 1, 1, 0, 0, 0, 0, 0, 0, 0, 0, 0, 0, 0, 0, 1]"
1179052691403751424_twitter,you a lame bitch when you quit letting them treat you like a dummy,normal,"[0, 0, 0, 0, 0, 0, 0, 0, 0, 0, 0, 0, 0, 0]"
1639406_gab,cut off federal funding to sanctuary cities and leave it to the states to decide if illegal immigrants contribute more financially than they use for education housing food assistance and health i would think many states would want it at least there would be models to verify,offensive,"[0, 0, 0, 0, 0, 0, 0, 0, 0, 0, 0, 0, 0, 0, 0, 0, 1, 1, 1, 1, 1, 0, 0, 0, 0, 0, 0, 0, 0, 0, 0, 0, 0, 0, 0, 0, 0, 0, 0, 0, 0, 0, 0, 0, 0, 0, 0]"
16862232_gab,why arabs lose wars <user>,normal,"[0, 0, 0, 0, 0]"
1206408724899696640_twitter,<user> bad time for gay men who just want to stan older ladies that look like drag queens,offensive,"[0, 0, 0, 0, 1, 0, 0, 0, 0, 0, 0, 0, 0, 0, 1, 1, 1, 1]"
25777407_gab,degenerate jews hate white people jews,hatespeech,"[1, 1, 1, 1, 1, 1]"
1178315214275538944_twitter,<number> x1 all white 엑스원,normal,"[0, 0, 0, 0, 0]"
14524893_gab,aw now what the trouble are ya a little butthurt do not you nigger up my poll this is important business,offensive,"[0, 0, 0, 0, 0, 0, 0, 0, 0, 0, 0, 0, 0, 1, 0, 0, 0, 0, 0, 0, 0]"
17382306_gab,imagine if there wasn t oil in the middle east there would be no dubais there would be no wealthy towel headed sand nigger ruling class because of oil muslim goat fckrs oops i meant herders get to hide in plain sight now they intend to take over the u.s.,hatespeech,"[1, 1, 1, 1, 1, 1, 1, 1, 1, 1, 1, 1, 1, 1, 1, 0, 0, 0, 0, 0, 1, 1, 1, 1, 0, 0, 0, 0, 0, 1, 1, 1, 0, 0, 0, 1, 0, 0, 0, 0, 0, 0, 0, 0, 0, 0, 0, 0, 0, 0]"
17725003_gab,limousine libtards like the retarded asshole justin trudeau do not worry about who will move into their neighborhoods they have ways to keep out the same undesirables that they joyfully foist on ordinary people you can bet his children will never go to a public school with muslim students,offensive,"[0, 1, 0, 0, 1, 1, 1, 1, 0, 0, 0, 0, 0, 0, 0, 0, 0, 0, 1, 1, 1, 1, 1, 1, 1, 1, 1, 0, 0, 0, 0, 0, 0, 0, 0, 0, 0, 0, 0, 0, 0, 0, 0, 0, 0, 0, 0, 1, 1]"
1179004832763518976_twitter,<user> <user> coming from someone who finds it necessary to kill all the cows in this country in the name of global warming,normal,"[0, 0, 0, 0, 0, 0, 0, 0, 0, 0, 0, 0, 0, 0, 0, 0, 0, 0, 0, 0, 0, 0, 0]"
15743373_gab,you can not form an argument your position on child abuse is indefensible so you resort to low energy attacks it really sad i am ashamed to think you are white tell me you are a kike or something to give me a reason to keep trying to save my people,hatespeech,"[0, 0, 0, 0, 0, 0, 0, 0, 0, 0, 0, 0, 0, 0, 0, 0, 0, 0, 0, 0, 0, 0, 0, 0, 0, 0, 0, 0, 0, 0, 0, 0, 0, 1, 1, 1, 1, 0, 0, 0, 0, 0, 0, 0, 0, 0, 0, 0, 0, 0, 0]"
26984655_gab,walk my dog where i want you shitskin cunt,offensive,"[1, 1, 1, 1, 1, 1, 1, 1, 1]"
25867889_gab,well ramadan and it is not a moslem inbreed now there a novelty,normal,"[1, 1, 1, 1, 1, 1, 1, 1, 1, 0, 0, 0, 0]"
1871459_gab,the neo pagan classical alt right will worship a genderqueer odin a gay hitler and the 3 rd season of the wire on blu ray gonna be big,normal,"[0, 0, 0, 0, 0, 0, 0, 0, 0, 0, 0, 0, 0, 0, 0, 0, 0, 0, 0, 0, 0, 0, 0, 0, 0, 0, 0, 0]"
1092249190418198528_twitter,me too me too me too 😂 which one am i ☠️ big dick energy 🐹 big cute energy 👙 big bitch energy ❣️ big heart energy,normal,"[0, 0, 0, 0, 0, 0, 0, 0, 0, 0, 0, 0, 0, 0, 0, 0, 0, 0, 0, 0, 0, 0, 0, 0, 0, 0, 0]"
1178840543691988998_twitter,chris rock let two white men say nigger in front of him,normal,"[0, 0, 0, 0, 0, 0, 0, 0, 0, 0, 0, 0]"
1178471252325027845_twitter,he used to be a wrestler but now goes to college as the only male dancer he could help me become better at violence,normal,"[0, 0, 0, 0, 0, 0, 0, 0, 0, 0, 0, 0, 0, 0, 0, 0, 0, 0, 0, 0, 0, 0, 0, 0]"
1194611917719003136_twitter,<user> trump won ’ t fire miller cause trump is a nazi too,offensive,"[0, 1, 1, 1, 1, 1, 1, 1, 1, 1, 1, 1, 1]"
27295086_gab,it is funny how the progressives go so hard after every christian about their beleifs on homosexuality but conveniently overlook the horrendous amount of abuse and outright hate crimes and killings of gays in many moslem countries and controlled areas,normal,"[0, 0, 0, 0, 0, 0, 0, 0, 0, 0, 0, 0, 0, 0, 0, 0, 0, 0, 0, 0, 0, 0, 0, 0, 0, 0, 0, 0, 0, 0, 0, 0, 0, 0, 0, 0, 0, 0, 0, 0]"
16878349_gab,how quickly the nigger expends his meager verbal capital and retreats into half measured snark go smoke a blunt and play some xbox you utter parody of humankind you dribbling profligate baboon in a suit,hatespeech,"[1, 1, 1, 1, 0, 0, 0, 0, 0, 0, 0, 0, 0, 0, 0, 0, 0, 0, 0, 0, 0, 0, 0, 0, 1, 1, 1, 1, 0, 1, 1, 1, 1, 1, 1]"
18969876_gab,i know this one i was browsing twitter and saw this very kike had been caught lying that she was a christian she gave no response after being confronted on it a literal fellow white person,offensive,"[0, 0, 0, 0, 0, 0, 0, 0, 0, 0, 0, 0, 1, 0, 0, 0, 0, 0, 0, 0, 0, 0, 0, 0, 0, 0, 0, 0, 0, 0, 0, 0, 0, 1, 1, 1]"
1144419935868710913_twitter,black americans listen closely to this debate you have been replaced by illegal aliens,normal,"[0, 0, 0, 0, 0, 0, 0, 0, 0, 0, 0, 0, 0, 0]"
11199283_gab,facebook full of violence and hate speech,normal,"[0, 0, 0, 0, 0, 0, 0]"
7132277_gab,super rich nigger super rich jew joins forces to tell us how horrible the white man is white people stop giving your money to people that hate you,hatespeech,"[0, 0, 1, 0, 0, 1, 0, 0, 0, 0, 0, 0, 0, 0, 0, 0, 0, 1, 1, 1, 1, 1, 1, 1, 1, 1, 1, 1]"
16199191_gab,they are called liberals and we are called nazis by the msm mediacrats misapplication of terms began in 1 9 6 0 during vnw weathermen underground communists bill ayers and his bitch bernadine dohrn who schooled frank marshall davis son obama fathered with a mudshark porn hoe,hatespeech,"[0, 0, 0, 0, 0, 0, 0, 0, 0, 0, 0, 0, 0, 0, 0, 0, 0, 0, 0, 0, 0, 0, 0, 0, 0, 1, 1, 0, 0, 0, 0, 1, 0, 0, 0, 0, 0, 0, 0, 0, 0, 0, 0, 0, 1, 1, 1]"
26782460_gab,ye he gay,offensive,"[1, 1, 1]"
1179094439186141184_twitter,by the time you reach an age you start hating a muslim you do it but why you do it you dont know you might have been told about the myth fake narratives and whatsapp forwards muslim invaded or how they captured raped hindu woman and subjugated them,normal,"[0, 0, 0, 0, 0, 0, 0, 0, 0, 0, 0, 0, 0, 0, 0, 0, 0, 0, 0, 0, 0, 0, 0, 0, 0, 0, 0, 0, 0, 0, 0, 0, 0, 0, 0, 0, 0, 0, 0, 0, 0, 0, 0, 0, 0, 0, 0, 0]"
4286950_gab,gettin real tired being constantly told how stupid americans are you think you are any better with these sand niggers replacing you hell at least we had the sense to not let them in faggots or at least not by the boatloads,hatespeech,"[1, 1, 1, 1, 1, 1, 1, 1, 1, 1, 1, 1, 1, 1, 1, 1, 1, 1, 1, 1, 1, 1, 1, 1, 1, 1, 1, 1, 1, 1, 1, 1, 1, 1, 1, 0, 0, 0, 0, 0, 0, 0]"
22353992_gab,a nigger bich smells like a baboons ass google it,hatespeech,"[0, 1, 1, 1, 1, 1, 1, 1, 0, 0]"
14333812_gab,progressives want as much chaos violence on our streets as the ppl will tolerate to usurp more power unto themselves by promising to fix the very problems they have knowingly created permitted thus creating a vicious cycle that further enables their tyranny w the public support o,offensive,"[1, 1, 1, 1, 1, 1, 1, 1, 1, 1, 1, 1, 1, 1, 1, 1, 1, 1, 1, 1, 0, 0, 0, 0, 0, 0, 0, 0, 0, 0, 0, 0, 1, 1, 1, 1, 1, 1, 1, 1, 1, 1, 1, 1, 1, 1, 0]"
1145938479450337280_twitter,this movie is ghetto,normal,"[0, 0, 0, 0]"
1178852301638967297_twitter,chris clemons is a fucking beast,normal,"[0, 0, 0, 0, 0, 0]"
1179054030284365825_twitter,<user> and getting a slap on the wrist wonder how it would be if a <number> year old nigga stabbed a white boy smh,normal,"[0, 0, 0, 0, 0, 0, 0, 0, 0, 0, 0, 0, 0, 0, 0, 0, 0, 0, 0, 0, 0, 0, 0, 0]"
1179057767304323072_twitter,<user> do not understand why in america it all about black or white there are yellow mongoloids and brown orientals people as well most suppressed ones never get to raise their voice v unbeatable loosing in agt is an example to show how racially biased americans are,normal,"[0, 0, 0, 0, 0, 0, 0, 0, 0, 0, 0, 0, 0, 0, 0, 0, 0, 0, 0, 0, 0, 0, 0, 0, 0, 0, 0, 0, 0, 0, 0, 0, 0, 0, 0, 0, 0, 0, 0, 0, 0, 0, 0, 0, 0, 0, 0]"
1252389902357946369_twitter,<user> that boy know all the hoes,normal,"[0, 0, 0, 0, 0, 0, 0]"
1178623797286424576_twitter,<user> fuck em poor white trailer trash are not in charge of this country,offensive,"[0, 1, 0, 1, 1, 1, 1, 0, 0, 0, 0, 0, 0, 0]"
1164182921676238848_twitter,<user> king of the jews hell he thinks he is the second coming of god,normal,"[0, 0, 0, 0, 0, 0, 0, 0, 0, 0, 0, 0, 0, 0, 0]"
18447213_gab,teachers control education you were in the classroom the students were listening to you if you taught them to be retarded communist idiots that all on you maestro,offensive,"[0, 0, 0, 0, 0, 0, 0, 0, 0, 0, 0, 0, 0, 0, 0, 0, 0, 0, 0, 0, 1, 1, 1, 0, 0, 0, 0, 0]"
1237970711488036864_twitter,damn i really am into asians lmfao,normal,"[0, 0, 0, 0, 0, 0, 0]"
1170198681892474880_twitter,chop stick with the wood send a nigga to jesus,normal,"[0, 0, 0, 0, 0, 0, 0, 0, 0, 0]"
1100389613074558976_twitter,<user> not low class they enjoy to get fucked by muslims,offensive,"[0, 0, 0, 0, 0, 0, 0, 0, 1, 1, 1]"
1179087793924038656_twitter,<user> <user> <user> wrong if farmers cannot afford to take care of their crops without using illegal aliens they need to sell their farm,normal,"[0, 0, 0, 0, 0, 0, 0, 0, 0, 0, 0, 0, 0, 0, 0, 0, 0, 0, 0, 0, 0, 0, 0, 0]"
18011595_gab,i am waiting for marvel or dc comics to put out a new pc action hero captain shithole saves the universe a disabled black islamic tranny saves america from evil white people with his sidekick a giant whale opra fighting by his side,hatespeech,"[0, 0, 0, 0, 0, 0, 0, 0, 0, 0, 0, 0, 0, 0, 0, 0, 1, 1, 0, 0, 0, 0, 1, 1, 1, 1, 1, 1, 1, 1, 1, 1, 0, 0, 0, 0, 1, 1, 1, 0, 0, 0, 0]"
1178798868508659714_twitter,white washed asians are so stuck up and rude fuck you ching chong china lady,hatespeech,"[0, 0, 0, 0, 0, 0, 0, 0, 0, 1, 1, 1, 1, 1, 1]"
1103722759350296577_twitter,a lot of nigger babies have been born in the past <number> years and i have not seen one pic in the infamous kente cloth tf is going on,normal,"[0, 0, 0, 1, 1, 0, 0, 0, 0, 0, 0, 0, 0, 0, 0, 0, 0, 0, 0, 0, 0, 0, 0, 0, 0, 0, 0, 0, 0]"
1086832540407746561_twitter,why do straight women be after me so hard man,normal,"[0, 0, 0, 0, 0, 0, 0, 0, 0, 0]"
15231626_gab,you can take a hoodrat out of the ghetto but you can not take the ghetto out of the hoodrat,hatespeech,"[0, 0, 0, 0, 1, 1, 1, 1, 1, 0, 0, 0, 0, 0, 0, 1, 1, 1, 1, 1]"
1178129349788098560_twitter,today i changed out of a dick van dyke t shirt and into a dick van dyke sweatshirt i am so powerful,normal,"[0, 0, 0, 0, 0, 0, 0, 0, 0, 0, 0, 0, 0, 0, 0, 0, 0, 0, 0, 0, 0, 0]"
1205239969486262274_twitter,<user> <user> why so the little internet sjw nazis can find me easier i owe you nothing,normal,"[0, 0, 0, 0, 0, 0, 0, 0, 0, 0, 0, 0, 0, 0, 0, 0, 0]"
23267605_gab,this is what you nazi faggots do all day,offensive,"[0, 0, 0, 0, 1, 1, 0, 0, 0]"
1179057663545675776_twitter,women are here,normal,"[0, 0, 0]"
21899094_gab,these fucking kikes are going to get us all killed and you fucking retarded christian cretins are the reason they have power,hatespeech,"[0, 0, 1, 0, 0, 0, 0, 0, 0, 1, 0, 0, 1, 1, 1, 1, 0, 0, 0, 0, 0, 0]"
1178788959679172608_twitter,i see them white pants i had on had you all feeling some typa way 🥴,normal,"[0, 0, 0, 0, 0, 0, 0, 0, 0, 0, 0, 0, 0, 0, 0, 0]"
1125022374586400768_twitter,<user> the difference is the fat nazi screaming propaganda and vitamins,offensive,"[0, 0, 0, 0, 1, 1, 1, 0, 0, 0, 0]"
11657882_gab,ok so i can be called a kike and a cunt but i cant retaliate look i am a fighter i dont roll over and play dead like many jews do capiche pussy <wink>,normal,"[0, 0, 0, 0, 0, 0, 0, 1, 0, 0, 1, 0, 0, 0, 0, 0, 0, 0, 0, 0, 0, 0, 0, 0, 1, 1, 1, 1, 1, 1, 0, 0, 0, 0]"
1178855810211823616_twitter,<user> protect americans in sanctuary cities we are victimized with electronic harassment stalking and illegal surveillance and intimidation by senior influential community members and the illegal immigrants they facilitate,normal,"[0, 0, 0, 0, 0, 0, 0, 0, 0, 0, 0, 0, 0, 0, 0, 0, 0, 0, 0, 0, 0, 0, 0, 0, 1, 1, 1, 0, 0]"
22203462_gab,being stuck in the gab ghetto makes me want to an hero,normal,"[0, 0, 0, 0, 0, 0, 0, 0, 0, 0, 0, 0]"
10750547_gab,adl kikes team with jewoogle and all right wing sites get attacked or shut down this will not stop us it will only make us stronger and bring more attention to you kike terrorist free dailystormer,hatespeech,"[1, 1, 1, 0, 1, 0, 0, 0, 0, 0, 0, 0, 0, 0, 0, 0, 0, 0, 0, 0, 0, 0, 0, 0, 0, 0, 0, 0, 0, 0, 0, 0, 1, 1, 0, 0]"
13470886_gab,this dipshit libtard let us his muzzie gf tell him what to do america was good to you you dumbfuck,hatespeech,"[0, 0, 0, 0, 0, 0, 1, 0, 0, 0, 0, 0, 0, 0, 0, 0, 0, 0, 0, 0]"
26779019_gab,this should be used only on pakis that have been caught being against russia and russians in the mafia or gang and rapist so on,normal,"[0, 0, 0, 0, 0, 0, 0, 0, 0, 0, 0, 0, 0, 0, 0, 0, 0, 0, 0, 0, 0, 0, 0, 0, 0]"
1179048549390131202_twitter,<user> <user> and whenthat does not work when women are being raped just do nothing and say well we will work on prevention instead of trying to get justice and taking a perp off the street,normal,"[0, 0, 0, 0, 0, 0, 0, 0, 0, 0, 0, 0, 0, 0, 0, 0, 0, 0, 0, 0, 0, 0, 0, 0, 0, 0, 0, 0, 0, 0, 0, 0, 0, 0, 0, 0]"
1160179019859582977_twitter,as a kid i really thought america was hollywood amp celebrities when in reality it ’ just bulletproof backpacks and legalized nazi behaviour,normal,"[0, 0, 0, 0, 0, 0, 0, 0, 0, 0, 0, 0, 0, 0, 0, 0, 0, 0, 0, 0, 0, 0, 0]"
17191948_gab,trump will be removed and mark cuban will win unless some fat negro woman tries to take office mark cuban is a guaranteed win,hatespeech,"[0, 0, 0, 0, 0, 0, 0, 0, 0, 0, 0, 1, 1, 1, 0, 0, 0, 0, 0, 0, 0, 0, 0, 0]"
11531871_gab,<user> we are not all in this tohether you fucking kike shill your people are going to get the gassing you habe been been beging for for the last <number> years you christ killing heeb you,hatespeech,"[0, 0, 0, 0, 0, 0, 0, 0, 1, 1, 1, 1, 1, 0, 0, 1, 1, 1, 1, 1, 0, 0, 0, 0, 0, 0, 0, 0, 0, 0, 0, 0, 1, 1, 1, 0]"
26884239_gab,she says unironically as jews control most of the supreme court and laws most of congress all of hollywood media news all the banks all academia and are the most billionaires makes perfect sense,offensive,"[0, 0, 0, 1, 1, 1, 1, 1, 1, 1, 1, 1, 1, 1, 1, 1, 1, 1, 1, 1, 1, 1, 1, 1, 1, 1, 1, 1, 1, 1, 1, 0, 0, 0]"
25083271_gab,apparently being a cock slave to silverbacks is also a tradition among your people i wish nothing but gang rape by a pack of niggers for you you chimp licking plow whore,hatespeech,"[0, 0, 0, 1, 1, 1, 1, 0, 0, 0, 0, 0, 0, 0, 0, 0, 0, 0, 1, 1, 1, 1, 1, 1, 1, 0, 0, 0, 1, 1, 1, 1]"
17087013_gab,well i guess the anti whiteness is probably a lot more blunt today the jews and their revolutionary minorities,offensive,"[0, 0, 0, 0, 0, 0, 0, 0, 0, 0, 0, 0, 0, 1, 1, 1, 1, 1, 1]"
16994535_gab,there nothing but scumbags who arrive in the uk and expect everything for free <number> of them dont work <number> of the rapes carried out on british children are carried out by pakistani muslim men it must stop now britain first fighting back ocs,normal,"[0, 0, 0, 0, 0, 0, 0, 0, 0, 0, 0, 0, 0, 0, 0, 0, 0, 0, 0, 0, 0, 0, 0, 0, 0, 0, 0, 0, 0, 0, 0, 0, 0, 0, 0, 0, 0, 0, 0, 0, 0, 0, 0, 0]"
14877373_gab,the klintoons and ovomit should die in prison together ovomit van be the klintoon house nigger hilree must be pissed that a nigger beat her for president,hatespeech,"[0, 0, 0, 0, 0, 1, 0, 0, 0, 1, 1, 1, 1, 1, 1, 1, 1, 1, 1, 1, 1, 1, 1, 1, 1, 1, 1]"
1178939529849270272_twitter,<user> if bernie is sexist because he does not support warren then you and warren are anti semite for not supporting him he does not need to suck up to <percent> taking money from mega military industry corporate full of white men to run women campaigns feel the bern real progressive,normal,"[0, 0, 0, 0, 0, 0, 0, 0, 0, 0, 0, 0, 0, 0, 0, 0, 0, 0, 0, 0, 0, 0, 0, 0, 0, 0, 0, 0, 0, 0, 0, 0, 0, 0, 0, 0, 0, 0, 0, 0, 0, 0, 0, 0, 0, 0, 0, 0, 0, 0, 0]"
1179014612340985856_twitter,<user> its about illegal immigrants as apart of national security this has to be done india is not a refugee home for illegal immigrants,normal,"[0, 0, 0, 0, 0, 0, 0, 0, 0, 0, 0, 0, 0, 0, 0, 0, 0, 0, 0, 0, 0, 0, 0, 0]"
1179093982774607872_twitter,very excited to watch margot robbie kill all men in theaters this february,normal,"[0, 0, 0, 0, 0, 0, 0, 0, 0, 0, 0, 0, 0]"
22485424_gab,there you go he right <percent> muzzie population and you are done did someone call cair established flourishing in all <number> states with full knowledge of every policing agency,hatespeech,"[0, 0, 0, 0, 0, 0, 1, 0, 0, 0, 0, 0, 0, 0, 0, 0, 0, 0, 0, 0, 0, 0, 0, 0, 0, 0, 0, 0, 0]"
1243721_gab,didnt you all realize huma weiner was hiding something when she separated from carlos danger i bet the muslim brotherhood has her halfway back to saudi arabia by now maga gabfam draintheswap,offensive,"[0, 0, 0, 0, 0, 1, 0, 0, 0, 0, 0, 0, 0, 0, 0, 0, 0, 0, 1, 1, 1, 1, 1, 1, 1, 1, 1, 0, 0, 0, 0, 0]"
1178867086086553606_twitter,<user> <user> do you mean palette you utter hillbilly,offensive,"[0, 0, 0, 0, 0, 0, 1, 1, 1]"
1176161132488339456_twitter,<user> that ’ pretty gay bro,normal,"[0, 0, 0, 0, 0, 0]"
18933424_gab,it may be that i am in california they are mostly wetback catholics disgusting hostile creatures no matter what god they pray to,hatespeech,"[0, 0, 0, 0, 0, 0, 0, 0, 0, 0, 0, 1, 1, 1, 1, 1, 1, 1, 1, 1, 1, 1, 1]"
16771777_gab,you are a faggot confirmed and likely a kike as well it is kikery to claim you hate x this means you are x,hatespeech,"[0, 0, 0, 1, 0, 0, 0, 0, 1, 0, 0, 0, 0, 1, 0, 0, 0, 0, 0, 0, 0, 0, 0, 0]"
1170735670240907270_twitter,im sweet and don ’ t have the nature or guts to be rude bitchy prestige and sadly people take advantage of it,normal,"[0, 0, 0, 0, 0, 0, 0, 0, 0, 0, 0, 0, 0, 0, 0, 0, 0, 0, 0, 0, 0, 0, 0]"
1087669354370617345_twitter,men be complaining about women wearing too short clothes while they still wear their old ass sweatpants with <number> months old cum on it,normal,"[0, 0, 0, 0, 0, 0, 0, 0, 0, 0, 0, 0, 0, 0, 0, 0, 0, 0, 0, 0, 0, 0, 0, 0]"
14351799_gab,or someone suffering from a serious illness he needs support and intervention but that can not be done via cyberspace poor soul he turning off all the women of gabfam too what a mess,normal,"[0, 0, 0, 0, 0, 0, 0, 0, 0, 0, 0, 0, 0, 0, 0, 0, 0, 0, 0, 0, 0, 0, 0, 0, 0, 0, 0, 0, 0, 0, 0, 0, 0, 0]"
1208831325525958656_twitter,y ’ all really on my tl harassing this girl cause her friend brought her sneakers the ghetto i swear y ’ all tell y ’ all worth everyday on here,normal,"[0, 0, 0, 0, 0, 0, 0, 0, 0, 0, 0, 0, 0, 0, 0, 0, 0, 0, 0, 0, 0, 0, 0, 0, 0, 0, 0, 0, 0, 0, 0]"
20088200_gab,animals have hemoglobin and plasma too op bitch,offensive,"[0, 0, 0, 0, 0, 0, 1, 1]"
13770224_gab,i wonder when it ll finally come out that tony has niglet grandkids or gay sons,hatespeech,"[0, 0, 0, 0, 0, 0, 0, 0, 0, 0, 0, 1, 0, 0, 0, 0]"
25905133_gab,are we really this stupid as a species europe is turning into a muzzie infested hell hole but o the royal kikes are getting married let us celebrate o boy 😒,hatespeech,"[0, 0, 0, 0, 0, 0, 0, 0, 1, 1, 1, 1, 1, 1, 1, 1, 1, 1, 1, 1, 1, 1, 1, 1, 1, 0, 0, 0, 0, 0, 0]"
13814717_gab,these sub humans are out of control hey civic nationalists you think you will have our constitution when we are a minority it already dead with these nip kike nigger spic etc judges,hatespeech,"[0, 1, 1, 0, 0, 0, 0, 0, 0, 0, 0, 0, 0, 0, 0, 0, 0, 0, 0, 0, 0, 0, 0, 0, 0, 0, 0, 1, 1, 1, 1, 0, 0]"
23088833_gab,when gays hack into their gay mate facebook accounts do they change the status to i m straight and i love eating pussy,offensive,"[0, 1, 1, 1, 1, 1, 1, 0, 0, 0, 0, 0, 0, 0, 0, 0, 0, 0, 0, 0, 0, 0, 0]"
1179085820357152770_twitter,<user> those hindus in muslim countries r refugees if no then dlt this tweet,normal,"[0, 0, 0, 0, 0, 0, 0, 0, 0, 0, 0, 0, 0, 0]"
1268038905137369088_twitter,oh cause i thought a nigga who sound amp look gay said sum,offensive,"[1, 1, 1, 1, 1, 1, 1, 1, 1, 1, 1, 1, 1]"
4294338_gab,<user> oh and there the gay rainbow flag these are not women they are mostly lesbians irrelevant termagants with empty wombs,hatespeech,"[0, 0, 1, 1, 1, 1, 1, 1, 1, 1, 1, 1, 1, 1, 1, 1, 1, 1, 1, 1, 1]"
16043267_gab,oh wow the nyc terrorist was an anti trumper raghead what a surprise imagine mee shock how long until they bury this story,hatespeech,"[0, 0, 0, 0, 0, 0, 0, 1, 1, 1, 0, 0, 0, 0, 0, 0, 0, 0, 0, 0, 0, 0, 0]"
1179062852411363330_twitter,i had to be petty lmao ugly girl was going hard in the paint for her white trash sister in christ,offensive,"[0, 0, 0, 0, 0, 0, 1, 1, 0, 0, 0, 0, 0, 0, 0, 0, 1, 1, 1, 0, 0]"
11249431_gab,the heretical antipope of marxism has spoken never mind this pesky pedophilia problem but let invite every last moslem into christendom,offensive,"[1, 1, 1, 1, 1, 1, 1, 1, 1, 1, 1, 1, 1, 1, 1, 1, 1, 1, 1, 1, 1]"
1179095699826323456_twitter,<user> nope they should be praying i dont have a new nigga bitch by time they get out,normal,"[0, 0, 0, 0, 0, 0, 0, 0, 0, 0, 0, 0, 0, 0, 0, 0, 0, 0]"
1178682785793490944_twitter,love coming to work and hear cowboy fans talk like they was in the game lol nigga what number are you,normal,"[0, 0, 0, 0, 0, 0, 0, 0, 0, 0, 0, 0, 0, 0, 0, 0, 0, 0, 0, 0, 0]"
15921192_gab,are the sjws going to be upset that matt the playa lauer was appropriating ghetto behavior waiting for the protests crickets,offensive,"[0, 0, 0, 0, 0, 0, 0, 0, 0, 0, 0, 0, 0, 0, 1, 1, 0, 0, 0, 0, 0]"
20091959_gab,do not feel sorry for him quote the jew york times <number> in promoting international terrorism friend to israel and the jews destruction of family values and the uplifting gay transsexual rights and other perverse sexual deviants the non stop promotion of white genocide and anti white bigotry,hatespeech,"[0, 0, 0, 0, 0, 0, 1, 1, 1, 1, 1, 1, 1, 1, 1, 1, 1, 1, 1, 1, 1, 1, 1, 1, 1, 1, 1, 1, 1, 1, 1, 1, 1, 1, 1, 1, 1, 1, 1, 1, 1, 1, 1, 1, 1, 1, 1, 1]"
14834348_gab,according to the nrk police figures from olso reveal that over the past three years they have investigated a total of <number> cases of rape in that city all of these assaults reports nrk were carried out by non western immigrants to norway,normal,"[0, 0, 0, 0, 0, 0, 0, 0, 0, 0, 0, 0, 0, 0, 0, 0, 0, 0, 0, 0, 0, 0, 0, 0, 0, 0, 0, 0, 0, 0, 0, 0, 0, 0, 0, 0, 0, 0, 0, 0, 0, 0, 0]"
19945776_gab,labour loves the free movement of peoples in europe except when it leads to brown people feelings getting hurt this street shitting raghead need a one way ticket back to which ever shit hole country he crawled out of,hatespeech,"[0, 0, 0, 0, 0, 0, 0, 0, 0, 0, 0, 0, 0, 0, 1, 1, 0, 0, 0, 0, 1, 1, 1, 0, 0, 0, 0, 0, 0, 0, 0, 0, 1, 1, 1, 0, 0, 0, 0]"
17308816_gab,sheriff clark thinks the ghetto can be fixed i think i know more about n ggers than he does send them all back to africa that the fix,hatespeech,"[0, 0, 0, 0, 1, 0, 0, 0, 0, 0, 0, 0, 0, 0, 1, 1, 0, 0, 0, 1, 1, 1, 1, 1, 1, 1, 1, 1]"
23895200_gab,someone she has not muted should really point out to ion that sinead is a proud mudshark and kikelover,hatespeech,"[0, 0, 0, 0, 0, 0, 0, 0, 0, 0, 0, 0, 0, 0, 0, 1, 1, 1, 1]"
12180175_gab,whoever has been desperately trying to fire up a race war in america must not realize how decent patient accepting and forgiving us white devils really are up until the point where somebody does something unforgivable like using us as the scapegoat for your history of horrible decisions,offensive,"[0, 0, 0, 0, 1, 1, 1, 1, 1, 1, 1, 1, 1, 0, 0, 0, 0, 0, 0, 0, 0, 0, 0, 1, 1, 0, 0, 0, 0, 0, 0, 0, 0, 0, 0, 0, 1, 1, 1, 1, 1, 1, 1, 1, 1, 1, 1, 1]"
6560389_gab,canada has detained more refugees illegal immigrants than the usa has their pr person needs a raise,normal,"[0, 0, 0, 0, 0, 0, 0, 0, 0, 0, 0, 0, 0, 0, 0, 0, 0]"
14290828_gab,do not even talk to this nigger <user> you do not have to defend a thing to him jesus he calling our men dickriders ffs everyone knows that black males do nothing but dickride does anyone even know what that means it sounds nasty,hatespeech,"[0, 0, 0, 0, 0, 0, 1, 0, 0, 0, 0, 0, 0, 0, 0, 0, 0, 0, 0, 0, 0, 0, 0, 1, 0, 0, 0, 0, 1, 1, 1, 1, 1, 1, 0, 0, 0, 0, 0, 0, 0, 0, 0, 0]"
20312985_gab,another day on gab another boomer faggot <number> d <user> <number> <number>,hatespeech,"[0, 0, 0, 1, 0, 1, 1, 0, 0, 0, 0, 0]"
1179038339149656064_twitter,<user> <user> completely makes me sick that all the children raped by muslim rape gangs are being silenced by the under reporting of it but the left wing media go off the scale when some women was touch on the knee <number> years ago 🤬,normal,"[0, 0, 0, 0, 0, 0, 0, 0, 0, 0, 0, 0, 0, 0, 0, 0, 0, 0, 0, 0, 0, 0, 0, 0, 0, 0, 0, 0, 0, 0, 0, 0, 0, 0, 0, 0, 0, 0, 0, 0, 0, 0, 0, 0, 0]"
15062597_gab,what sort of white man or woman would vote for this nigger,hatespeech,"[1, 1, 0, 1, 1, 1, 1, 0, 1, 1, 0, 1]"
20914058_gab,public hanging from a short drop let him twist in the wind as a warning to any other nigger thinking about hurting any white woman,hatespeech,"[1, 1, 0, 0, 0, 1, 1, 1, 1, 1, 1, 1, 1, 1, 1, 1, 1, 1, 1, 1, 1, 1, 1, 1, 1]"
13232517_gab,fire every nigger in the nfl if need be who gives a fuck,hatespeech,"[1, 1, 1, 1, 1, 1, 1, 1, 1, 0, 0, 0, 0]"
1178830793545781249_twitter,<user> <user> <user> lord almighty thank you for the peace that comes when a predator feels your wrath very historic indeed no other african american comedian has raped a lesbian to expose his serial rapist past and expose the enablers who praise the false idol he in prison praise jesus 🙏,normal,"[0, 0, 0, 0, 0, 0, 0, 0, 0, 0, 0, 0, 0, 0, 0, 0, 0, 0, 0, 0, 0, 0, 0, 0, 0, 0, 0, 0, 0, 0, 0, 0, 0, 0, 0, 0, 0, 0, 0, 0, 0, 0, 0, 0, 0, 0, 0, 0, 0, 0, 0]"
1092391125686669312_twitter,rt carlosphoenix to p50 fans ariana grande,normal,"[0, 0, 0, 0, 0, 0, 0]"
1203280822704492544_twitter,free gay muscle anime pictures best household sex toys sex change tests,offensive,"[1, 1, 0, 0, 0, 0, 0, 1, 0, 1, 1, 1]"
1178197603697283072_twitter,ain t enough dude wrestlers who look like old lesbians lots of middle aged wine aunts but no seasoned dykes,normal,"[0, 0, 0, 0, 0, 0, 0, 0, 0, 0, 0, 0, 0, 0, 0, 0, 0, 0, 0, 0]"
1179084466066731012_twitter,amazing how white south africans still manage to look corporate in their swimming costumes,normal,"[0, 0, 0, 0, 0, 0, 0, 0, 0, 0, 0, 0, 0, 0]"
1179012999698366464_twitter,<user> or when a dutch university student board organised a white trash party their words and advertised for it with huge confederate flags,normal,"[0, 0, 0, 0, 0, 0, 0, 0, 0, 0, 0, 0, 0, 0, 0, 0, 0, 0, 0, 0, 0, 0, 0]"
18905987_gab,they whipped baseballs at nigger heads literally lol the olden days were awesome,hatespeech,"[0, 1, 1, 1, 1, 1, 0, 0, 0, 0, 0, 0, 0]"
1144594565720092672_twitter,okay but realistically speaking i am way better at dealing with heat than the cold arabs be like,normal,"[0, 0, 0, 0, 0, 0, 0, 0, 0, 0, 0, 0, 0, 0, 0, 0, 0, 0]"
1178196619159670784_twitter,before anyone passes judgement i wanna let it be known that im <percent> trailer trash,normal,"[0, 0, 0, 0, 0, 0, 0, 0, 0, 0, 0, 0, 0, 0, 0]"
1246602083882721280_twitter,yall going to war for that dick huh ghetto,normal,"[0, 0, 0, 0, 0, 0, 0, 0, 0]"
19062875_gab,imagine canada with <number> <number> of these retarded niggas in canada canadians are not used to be confronted by garbage like this yet canada shit skin moslem immigration minister ahmed hussen wants to bring <number> <number> of these animals to canada,hatespeech,"[1, 1, 1, 1, 1, 1, 1, 1, 1, 1, 1, 1, 1, 1, 1, 1, 1, 1, 1, 1, 1, 1, 1, 1, 1, 1, 1, 1, 1, 1, 1, 1, 1, 1, 1, 1, 1, 1, 1, 1, 1]"
1179012930681085952_twitter,<user> you need potassium eat a banana you fucking nigger,hatespeech,"[0, 0, 0, 0, 1, 1, 1, 1, 1, 1]"
14274324_gab,look at this bloated nigger sow 😑,hatespeech,"[0, 0, 0, 0, 1, 0, 0]"
1178856741108408321_twitter,i hate everyone wearing white playing mnf,normal,"[0, 0, 0, 0, 0, 0, 0]"
1178998585066700801_twitter,my mom has a nasty unhealthy obsession with me shesa sick nasty bitch that needs to be locked up with my dad and grandma when they are near i feel like im being raped i get so filled with rage they are really sick,normal,"[0, 0, 0, 0, 0, 0, 0, 0, 0, 0, 0, 0, 0, 0, 0, 0, 0, 0, 0, 0, 0, 0, 0, 0, 0, 0, 0, 0, 0, 0, 0, 0, 0, 0, 0, 0, 0, 0, 0, 0, 0, 0, 0, 0]"
1178760102012174338_twitter,being sexually attracted to white guys is a fucking disease,hatespeech,"[0, 1, 1, 1, 1, 1, 1, 1, 1, 1]"
1178752480768925696_twitter,<user> remorseful my lilly white ass 😡 😡 😡 👌 👌 👌 👌 👌 👌 👌 👌 👌 👌 👌 👌 👌,normal,"[0, 0, 0, 0, 0, 0, 0, 0, 0, 0, 0, 0, 0, 0, 0, 0, 0, 0, 0, 0, 0, 0]"
1165134672168460288_twitter,<user> he was hacked today by a racist amp a nazi and somehow people forgot he was already racist himself ¯ ツ ¯,offensive,"[0, 0, 0, 0, 0, 0, 0, 1, 0, 0, 1, 0, 0, 0, 0, 0, 0, 0, 1, 0, 0, 0, 0]"
16289686_gab,i do not care what anyone does on here to make me look bad i am more interested in the truth than what some retard wants to say about me in case u have not noticed,offensive,"[0, 0, 0, 0, 0, 0, 0, 0, 0, 0, 0, 0, 0, 0, 0, 0, 0, 0, 0, 0, 0, 0, 0, 0, 1, 0, 0, 0, 0, 0, 0, 0, 0, 0, 0, 0]"
1142341419140636672_twitter,<user> w why is he a nazi,offensive,"[0, 0, 0, 0, 0, 0, 1]"
19117364_gab,msm always lies about the muzrat terrorist attacks until after the initial outrage dies down,hatespeech,"[0, 0, 0, 0, 0, 1, 1, 1, 0, 0, 0, 0, 0, 0, 0]"
1122733589018357760_twitter,dykes are tougher than lightskin niggas,normal,"[1, 0, 0, 0, 0, 1]"
1179081870665031680_twitter,i amma get shadow keep join me in doing so faggots,offensive,"[0, 0, 0, 0, 0, 0, 0, 0, 0, 0, 1]"
1230213866337914880_twitter,<user> he will probably be too busy selling his undies to nazis on ebay,normal,"[0, 0, 0, 0, 0, 0, 0, 0, 0, 0, 0, 0, 0, 0]"
15428265_gab,president trump invited blm and black caucus to the white house to discuss funding poor democratic inner city ghetto black children schools trade schools rebuilding neighborhoods safer neighborhoods blm and black caucus said no we will not go to white house said we do not care about poor ghetto blacks,normal,"[0, 0, 0, 0, 0, 0, 0, 0, 0, 0, 0, 0, 0, 0, 0, 0, 0, 0, 0, 0, 0, 0, 0, 0, 0, 0, 0, 0, 0, 0, 0, 0, 0, 0, 0, 0, 0, 0, 0, 0, 0, 0, 0, 0, 0, 0, 0, 0, 0, 0]"
16633583_gab,do you have single moms or married women thirsting after you,normal,"[0, 0, 0, 0, 0, 0, 0, 0, 0, 0, 0]"
1091064110802862086_twitter,he got bitches and i got niggas but we know wassup 🤫,offensive,"[0, 0, 1, 0, 0, 0, 0, 0, 0, 0, 0, 0]"
1125478379304751106_twitter,hm term limits jews worst enemy ‘ tis why florida is best state,offensive,"[0, 1, 1, 1, 1, 1, 0, 0, 0, 0, 0, 0, 0]"
1117994671408656384_twitter,everybody posting tiger idc of the nigga cured sickle cell with one hand tied behind his back wearing a blindfold fuck tiger,normal,"[0, 0, 0, 0, 0, 0, 0, 0, 0, 0, 0, 0, 0, 0, 0, 0, 0, 0, 0, 0, 0, 0]"
1177818892955193344_twitter,<user> stop pretending your sarcasm over a towel head shot in texas is obvious and disgusting fake thoughts and prayers,normal,"[0, 0, 0, 0, 0, 0, 0, 0, 0, 0, 0, 0, 0, 0, 0, 0, 0, 0, 0, 0]"
12371448_gab,what we needed were <number> minute videos playing <number> <number> in <number> tv warning us about the evil hart celler kike change the people immigration scheme,hatespeech,"[0, 0, 0, 0, 0, 0, 0, 0, 0, 0, 0, 0, 0, 0, 0, 0, 0, 0, 0, 0, 1, 0, 0, 0, 0, 0]"
1178943122996256773_twitter,<user> you can not say the n word just like i would not call a gay person a faggot weird point to make cause he still seems perfectly fine saying faggot not like anyone is advocating to let white people go arround calling random black people nigger kinda defeats itself,normal,"[0, 0, 0, 0, 0, 0, 0, 0, 0, 0, 0, 0, 0, 0, 0, 0, 0, 0, 0, 0, 0, 0, 0, 0, 0, 0, 0, 0, 0, 0, 0, 0, 0, 0, 0, 0, 0, 0, 0, 0, 0, 0, 0, 0, 0, 0, 0, 0, 0, 0]"
8739790_gab,i should write a comic book about a white superhero who takes a woodchipper to a ghetto hospital an throws all the newborn niglets into it 😹 😹 😹,hatespeech,"[0, 0, 0, 0, 0, 0, 0, 0, 1, 1, 1, 1, 1, 1, 1, 1, 1, 1, 1, 1, 1, 1, 1, 1, 0, 0, 0, 0, 0]"
16825506_gab,we can either all gang up on the kike or the kike can get everyone to gang up on us,hatespeech,"[0, 0, 0, 0, 1, 1, 1, 1, 1, 0, 0, 1, 0, 0, 0, 0, 0, 0, 0, 0]"
22156636_gab,we were the urchins from my own private idaho who blindly searched for our identity among ghetto thugs skins and the lost,normal,"[0, 0, 0, 0, 0, 0, 0, 0, 0, 0, 0, 0, 0, 0, 0, 0, 0, 0, 0, 0, 0, 0]"
18796136_gab,the ultimate anti muslim weapon a muslim being killed by a women means no virgins in heaven the armed kurdish women brigades caused fear and running of isis in syria this is the time for our sisters to take control of the destiny of the human race,offensive,"[0, 1, 1, 1, 1, 1, 1, 1, 0, 0, 0, 0, 0, 0, 0, 0, 0, 0, 0, 0, 0, 0, 0, 0, 0, 0, 0, 0, 0, 0, 0, 0, 0, 0, 0, 0, 0, 0, 0, 0, 0, 0, 0, 0, 0, 0, 0]"
1241053575255482369_twitter,<user> its ok to be gay,normal,"[0, 0, 0, 0, 0, 0]"
1142152131748794368_twitter,i like when they pretty and ghetto type of bitch that don ’ t even say hello,normal,"[0, 0, 0, 0, 0, 0, 0, 0, 0, 0, 0, 0, 0, 0, 0, 0, 0]"
10622597_gab,<user> damn you now whenever i can not figure out what to say the first thing that pops into my head is wait for it lol nigger,normal,"[0, 0, 0, 0, 0, 0, 0, 0, 0, 0, 0, 0, 0, 0, 0, 0, 0, 0, 0, 0, 0, 0, 0, 0, 0, 0, 0]"
16163917_gab,what kind of ironic about this is that a lot of deep ghetto blacks have asiatic eyes anyone else notice the same thing,offensive,"[0, 0, 0, 0, 0, 0, 0, 0, 0, 0, 0, 1, 1, 1, 0, 0, 0, 0, 0, 0, 0, 0, 0]"
4321340_gab,<user> lets see what they will do to the smelly kike who composed that tweet and whose name is visible in the photo the world awaits his lynching with relish,hatespeech,"[0, 0, 0, 0, 0, 0, 0, 0, 0, 1, 1, 0, 0, 0, 0, 0, 0, 0, 0, 0, 0, 0, 0, 1, 1, 1, 1, 1, 0, 0]"
19983514_gab,hollywood peddles violence and murder then wants to take our guns,normal,"[0, 0, 0, 0, 0, 0, 0, 0, 0, 0, 0]"
25267753_gab,faggots and dykes have no busines adopting children or having children through surrogates thes4 degenerates only want kids to groom them into being the next generation of fags and dykes,hatespeech,"[1, 1, 1, 0, 0, 0, 0, 0, 0, 0, 0, 0, 0, 1, 1, 0, 1, 1, 1, 1, 1, 0, 0, 0, 0, 0, 0, 0, 0, 0]"
1178794873031254016_twitter,these white maggots are obviously very angry and want to murder me because i am not socially emotionally and intellectually retarded like their children obviously are,hatespeech,"[1, 1, 1, 0, 0, 0, 0, 0, 0, 0, 0, 0, 0, 0, 0, 1, 1, 1, 1, 1, 1, 1, 1, 1, 1, 1]"
14557895_gab,ya you really hurt my feelings what you had has a profound effect on me you must be a kike to think like this,offensive,"[0, 0, 0, 0, 0, 0, 0, 0, 0, 0, 0, 0, 0, 0, 0, 0, 0, 0, 0, 1, 0, 0, 0, 0]"
11921012_gab,yes he was a queer as well he had something on the cops,normal,"[0, 0, 0, 0, 0, 0, 0, 0, 0, 0, 0, 0, 0]"
22951616_gab,speaking of does anyone know which goy group the jews intermarry with in the greatest numbers i was under the impression it was either asians or catholics,offensive,"[0, 0, 0, 0, 0, 0, 1, 1, 0, 1, 1, 0, 0, 0, 0, 0, 0, 0, 0, 0, 0, 0, 0, 0, 0, 0, 0]"
4430245_gab,there good reason for trump to order a major fbi investigation of vast voting by illegal immigrants in various cities but only after he gotten through his nominations and major legislation for this congress the political shitstorm from mayors and other democratic officials will be fantastic,normal,"[0, 0, 0, 0, 0, 0, 0, 0, 0, 0, 0, 0, 0, 0, 0, 0, 0, 0, 0, 0, 0, 0, 0, 0, 0, 0, 0, 0, 0, 0, 0, 0, 0, 0, 0, 0, 0, 0, 0, 0, 0, 0, 0, 0, 0, 0]"
13110372_gab,<user> lol you follow whiteboys here i can not tell if it for gay interests or white supremacy,normal,"[0, 0, 0, 0, 0, 0, 0, 0, 0, 0, 0, 0, 0, 0, 0, 0, 0, 0]"
1179050016616468481_twitter,<user> please do not kill yourself 😔,normal,"[0, 0, 0, 0, 0, 0, 0]"
1104479512463499264_twitter,date of birth may 5 th deidara bot,normal,"[0, 0, 0, 0, 0, 0, 0, 0]"
1162817415685857280_twitter,i do not blame orlando pie rats for loosing like this they are drunk from that black label 😂 😂 😂 mtn 8 ss diski wafa wafa,normal,"[0, 0, 0, 0, 0, 0, 0, 0, 0, 0, 0, 0, 0, 0, 0, 0, 0, 0, 0, 0, 0, 0, 0, 0, 0, 0, 0]"
1179041200294244352_twitter,<user> hate you,normal,"[0, 0, 0]"
24848318_gab,keep the nigger kids in africa in fact let the two dykes move there too,hatespeech,"[1, 1, 1, 1, 1, 1, 1, 1, 1, 1, 1, 1, 1, 1, 1]"
1177986186989715457_twitter,<user> basically made a towelhead joke about punjabi ppl 😐,normal,"[0, 0, 0, 0, 0, 0, 0, 0, 0, 0]"
1184291221008769024_twitter,just blocked all the pretty females what yall ugly bitches up to,offensive,"[0, 0, 0, 0, 0, 0, 0, 0, 1, 1, 0, 0]"
1018691_gab,<user> hopefully any and all moslem run countries,normal,"[0, 0, 0, 0, 0, 0, 0, 0]"
1179088797964763136_twitter,<user> i am bit confused coz chinese ppl can not access twitter thn how this ching chong using it i think he pakistani 🤔 🤔 🤔,hatespeech,"[0, 0, 0, 0, 0, 0, 0, 0, 0, 0, 0, 0, 0, 0, 0, 1, 1, 0, 0, 0, 0, 0, 0, 0, 0, 0]"
23240052_gab,trump is not a kike he a shabbos goy who works nonstop for the promotion of israel first policies go re in your ghetto forums,hatespeech,"[0, 0, 0, 0, 1, 0, 0, 1, 1, 0, 0, 0, 0, 0, 0, 0, 0, 0, 0, 0, 0, 0, 0, 1, 0]"
23804299_gab,yeah the other nazi faggots would probably call you a pussy if you did not swallow,offensive,"[0, 1, 1, 1, 1, 1, 1, 1, 1, 1, 1, 1, 1, 1, 1, 1]"
1179074540384784385_twitter,<user> since the attacker is <number> percent likely to be a muslim immigrant the news media will not run it but they will if it was a white finn attacking muslim kids,normal,"[0, 0, 0, 0, 0, 0, 0, 0, 0, 0, 0, 0, 0, 0, 0, 0, 0, 0, 0, 0, 0, 0, 0, 0, 0, 0, 0, 0, 0, 0, 0, 0]"
16561139_gab,cool story bro tell me the one about the based nigger in a trump hat next,offensive,"[0, 0, 0, 0, 0, 0, 0, 0, 0, 0, 1, 0, 0, 0, 0, 0]"
25002103_gab,superman was written by a kike about his fantasy of smashing fascists kek just fyi,hatespeech,"[0, 0, 0, 0, 0, 1, 0, 0, 0, 0, 0, 0, 1, 0, 0]"
1178876748508880896_twitter,season <number> of 90 day fiance i have feelings about this seemingly cute couple danny white pa and amy biracial south africa,normal,"[0, 0, 0, 0, 0, 0, 0, 0, 0, 0, 0, 0, 0, 0, 0, 0, 0, 0, 0, 0, 0, 0]"
18620373_gab,typical nfl protester most likely prone to violence and debauchery acts self righteous two minutes then hops in back of limo with three hookers after game,offensive,"[0, 1, 1, 0, 0, 1, 1, 1, 1, 1, 0, 0, 0, 0, 0, 0, 0, 0, 0, 0, 0, 0, 1, 1, 1, 0]"
9195297_gab,<number> million that is what st mike brown family just got a yesterday after they won the ghetto lotto rob a store and attempt to kill a cop get paid <number> mill cash and more in prizes the looting,normal,"[0, 0, 0, 0, 0, 0, 0, 0, 0, 0, 0, 0, 0, 0, 0, 0, 0, 0, 0, 0, 0, 0, 0, 0, 0, 0, 0, 0, 0, 0, 0, 0, 0, 0, 0, 0, 0, 0, 0]"
1179072840211013632_twitter,<user> there several countries that take in refugees while unemployment and poverty are very high we should not take in any illegal immigrants right now,normal,"[0, 0, 0, 0, 0, 0, 0, 0, 0, 0, 0, 0, 0, 0, 0, 0, 0, 0, 0, 0, 0, 0, 0, 0, 0]"
13720526_gab,problem with jewish holocaust is that what really happened does not live up to expectations no gas chambers no shootings no experiments just starvation and typhus for less than <number> same shit as with every pow in history real events do not live up to hype like almost everything jews promote,offensive,"[1, 1, 1, 1, 1, 1, 1, 1, 1, 1, 1, 1, 1, 1, 1, 0, 0, 0, 0, 0, 0, 0, 0, 0, 0, 0, 0, 0, 0, 0, 1, 1, 1, 1, 1, 1, 1, 1, 1, 1, 1, 1, 1, 1, 1, 1, 1, 1, 1, 1, 1]"
1178865112482013184_twitter,<user> the nigger has been prosperous too long so they gotta big up the below average play from the glorious white savior,hatespeech,"[0, 1, 1, 0, 0, 0, 0, 0, 0, 0, 0, 0, 0, 0, 0, 0, 0, 0, 0, 0, 0, 0]"
12636385_gab,george washington would have had you hanged for being a cuck faggot the founders did not create the us constitution for every zipperhead jigaboo dothead kike goatfucker faggot and tranny on the planet,hatespeech,"[1, 1, 1, 1, 1, 1, 1, 1, 1, 1, 1, 1, 1, 1, 1, 1, 1, 1, 1, 1, 1, 1, 1, 1, 1, 1, 1, 1, 1, 1, 1, 1, 1]"
16511498_gab,the nigger tax strikes again,hatespeech,"[0, 1, 0, 0, 0]"
1179072069847248896_twitter,dislike food eggplant capsicum paprika favourite colour yellow charm point mole at the mouth strong point brave weak point too serious favourite fashion black and white with only the shoes in colours cap hat,normal,"[0, 0, 0, 0, 0, 0, 0, 0, 0, 0, 0, 0, 0, 0, 0, 0, 0, 0, 0, 0, 0, 0, 0, 0, 0, 0, 0, 0, 0, 0, 0, 0, 0, 0]"
1179011759979614208_twitter,<user> hey those who do not want to understand never will it always starts with the person in question there no need to kill yourself over someone who does not want to change when many people do and will ^^ it never your fault when someone stuck in their position,normal,"[0, 0, 0, 0, 0, 0, 0, 0, 0, 0, 0, 0, 0, 0, 0, 0, 0, 0, 0, 0, 0, 0, 0, 0, 0, 0, 0, 0, 0, 0, 0, 0, 0, 0, 0, 0, 0, 0, 0, 0, 0, 0, 0, 0, 0, 0, 0, 0, 0, 0]"
1224155999516463104_twitter,miss my ghetto bitches,normal,"[0, 0, 1, 1]"
1178728780937998337_twitter,<user> <user> listen you faggots it all bollocks you know twat is the best,hatespeech,"[0, 0, 1, 1, 1, 0, 0, 0, 0, 0, 0, 0, 0, 0]"
1178323750519005184_twitter,get that person out of here rallies mexican immigrants r murderers rapist shootings russia if you are listening hacking we need to protect the whistleblower at all cost you know what we use to do to spies trump uses his platform to insite violence get results,normal,"[0, 0, 0, 0, 0, 0, 0, 0, 0, 0, 0, 0, 0, 0, 0, 0, 0, 0, 0, 0, 0, 0, 0, 0, 0, 0, 0, 0, 0, 0, 0, 0, 0, 0, 0, 0, 0, 0, 0, 0, 0, 0, 0, 0, 0, 0]"
1202892680914554880_twitter,want <number> see rapists of nirbhaya to be hanged on the day she was brutally raped ramnathkovind,normal,"[0, 0, 0, 0, 0, 0, 0, 0, 0, 0, 0, 0, 0, 0, 0, 0, 0]"
11355837_gab,higher than a nigger tho,hatespeech,"[0, 0, 0, 1, 0]"
1252162171603124225_twitter,<user> <user> not migrants these are illegal immigrants which makes them criminals either lock them up or deport them,hatespeech,"[0, 0, 0, 0, 0, 0, 1, 1, 1, 1, 1, 1, 1, 1, 1, 1, 1, 1, 1]"
1113045006833668096_twitter,<user> to say nothing of the proliferation of nazi parties post wall fall versus nonexistence before,normal,"[0, 0, 0, 0, 0, 0, 0, 0, 0, 0, 0, 0, 0, 0, 0, 0]"
15626639_gab,super ugly nigger bitch drowns her <number> day old baby,hatespeech,"[1, 1, 1, 1, 0, 0, 0, 0, 0, 0]"
1089219921479909376_twitter,<user> that is a fucking ridiculous decision,offensive,"[0, 0, 0, 0, 1, 0, 0]"
1091316008126537729_twitter,they are cursed to float forever deep in the swirling blackness far beyond the light reach,normal,"[0, 0, 0, 0, 0, 0, 0, 0, 0, 0, 0, 0, 0, 0, 0, 0]"
1179013852681428998_twitter,<user> as long as it valid truthful no woman really cares i have seen mgtow men claim men are abused more than women they are raped more than women some mgtow are very kind people who have been able to find a great community behind them others are incels who hate women,normal,"[0, 0, 0, 0, 0, 0, 0, 0, 0, 0, 0, 0, 0, 0, 0, 0, 0, 0, 0, 0, 0, 0, 0, 0, 0, 0, 0, 0, 0, 0, 0, 0, 0, 0, 0, 0, 0, 0, 0, 0, 0, 0, 0, 0, 0, 0, 0, 0, 0, 0, 0, 0]"
21366034_gab,cool i see white people having babies with asians and blacks at this moment,normal,"[0, 0, 0, 0, 0, 0, 0, 0, 0, 0, 0, 0, 0, 0]"
1142856882333323268_twitter,<user> <user> is that what she d say if her six year old daughter were raped by a pedophile i do not fucking thick so,normal,"[0, 0, 0, 0, 0, 0, 0, 0, 0, 1, 1, 1, 1, 1, 1, 1, 1, 1, 1, 0, 0, 0, 1, 0, 0]"
16970442_gab,no it because you are a worthless corrupt racist delusional and dumb as a retarded somalian bitch that why,offensive,"[0, 0, 0, 0, 0, 0, 1, 1, 1, 1, 1, 1, 1, 1, 1, 1, 1, 0, 0]"
4013512_gab,<user> fedgov is not legal and the non whites are certainly voting massively left it in large part the jew wish for white death why are you lying,offensive,"[0, 0, 0, 0, 0, 0, 0, 1, 1, 1, 1, 1, 1, 0, 0, 0, 0, 0, 0, 1, 1, 1, 1, 1, 0, 0, 0, 0]"
1178775205319188481_twitter,<user> i will call my friends and we go fuck up that nigger,hatespeech,"[0, 0, 0, 0, 0, 0, 0, 0, 0, 0, 0, 0, 1]"
1191534008183775232_twitter,dapping up your skinny homies is annoying man you gotta be ready for a powerful embrace stop stumbling bro you scaring the women,normal,"[0, 0, 0, 0, 0, 0, 0, 0, 0, 0, 0, 0, 0, 0, 0, 0, 0, 0, 0, 0, 0, 0, 0]"
19151211_gab,yeah i know but this is one part of the whole picture and for faggots that keep harping on about elections as if it our whole point of the movement,offensive,"[0, 0, 0, 0, 0, 0, 0, 0, 0, 0, 0, 0, 1, 1, 1, 1, 1, 1, 1, 1, 1, 1, 1, 0, 0, 0, 0, 0, 0, 0]"
27201633_gab,so i posted on craigslist rnr wondering why there were so many beaners in this town and i get this as a response i knew there were illiterates out there but this one is ridiculous,offensive,"[0, 0, 0, 0, 0, 0, 0, 0, 0, 0, 0, 0, 1, 0, 0, 0, 0, 0, 0, 0, 0, 0, 0, 0, 0, 0, 0, 0, 0, 0, 0, 0, 0, 0, 0]"
1179104849222410240_twitter,my new bit is saying <number> million jews died in the holocaust and logging off,normal,"[0, 0, 0, 0, 0, 0, 0, 0, 0, 0, 0, 0, 0, 0, 0]"
8465700_gab,except it asians that have the lowest odds for given credentials if natural enrollment would be 2 0 a75w5b under affirmative action you get 5 a75w20b whites get another advantage in that 1 5 b will pad the bottom ranks while 1 5 a spaces will open up at the top further advantages in grad rates,normal,"[0, 0, 0, 0, 0, 0, 0, 0, 0, 0, 0, 0, 0, 0, 0, 0, 0, 0, 0, 0, 0, 0, 0, 0, 0, 0, 0, 0, 0, 0, 0, 0, 0, 0, 0, 0, 0, 0, 0, 0, 0, 0, 0, 0, 0, 0, 0, 0, 0, 0, 0, 0, 0, 0, 0, 0]"
1220372133328670720_twitter,<user> people who dislike his character went full retard,offensive,"[0, 1, 1, 1, 1, 1, 1, 1, 1]"
1261845551877885953_twitter,assuming jeff already is a trillionaire if he was to be muslim he ’ d pay £ <number> billion zakat,normal,"[0, 0, 0, 0, 0, 0, 1, 1, 1, 1, 1, 1, 1, 1, 1, 1, 1, 1, 1, 1]"
10120104_gab,the mafia will leave severed goat heads on the beds of moslem refugees,hatespeech,"[0, 0, 0, 0, 0, 1, 1, 0, 0, 0, 0, 1, 1]"
10152676_gab,bindis are like if god had a retarded little brother who tried to make humans too mpcstatusupdates,normal,"[0, 0, 0, 0, 0, 0, 0, 1, 1, 1, 1, 1, 1, 1, 1, 0, 0]"
1178760494364200960_twitter,<user> <user> another hoax against caucasians • is this crap that keeps happening to white folks our white privilege that we keep hearing about,normal,"[0, 0, 0, 0, 0, 0, 0, 0, 0, 0, 0, 0, 0, 0, 0, 0, 0, 0, 0, 0, 0, 0, 0, 0]"
1178907261047050240_twitter,<user> whoa man that pretty homosexual of you you are gonna have to say no homo,normal,"[0, 0, 0, 0, 0, 0, 0, 0, 0, 0, 0, 0, 0, 0, 0, 0]"
20317635_gab,fuck what this kike cunt has to say only thing she is good for is sticking a cock down her throat so she can not talk,hatespeech,"[1, 0, 0, 1, 1, 0, 0, 0, 0, 0, 0, 0, 0, 0, 0, 0, 0, 1, 1, 1, 1, 0, 0, 0, 0, 0]"
27694837_gab,shut the fuck up pagan faggot,hatespeech,"[1, 1, 1, 1, 1, 1]"
1245975129651179520_twitter,i ’ ve finally reached the point in queer apocalyptic survival and have shaved parts of my hair off,normal,"[0, 0, 0, 0, 0, 0, 0, 0, 0, 0, 0, 0, 0, 0, 0, 0, 0, 0, 0]"
19991662_gab,boss find it really interesting contrasted w the current bounty <money> a nigger head for the less productive members of the tribe those particular nigger heads are some of the oldest hebrew heads on the planet happy easter from the levant,hatespeech,"[0, 0, 0, 0, 0, 0, 0, 0, 0, 0, 1, 1, 1, 1, 0, 0, 0, 0, 0, 0, 0, 0, 0, 0, 1, 1, 0, 0, 0, 0, 0, 1, 1, 0, 0, 0, 0, 0, 0, 0, 0]"
22952569_gab,were the founding fathers blacks and hispanics and asians can you tell me because i am color blind,normal,"[0, 0, 0, 0, 0, 0, 0, 0, 0, 0, 0, 0, 0, 0, 0, 0, 0, 0]"
1840565_gab,<user> he threw up a nazi salute there not amount of interpretation when it comes to the masses there is zero doubt in my mind richard spencer participated in a cointel plot to steal the news cycle from trump possibly incite further violence,hatespeech,"[0, 0, 0, 0, 0, 1, 1, 0, 0, 0, 0, 0, 0, 0, 0, 0, 0, 0, 0, 0, 0, 0, 0, 0, 0, 0, 0, 0, 0, 0, 1, 1, 1, 1, 1, 1, 1, 1, 1, 1, 1, 1, 1]"
19026062_gab,all because i wrote faggot and nigger bunch of niggerfaggots,hatespeech,"[1, 1, 1, 1, 1, 1, 1, 1, 1, 1]"
27934122_gab,the bitch calls herself hoe that all ya need to know red flag she prolly a kike too dark eyes bulbous nose fat the hair is prolly bleached blonde,hatespeech,"[0, 1, 0, 0, 0, 0, 0, 0, 0, 0, 0, 0, 0, 0, 0, 0, 1, 0, 0, 0, 1, 1, 0, 0, 0, 0, 0, 0, 0]"
1178783381934526465_twitter,sabine wren is a raging queer,normal,"[0, 0, 0, 0, 0, 0]"
18971190_gab,why is that little bitch bubble boy marco rubio doing sitting down get your ass up and clap before we send you back to your commie island,offensive,"[0, 0, 0, 1, 1, 1, 1, 0, 0, 0, 0, 0, 0, 0, 0, 0, 0, 0, 0, 0, 0, 0, 0, 0, 0, 1, 1]"
21542607_gab,now you are just a stupid cuck with your gay ass optics and asian gf linking daily stormer tho that weird cuz ur a gay ass optics cuck,hatespeech,"[0, 1, 1, 1, 1, 1, 1, 1, 1, 1, 1, 1, 1, 1, 1, 0, 0, 0, 0, 1, 1, 1, 1, 1, 1, 1, 1, 1]"
1181124042721378304_twitter,the film is dark the cinematography was insane joaquin phoenix is crazy 💯,normal,"[0, 0, 0, 0, 0, 0, 0, 0, 0, 0, 0, 0, 0]"
22358829_gab,a revolution without guns good luck with that this little faggot comes knocking on my door its not going to end well for him or his little tree hugging commie class mates,offensive,"[0, 0, 0, 0, 0, 0, 0, 0, 1, 1, 1, 1, 1, 1, 1, 1, 1, 1, 1, 1, 1, 1, 1, 1, 1, 1, 1, 1, 1, 1, 1, 1]"
1082834219456516096_twitter,<user> rob my man i ’ m sorry but your a retarded pedo,offensive,"[0, 0, 0, 0, 0, 0, 0, 0, 0, 0, 0, 1, 1]"
13646100_gab,normal people really what not a kike jews sucking faggot do you nazis have definition for that cause think i fall there you huge douchebag fucks,hatespeech,"[0, 0, 0, 0, 0, 0, 1, 1, 0, 1, 0, 0, 0, 0, 0, 0, 0, 0, 0, 0, 0, 0, 0, 0, 1, 0]"
1162817977726750721_twitter,that nigga ice give new york niggas a bad rep,normal,"[0, 0, 0, 0, 0, 0, 0, 0, 0, 0]"
20338528_gab,usurper moslem fraud usurper,hatespeech,"[0, 1, 1, 0]"
15911604_gab,um but you do realize that jesus was a kike and that christianity was originally another like cult right,hatespeech,"[0, 0, 0, 0, 0, 0, 0, 0, 0, 1, 0, 0, 0, 0, 0, 0, 0, 0, 0]"
1082592199718580224_twitter,so my brother loves love shot he watching their music shows and the gayos 😭,normal,"[0, 0, 0, 0, 0, 0, 0, 0, 0, 0, 0, 0, 0, 0, 0]"
22286917_gab,merkel needs to be pack raped by a gang of muzzos then ass fucked by african niggers i hope she gets aids and dies in pain,hatespeech,"[1, 1, 1, 1, 1, 1, 1, 1, 1, 1, 1, 1, 1, 1, 1, 1, 1, 1, 1, 1, 1, 1, 1, 1, 1, 1]"
11542797_gab,there are not enough police and fire personnel in all of great britain to put out the fires crucifying a muzzie would ignite,hatespeech,"[0, 0, 0, 0, 0, 0, 0, 0, 0, 0, 0, 0, 0, 0, 0, 0, 0, 1, 1, 1, 1, 0, 0]"
22770132_gab,well this is good for men they can allow the trad women into their gym and it will be easier for them to connect,normal,"[0, 0, 0, 0, 0, 0, 0, 0, 0, 0, 0, 0, 0, 0, 0, 0, 0, 0, 0, 0, 0, 0, 0, 0]"
1179007519995420672_twitter,<user> yo what a stupidly ridiculous statement to tweet insane because i do not want yet another jihadi roaming amongst us and what does race have to do with it are you racist it not only white people who do not want her back here at least nobody agrees with you though muppet,normal,"[0, 0, 0, 0, 0, 0, 0, 0, 0, 0, 0, 0, 0, 0, 0, 0, 0, 0, 0, 0, 0, 0, 0, 0, 0, 0, 0, 0, 0, 0, 0, 0, 0, 0, 0, 0, 0, 0, 0, 0, 0, 0, 0, 0, 0, 0, 0, 0, 0, 0, 0, 0, 0]"
26330497_gab,well it beats the whole hitler was jesus millennial shithead reactionary meme hitler was just as owned by creepy faggots behind the scenes as hussein obama,offensive,"[1, 1, 1, 1, 1, 1, 1, 1, 1, 1, 1, 1, 1, 1, 1, 1, 1, 1, 1, 1, 1, 1, 1, 1, 1, 1]"
1178849118577254401_twitter,<user> <user> how are you not <number> lbs by now 😱 they all look so good ♥️,normal,"[0, 0, 0, 0, 0, 0, 0, 0, 0, 0, 0, 0, 0, 0, 0, 0, 0]"
1178538779361062913_twitter,<user> <user> <user> <user> muslim and hindu children were taught beside my son and daughter at a catholic school their parents chose to have them educated there,normal,"[0, 0, 0, 0, 0, 0, 0, 0, 0, 0, 0, 0, 0, 0, 0, 0, 0, 0, 0, 0, 0, 0, 0, 0, 0, 0, 0]"
12770966_gab,no she really loved the ugly nigger lol,hatespeech,"[0, 0, 0, 0, 0, 1, 1, 0]"
1178488414783586305_twitter,<user> <user> <user> <user> <user> <user> <user> unironically if the slaves in india and africa ever get freedom it will be only bcz white men are sent over there to earn it for them same as it ever was but we never get credit for being liberators only oppressors,normal,"[0, 0, 0, 0, 0, 0, 0, 0, 0, 0, 0, 0, 0, 0, 0, 0, 0, 0, 0, 0, 0, 0, 0, 0, 0, 0, 0, 0, 0, 0, 0, 0, 0, 0, 0, 0, 0, 0, 0, 0, 0, 0, 0, 0, 0, 0, 0, 0, 0]"
1178872539545776128_twitter,tht bisexual person who said dyke apologized for it and deleted the tweet and all ppl are replying under the apology is stream my fancam and __ stans follow me like some ppl are so generic and unfunny it hurts,normal,"[0, 0, 0, 0, 0, 1, 0, 0, 0, 0, 0, 0, 0, 0, 0, 0, 0, 0, 0, 0, 0, 0, 0, 0, 0, 0, 0, 0, 0, 0, 0, 0, 0, 0, 0, 0, 0, 0, 0, 0]"
24739445_gab,another poser i was a trump supporter but not now get the fuck off the train you fucking fake ass mother fucker schultz that jew is not it would not expect anyless from a kike,hatespeech,"[0, 0, 0, 0, 0, 0, 0, 0, 0, 0, 0, 0, 0, 0, 0, 0, 0, 1, 1, 1, 1, 1, 1, 1, 1, 0, 0, 0, 0, 0, 0, 0, 0, 0, 1]"
1178846052436320256_twitter,<user> <user> <user> <user> <user> follow the thread they are the many people who do not know the difference between illegal immigrant refugee asylum seeker etc,normal,"[0, 0, 0, 0, 0, 0, 0, 0, 0, 0, 0, 0, 0, 0, 0, 0, 0, 0, 0, 0, 0, 0, 0, 0, 0, 0]"
22250857_gab,where are muh 9 9 redballons did you all bitch up again i know you are reading this alt kikes,hatespeech,"[0, 0, 0, 0, 0, 0, 1, 1, 1, 1, 1, 1, 1, 1, 1, 1, 1, 1, 1, 1]"
16610020_gab,islam is bullshit mohammed was a pedophile and liked taking it up the ass a religion of wifebeaters and goathumpers is not a religion its a cult,offensive,"[1, 1, 1, 1, 1, 1, 1, 1, 1, 1, 1, 1, 1, 1, 1, 1, 1, 1, 1, 1, 1, 1, 1, 1, 1, 1, 1]"
1179012009037312000_twitter,she was a holocaust survivor died on rosh hashanah,normal,"[0, 0, 0, 0, 0, 0, 0, 0, 0]"
14987108_gab,this is wrong it included nigger on the end it read white lives matter nigger that why this particular incident was a bigger deal,normal,"[0, 0, 0, 0, 0, 0, 0, 0, 0, 0, 0, 0, 0, 0, 0, 0, 0, 0, 0, 0, 0, 0, 0, 0]"
1179014958367031298_twitter,laughed at i have been disrespected by all of my peers and have had to stop being myself and talking about them a couple of times because apparently they were not good ugly ching chong chang excuse me wtf i m done with everyone stupid comments about what i love,offensive,"[0, 0, 0, 0, 0, 0, 0, 0, 0, 0, 0, 0, 0, 0, 0, 0, 0, 0, 0, 0, 0, 0, 0, 0, 0, 0, 0, 0, 0, 0, 1, 1, 1, 1, 1, 1, 0, 0, 0, 0, 0, 0, 0, 0, 0, 0, 0, 0, 0, 0]"
1225570454066388992_twitter,<user> side note how tf i spell from as grime i swear i ’ m retarded,normal,"[0, 0, 0, 0, 0, 0, 0, 0, 0, 0, 0, 0, 0, 0, 0, 1]"
1178215008926404608_twitter,<user> some guy retweeted a white couple having sex on a gif saying dont put this white porn shit on my feed so i found exactly the same gif with a black couple and responded saying same no 🤷 ‍ ♀️ someone reported it as abuse and harassment 😂 😂 😂,normal,"[0, 0, 0, 0, 0, 0, 0, 0, 0, 0, 0, 0, 0, 0, 0, 0, 0, 0, 0, 0, 0, 0, 0, 0, 0, 0, 0, 0, 0, 0, 0, 0, 0, 0, 0, 0, 0, 0, 0, 0, 0, 0, 0, 0, 0, 0, 0, 0, 0, 0, 0]"
1178650040602107904_twitter,<user> shame for silent muslim country,normal,"[0, 0, 0, 0, 0, 0]"
15032941_gab,<user> no wonder you are charging for tweets stereotypical kyke behavior spy and propagandize the goys but remember to charge them for you fuckin oven nigger,hatespeech,"[0, 0, 0, 0, 0, 0, 0, 0, 0, 1, 0, 0, 0, 0, 0, 1, 0, 0, 0, 0, 0, 0, 0, 0, 1, 1]"
8214804_gab,that would be muzrat men i use the term men as lossley as possible they do seem to overlook the female suicide bombers though dont they,offensive,"[1, 1, 1, 1, 1, 1, 1, 1, 1, 1, 1, 1, 1, 1, 1, 1, 1, 1, 1, 1, 1, 1, 1, 1, 1, 1]"
24925738_gab,all jews using a computer are in incurring in appropiation of an invention of the whiteman all jews delete your accounts now,normal,"[1, 1, 1, 1, 1, 1, 1, 1, 1, 1, 1, 1, 1, 1, 1, 1, 1, 1, 1, 1, 1, 1]"
19996968_gab,oh we got us a high iq kike here huh can your high iq explain why jewish boy nicolas cruz murdered <number> kids because he jewish,normal,"[0, 0, 0, 0, 0, 0, 0, 0, 0, 0, 0, 0, 0, 0, 0, 0, 0, 0, 0, 0, 0, 0, 0, 0, 0, 0]"
10227153_gab,looks to me like some social activists might have been there fanning the flames well starting the fire then maintaining it whatever happened to law and order most tax payers would not disagree with rubber bullets tear gas and water cannons being deployed on this mixed bag of muzzies and blacks,hatespeech,"[0, 0, 0, 0, 0, 0, 0, 0, 0, 0, 0, 0, 0, 0, 0, 0, 0, 0, 0, 0, 0, 0, 0, 0, 0, 0, 0, 0, 0, 0, 0, 0, 0, 0, 0, 0, 0, 0, 0, 0, 0, 0, 0, 0, 0, 0, 0, 0, 1, 1, 1]"
1188264882996727809_twitter,<user> i hate you for ignoring me trying to bully you on ig 🤷 🏾 ‍ ♀ ️,normal,"[0, 0, 0, 0, 0, 0, 0, 0, 0, 0, 0, 0, 0, 0, 0, 0, 0, 0]"
21209515_gab,give a nigger an inch they take a mile lol retarded creatures they fuck themselves over every time,hatespeech,"[1, 1, 1, 1, 1, 1, 1, 1, 1, 0, 1, 1, 0, 1, 1, 0, 0, 0]"
12839835_gab,banning weev for making an observation is not supporting first amendment rights even if it were a call to violence as you said which it obviously was not in that context it was protected under 1 a we have linked you ppl brandenburg v ohio <number> million times,normal,"[0, 0, 0, 0, 0, 0, 0, 0, 0, 0, 0, 0, 0, 0, 0, 0, 0, 0, 0, 0, 0, 0, 0, 0, 0, 0, 0, 0, 0, 0, 0, 0, 0, 0, 0, 0, 0, 0, 0, 0, 0, 0, 0, 0, 0, 0, 0, 0]"
25854526_gab,it ok he is yid anyway,offensive,"[0, 0, 0, 1, 1, 0]"
16965071_gab,what happens when you import niggers mudslimes their culture includes gang rape and honor killings of course they have no regard for western values they cant overcome there nature i do not blame the poc slime i blame the whites who let them in and the jews scheming has an effect,hatespeech,"[0, 0, 0, 0, 0, 1, 1, 0, 0, 0, 1, 1, 1, 1, 1, 0, 0, 0, 0, 0, 0, 0, 0, 0, 1, 1, 1, 1, 1, 0, 0, 0, 0, 0, 1, 1, 1, 1, 1, 1, 1, 1, 1, 1, 1, 1, 1, 1, 1, 1, 1]"
21022041_gab,if you are a white couple in your <number> and <number> and you could adopt white foster children and give them a good home i say why not i might be too old to do it but i am going to look into it,normal,"[0, 0, 0, 0, 0, 0, 0, 0, 0, 0, 0, 0, 0, 0, 0, 0, 0, 0, 0, 0, 0, 0, 0, 0, 0, 0, 0, 0, 0, 0, 0, 0, 0, 0, 0, 0, 0, 0, 0, 0, 0, 0, 0, 0]"
17591259_gab,well if you can come from the ghetto become a billionaire or come from another country e a muslim become president of the usa where the oppression,offensive,"[0, 0, 0, 0, 0, 0, 0, 1, 0, 0, 0, 0, 0, 0, 0, 0, 0, 0, 0, 0, 0, 0, 0, 0, 0, 0, 0]"
1225820089645195266_twitter,im back bitches,normal,"[0, 0, 0]"
1179092254129942528_twitter,<number> my adoptive mom also went nuts all the time when i was a child and would chase me around the house to hit me or lock me outside sometimes making me sleep in the cold this caused me to date similarly abusive women,normal,"[0, 0, 0, 0, 0, 0, 0, 0, 0, 0, 0, 0, 0, 0, 0, 0, 0, 0, 0, 0, 0, 0, 0, 0, 0, 0, 0, 0, 0, 0, 0, 0, 0, 0, 0, 0, 0, 0, 0, 0, 0, 0, 0, 0]"
19162195_gab,nah mccain is a traitor and you talk like a faggot,normal,"[0, 0, 0, 0, 0, 0, 0, 0, 0, 0, 0]"
25590632_gab,leader of dnc is extremist communist his deputy is muslim who believes in sharia together they plan to spread hate intolerance create more division in usa install communism they have begun indoctrinating youths who r stupid enough to believe that world utopia is possible,hatespeech,"[1, 1, 1, 1, 1, 1, 1, 1, 1, 1, 1, 1, 1, 1, 1, 1, 1, 1, 1, 1, 1, 1, 1, 1, 1, 1, 1, 1, 1, 1, 1, 1, 1, 1, 1, 1, 1, 1, 1, 1, 1, 1, 1, 1]"
21502803_gab,i like where your going with this i mean lets call a spade a spade shall we she a fuckin nigger,hatespeech,"[0, 0, 0, 0, 0, 0, 0, 0, 0, 0, 0, 0, 0, 0, 0, 0, 0, 1, 1, 1, 1]"
19986210_gab,the christ cuck sand nigger messiah cries out in pain as he shoots himself in the foot with his sand nigger religion lmao,hatespeech,"[0, 1, 1, 1, 1, 1, 0, 0, 0, 0, 0, 0, 0, 0, 0, 0, 0, 0, 0, 1, 1, 1, 0]"
1179081029832888322_twitter,once the titanium white dominus is released its over for you hoes,normal,"[0, 0, 0, 0, 0, 0, 0, 0, 0, 0, 0, 0]"
1178694587461832704_twitter,it okay to be white islam is right about women <number> phrases invented on 4 chan as a way to trigger liberals and they have been incredibly successful in that triggering which in turn proves the very point that 4 chan is making ask yourself why they get so triggered,normal,"[0, 0, 0, 0, 0, 0, 0, 0, 0, 0, 0, 0, 0, 0, 0, 0, 0, 0, 0, 0, 0, 0, 0, 0, 0, 0, 0, 0, 0, 0, 0, 0, 0, 0, 0, 0, 0, 0, 0, 0, 0, 0, 0, 0, 0, 0, 0, 0, 0, 0]"
27580514_gab,coming soon with police escort to the uk open muzzie violence against humans in the streets with full support of uk government and police,hatespeech,"[0, 0, 0, 0, 0, 0, 0, 0, 0, 1, 1, 0, 0, 0, 0, 0, 0, 0, 0, 0, 0, 0, 0, 0]"
14664734_gab,y know what most annoying about this dyke being allowed in the usaf the fact that she can not even get her sleeve length correct a slob and a degenerate,hatespeech,"[0, 0, 0, 0, 0, 0, 0, 1, 0, 0, 0, 0, 0, 0, 0, 0, 0, 0, 0, 0, 0, 0, 0, 0, 0, 0, 0, 0, 0, 0]"
1179012544725278721_twitter,<user> <user> usa only gave u guys money and now who is giving them money are not you guys doing now and what about alkaida laskara taiba jihadi isi mujhadin etc and ur hero haffez saeed masood azhar etc what about them,normal,"[0, 0, 0, 0, 0, 0, 0, 0, 0, 0, 0, 0, 0, 0, 0, 0, 0, 0, 0, 0, 0, 0, 0, 0, 0, 0, 0, 0, 0, 0, 0, 0, 0, 0, 0, 0, 0, 0, 0, 0, 0, 0]"
1178725881793204224_twitter,<user> negro he sounds about white,normal,"[0, 0, 0, 0, 0, 0]"
1142202017282240512_twitter,is it gay for you to ask your bro for the strap 😳 ✋ 🏼,normal,"[0, 0, 1, 0, 0, 0, 1, 1, 1, 1, 1, 1, 0, 0, 0]"
1179010193495150592_twitter,<user> must engage with kurdish people they r facing genocide in the hand of jihadi <user> we must support cause of a separate kurdistan by dividing turkey eastern region <user> <user> <user> <user> <user>,normal,"[0, 0, 0, 0, 0, 0, 0, 0, 0, 0, 0, 0, 0, 0, 0, 0, 0, 0, 0, 0, 0, 0, 0, 0, 0, 0, 0, 0, 0, 0, 0, 0, 0, 0]"
19186428_gab,some faggot reported my avi on twitter the same as i have here i wish the main people i follow on twitter were on gab so i could abandon that shitty site,offensive,"[1, 1, 1, 1, 1, 1, 1, 0, 0, 0, 0, 0, 0, 1, 1, 1, 1, 1, 1, 1, 1, 1, 1, 1, 1, 1, 1, 1, 1, 1, 1, 1]"
21689324_gab,what is ppl views on paki men muslim men rapping white uk girls,offensive,"[0, 0, 0, 0, 1, 1, 1, 1, 1, 1, 1, 1, 1]"
12186371_gab,boobs are great but along my very long and well traveled road i have discovered that small breasted women make better lovers,offensive,"[0, 0, 0, 0, 0, 0, 0, 0, 0, 0, 0, 0, 0, 0, 0, 0, 1, 1, 1, 1, 1, 1]"
1209247794755776514_twitter,fuck all you gay bitches that are gonna buy the codename elf bundle kys niggers,hatespeech,"[1, 1, 1, 1, 1, 0, 0, 0, 0, 0, 0, 1, 1, 1, 1]"
1179028882911105024_twitter,and of course where this ultimately leads to the tate murders failure to occur what this creates in effect is a fantasy jewish moralizer comparable to the war against the germans existing in ib while simulatenously offering a holocaust negation fantasy,normal,"[0, 0, 0, 0, 0, 0, 0, 0, 0, 0, 0, 0, 0, 0, 0, 0, 0, 0, 0, 0, 0, 0, 0, 0, 0, 0, 0, 0, 0, 0, 0, 0, 0, 0, 0, 0, 0, 0, 0, 0, 0]"
1122651561036013570_twitter,the president of the united states is a repulsive racist nazi cheer leading lying sack of drek just saying,normal,"[0, 0, 0, 0, 0, 0, 0, 0, 0, 0, 0, 0, 0, 0, 0, 0, 0, 0, 0]"
12568127_gab,the nigger that shot up the church was an immigrant from from sudan,hatespeech,"[0, 1, 0, 0, 0, 0, 0, 0, 0, 0, 0, 0, 0]"
1178542683226288128_twitter,<user> no bra is more trailer trash than that 🤔,normal,"[0, 0, 0, 0, 0, 0, 0, 0, 0, 0]"
21749687_gab,atomaweapon is a puny faggot trying to be big shit asking billshit questions to dodge the subject,hatespeech,"[0, 0, 0, 1, 1, 0, 0, 0, 0, 0, 0, 1, 0, 0, 0, 0, 0]"
1171918006806618118_twitter,he talking about hoes be thinking cause i buy you shit and give you money they gone get the same treatment 😭 😭,normal,"[0, 0, 0, 0, 0, 0, 0, 0, 0, 0, 0, 0, 0, 0, 0, 0, 0, 0, 0, 0, 0, 0, 0]"
5369312_gab,celebrities freaking cause of trump rosie o donnell chelsea handler madonna george clooney george takei cher ashley judd robert de niro will any be connected to pedogate and then the press jake tapper keith olberman perez hilton seems the queers are the most vocal makes me wonder,normal,"[0, 0, 0, 0, 0, 0, 0, 0, 0, 0, 0, 0, 0, 0, 0, 0, 0, 0, 0, 0, 0, 0, 0, 0, 0, 0, 0, 0, 0, 0, 0, 0, 0, 0, 0, 0, 0, 0, 0, 0, 0, 0, 0, 0, 0, 0, 0]"
22919778_gab,one must wonder how long she will do in jail on the taxpayers dime before they decide to toss her spic ass out as for the guy castrate him and jail him for life the prisoners in nevada will deal with the matter themselves tyvm,hatespeech,"[0, 0, 0, 0, 0, 0, 0, 0, 0, 0, 0, 0, 0, 0, 0, 0, 0, 0, 0, 0, 1, 0, 0, 0, 0, 0, 0, 1, 0, 0, 0, 0, 0, 0, 0, 0, 0, 0, 0, 0, 0, 0, 0, 0, 0]"
17593622_gab,billionaire cool still a fucking nigger,hatespeech,"[0, 0, 0, 0, 1, 1]"
1179084033000648704_twitter,<user> <user> <user> are you implying that only minorities can be illegal aliens,normal,"[0, 0, 0, 0, 0, 0, 0, 0, 0, 0, 0, 0, 0]"
1079206922442674176_twitter,<user> <user> the random “ face ass ” at the end do you know how to use aave i can tell you ’ re a nb muslim 😷 😷,hatespeech,"[0, 0, 0, 0, 0, 1, 1, 0, 0, 0, 0, 0, 0, 0, 0, 0, 0, 0, 0, 0, 0, 0, 0, 0, 1, 1, 1, 1, 0]"
1178302419547107329_twitter,some of you are allowing your white friends to call you my nigger and trust me it really shows,normal,"[0, 0, 0, 0, 0, 0, 0, 0, 0, 0, 0, 0, 0, 0, 0, 0, 0, 0, 0]"
10675995_gab,but they jump all over themselves to call the peaceful protesters neo nazis and kk and white supremacists and declare political violence on both sides is reprehensible seems like the violence on one side was self defense cucksgonnacuck,offensive,"[0, 0, 0, 0, 0, 0, 0, 0, 0, 0, 0, 1, 1, 1, 1, 1, 1, 1, 0, 0, 0, 0, 0, 0, 0, 0, 0, 0, 0, 0, 1, 1, 1, 1, 1, 1, 1, 1]"
1126641585767141377_twitter,dumb idiot retard,hatespeech,"[1, 1, 1]"
25531946_gab,included your original post typical kike moves the goal post,hatespeech,"[0, 0, 0, 0, 1, 1, 0, 0, 0, 0]"
22707292_gab,hello scum bag islam followers give me an arabic equivalent of the word guru no effing imam will not do they poison minds,offensive,"[1, 1, 1, 1, 1, 1, 1, 1, 1, 1, 1, 1, 1, 1, 1, 1, 1, 1, 1, 1, 1, 1, 1]"
20157750_gab,check out the rockfish report on niggermania they keep up to date on all the bobbing coons nationwide,hatespeech,"[0, 0, 0, 0, 0, 0, 1, 0, 0, 0, 0, 0, 0, 0, 0, 1, 1, 0]"
20538514_gab,all the mainstream media in sweden is of course leftist communist spewing out lies and propaganda on a daily basis only retarded people believe in them nowadays,normal,"[0, 0, 0, 0, 0, 1, 0, 0, 1, 1, 1, 0, 0, 0, 0, 0, 0, 0, 0, 0, 0, 1, 1, 0, 0, 0, 0]"
14995491_gab,hey <user> how about stormer women rally and take this nigger raping whore on if she ever again shows her face on gab <user>,hatespeech,"[0, 0, 0, 0, 0, 0, 0, 0, 0, 0, 1, 1, 1, 0, 0, 0, 0, 0, 0, 0, 0, 0, 0, 0]"
1184804359902810112_twitter,<user> they used the f slur too so i ’ m guessing we got ourselves a homophobe here,normal,"[0, 0, 0, 0, 0, 0, 0, 0, 0, 0, 0, 0, 0, 0, 0, 0, 0, 0]"
2984846_gab,not caring that black women are <number> times as likely to abort their unborn baby than white women is not racist not wanting to fund abortion thereby protecting black lives is racist tom trinko sjwlogic,offensive,"[1, 1, 1, 1, 1, 1, 1, 1, 1, 1, 1, 1, 1, 1, 1, 1, 1, 1, 1, 1, 1, 1, 1, 1, 1, 1, 1, 1, 1, 1, 1, 1, 0, 0, 0]"
1179004578618060800_twitter,i am so tired of corporate america i am only <number> years old and i feel like i have been in this bitch for <number> years,normal,"[0, 0, 0, 0, 0, 0, 0, 0, 0, 0, 0, 0, 0, 0, 0, 0, 0, 0, 0, 0, 0, 0, 0, 0, 0, 0]"
1178898971013591041_twitter,<user> <user> an ignorant ashtep strikes again ashtep n an abnormally ashy negro who is pro black only when it benefits black men a conspiracy theorist who believes unvalidated claims and absolve black men of responsibility of plaguing the black community while blaming black women,hatespeech,"[0, 0, 0, 0, 0, 0, 0, 1, 0, 0, 0, 1, 1, 0, 0, 0, 0, 0, 0, 0, 0, 0, 0, 0, 0, 0, 0, 0, 0, 0, 0, 0, 0, 0, 0, 0, 0, 0, 0, 0, 0, 0, 0, 0, 0]"
1178915674954981376_twitter,listen of all the things i googled for a book are there homosexual sharks was probably the weirdest and most disappointing,normal,"[0, 0, 0, 0, 0, 0, 0, 0, 0, 0, 0, 0, 0, 0, 0, 0, 0, 0, 0, 0, 0]"
1178906313931182080_twitter,it really sad to see the fundamental shittiness that causes people to be homophobic racist and transphobic is just as common in the queer community as the cishet community i expect us to be better but i am dissapointed every time,normal,"[0, 0, 0, 0, 0, 0, 0, 0, 0, 0, 0, 0, 0, 0, 0, 0, 0, 0, 0, 0, 0, 0, 0, 0, 0, 0, 0, 0, 0, 0, 0, 0, 0, 0, 0, 0, 0, 0, 0, 0, 0]"
1248635664754790400_twitter,we need to start punching arabs for saying the n word,hatespeech,"[0, 0, 0, 0, 1, 1, 1, 1, 1, 1, 1]"
1178359187253923840_twitter,what did meek say niggas fuck they bestfriends like they was dykes 😂,normal,"[0, 0, 0, 0, 0, 0, 0, 0, 0, 0, 0, 0, 0]"
3869967_gab,just putting this out here most queers are alcoholics 😎,offensive,"[0, 0, 0, 0, 0, 0, 1, 1, 1, 1]"
17711892_gab,lol kike,hatespeech,"[0, 1]"
26411011_gab,anyone whom jews deem useful in destroying white civilization is fully funded with no questions asked,offensive,"[1, 1, 1, 1, 1, 1, 1, 1, 1, 1, 1, 1, 1, 1, 1, 1]"
22760271_gab,pitbulls are not violent because violence is violence plus privilege plus power pitbulls can not vote marry or open a bank account in any state in the uska whatever they do is just chickens coming home to roost pitbullsocialjusticeapologetics,normal,"[0, 0, 0, 0, 0, 0, 0, 0, 0, 0, 0, 0, 0, 0, 0, 0, 0, 0, 0, 0, 0, 0, 0, 0, 0, 0, 0, 0, 0, 0, 0, 0, 0, 0, 0, 0, 0, 0, 0]"
1178510797888204801_twitter,all them big ass niggers on the field and the kickers did all the work,normal,"[0, 0, 0, 0, 0, 0, 0, 0, 0, 0, 0, 0, 0, 0, 0]"
1178805274209071105_twitter,<user> <user> <user> <user> <user> <user> if he not lazy why is he butt hurt americans are lazy compared to african countries that fact is not nearly enough reason for me not want them here african immigrants are not the enemy white supremacy is,normal,"[0, 0, 0, 0, 0, 0, 0, 0, 0, 0, 0, 0, 0, 0, 0, 0, 0, 0, 0, 0, 0, 0, 0, 0, 0, 0, 0, 0, 0, 0, 0, 0, 0, 0, 0, 0, 0, 0, 0, 0, 0, 0, 0, 0]"
1145041535924412418_twitter,this hoe aaliyah talking bout weather and shit 😂 😂 😂 😂 😂,offensive,"[0, 1, 1, 0, 0, 0, 0, 1, 0, 0, 0, 0, 0]"
14945121_gab,breaking911 ‏ verified account <user> 2 4 h24 hours ago more flashback video michigan democrat rep john conyers allegedly reading playboy magazine on a packed airplane in <number> allegations of sexual harassment have surfaced tonight,normal,"[0, 0, 0, 0, 0, 0, 0, 0, 0, 0, 0, 0, 0, 0, 0, 0, 0, 0, 0, 0, 0, 0, 0, 0, 0, 0, 0, 0, 0, 0, 0, 0, 0, 0, 0]"
26767824_gab,and the forced teaching of the holocaust to children in germany remember you are basically the descendant of a genocidal maniac little boy hate yourself,offensive,"[1, 1, 1, 1, 1, 1, 1, 1, 1, 1, 1, 1, 1, 1, 1, 1, 1, 1, 1, 1, 1, 1, 1, 1, 1]"
15972271_gab,we need to go back and beat them and i mean hard so hard that the muzzies are to scared to ever step up in the world again crush their spirits now and brutally at that,hatespeech,"[1, 1, 1, 1, 1, 1, 1, 1, 0, 0, 0, 0, 0, 0, 0, 0, 1, 0, 0, 0, 0, 0, 0, 0, 0, 0, 0, 0, 1, 1, 1, 1, 1, 1, 1, 1]"
1179040176502431745_twitter,<user> <user> <user> <user> really he raped jaunita broderick harassed countless women and even exposed himself to paul jones please a sick person allows tolerates that she was his enabler,normal,"[0, 0, 0, 0, 0, 0, 0, 0, 0, 0, 0, 0, 0, 0, 0, 0, 0, 0, 0, 0, 0, 0, 0, 0, 0, 0, 0, 0, 0, 0]"
18545642_gab,from the sky <number> bringing back the great king of the asians turkey is asia minor before and after mars reigns supreme before and after wars mars is the god of war,normal,"[0, 0, 0, 0, 0, 0, 0, 0, 0, 0, 0, 0, 0, 0, 0, 0, 0, 0, 0, 0, 0, 0, 0, 0, 0, 0, 0, 0, 0, 0, 0, 0]"
1145852106139680768_twitter,me n my ex bitch broke up now she bar tending,offensive,"[0, 0, 0, 0, 1, 1, 0, 0, 0, 0, 0]"
10824649_gab,sucking all the msm dick eh curry nigger race traitor tell em how you are really an sjw who sides with sadiq khan mayor of londonstan and believe curries and sand niggers should steal whyte wymn and destroy the white race gabfam speakfreely tell em how you censor downvotes profitmonger,hatespeech,"[1, 1, 1, 1, 1, 0, 1, 1, 0, 0, 0, 0, 0, 0, 0, 0, 0, 0, 0, 0, 0, 0, 0, 0, 0, 0, 0, 0, 0, 0, 1, 1, 1, 1, 1, 1, 1, 1, 1, 1, 1, 0, 0, 0, 0, 0, 0, 0, 0, 0]"
20025438_gab,je kan een moslim wel je andere wang toekeren maar dan delf je het onderspit,normal,"[0, 0, 0, 0, 0, 0, 0, 0, 0, 0, 0, 0, 0, 0, 0]"
19652602_gab,my fellow whites i have terrible news jews and niggers still exist,hatespeech,"[1, 1, 1, 1, 1, 1, 1, 1, 1, 1, 1, 1]"
19977150_gab,why is the dole queue in the ghetto so black,offensive,"[0, 0, 0, 1, 1, 1, 1, 1, 1, 1]"
11080346_gab,a mudshark is a white woman who is only attracted to black men a thot is a whore every mudshark is a thot but not every thot is a mudshark,hatespeech,"[0, 1, 0, 0, 0, 0, 0, 0, 0, 0, 0, 0, 0, 0, 1, 1, 1, 1, 1, 1, 1, 1, 1, 1, 1, 1, 1, 1, 1, 1]"
1106145796200808449_twitter,he like obama but white failed beto campaign slogans,normal,"[0, 0, 0, 0, 0, 0, 0, 0, 0]"
6172491_gab,remember islam ignited in the middle east they once were normal then they got ruled by violence brainwashed,normal,"[1, 1, 1, 0, 0, 1, 1, 1, 1, 0, 1, 0, 0, 0, 0, 0, 0, 1]"
1164672157881790465_twitter,bitches will really watch you from spam accounts and they hgs pages lmao please get a life,offensive,"[1, 0, 0, 0, 0, 0, 0, 0, 0, 0, 0, 0, 0, 0, 0, 0, 0]"
3318676_gab,this is the libertarian moment but it is not the one envisioned by reason magazine libertarians reserve the right to restrict access of those deemed to be undesirable i certainly do not want my black child interacting with ghetto negroes and thugs blackmiddleclassvalues,hatespeech,"[0, 0, 0, 0, 0, 0, 0, 0, 0, 0, 0, 0, 0, 0, 0, 0, 0, 0, 0, 0, 0, 0, 0, 0, 0, 0, 0, 1, 1, 1, 1, 1, 1, 1, 1, 1, 1, 1, 1, 1, 1, 1, 0]"
1177931546822680576_twitter,<user> idk if i am annoyed or sad for her self esteem honestly 🤦 🏽 ‍ ♀️,normal,"[0, 0, 0, 0, 0, 0, 0, 0, 0, 0, 0, 0, 0, 0, 0, 0, 0]"
12419643_gab,well if we did not have moslem kids in this country who parents would strap a bomb to we would not have to worry about this moslems ruin everything,hatespeech,"[0, 1, 1, 1, 1, 1, 1, 1, 1, 1, 1, 1, 1, 1, 1, 1, 1, 1, 0, 0, 0, 0, 0, 0, 0, 0, 1, 1, 1]"
16109086_gab,do not worry negress q speaks and we will show the nigger rigging a marcus garvey boat ticket is in your future,hatespeech,"[0, 0, 0, 1, 1, 0, 0, 0, 0, 0, 0, 1, 1, 0, 0, 0, 0, 0, 0, 0, 0, 0]"
19078434_gab,a spic or a chink,hatespeech,"[0, 1, 1, 1, 1]"
1185284570075336706_twitter,child birth and the healing process after is the ghetto i would love ukulamanisa but wow child birth is low key traumatizing no lie 🤞 🏾,normal,"[0, 0, 0, 0, 0, 0, 0, 0, 0, 0, 0, 0, 0, 0, 0, 0, 0, 0, 0, 0, 0, 0, 0, 0, 0, 0]"
24683696_gab,lil fag is also a wannabe sand nigger,hatespeech,"[0, 1, 0, 0, 0, 0, 1, 1]"
1208827122816618501_twitter,<user> you all really going to not let dongsung take the fnc family photo even though he been with you for <number> years i hate you,offensive,"[1, 0, 0, 0, 0, 0, 0, 0, 0, 0, 0, 0, 0, 0, 0, 0, 0, 0, 0, 0, 0, 0, 0, 1, 1, 1]"
1178435880236863491_twitter,<user> white girl in the second row this nigger has rhythm,hatespeech,"[0, 0, 0, 0, 0, 0, 0, 0, 1, 0, 0]"
1188512615405887494_twitter,<user> i hate you,normal,"[0, 0, 0, 0]"
1178383008925138945_twitter,i am serious watching josh allen risk it all out there makes me wanna day fuck you all niggers too,normal,"[0, 0, 0, 0, 0, 0, 0, 0, 0, 0, 0, 0, 0, 0, 0, 0, 0, 0, 0, 0]"
1178754764043165699_twitter,queer eye but instead of showing cishet mildly homophobic people how to do stuff they just throw bricks at them,normal,"[0, 0, 0, 0, 0, 0, 0, 0, 0, 0, 0, 0, 0, 0, 0, 0, 0, 0, 0, 0]"
17715374_gab,oafqueefers really are just boomer antifa they certainly parrot every dumb anti white meme of antifa whites are one of the least inbred races of them all as opposed to the niggers and arabs antifa and oafqueefers are fine with flooding america,hatespeech,"[1, 0, 0, 0, 0, 0, 0, 0, 0, 0, 0, 0, 0, 0, 0, 0, 1, 1, 1, 1, 1, 1, 1, 1, 1, 1, 1, 1, 1, 1, 1, 1, 1, 1, 1, 1, 1, 0, 0, 0, 0, 0]"
21547229_gab,whatever ivan bollockov you keep flapping like a bitch i will get your dad to turn your wifi off and confiscate your phone,offensive,"[0, 0, 0, 1, 1, 1, 1, 1, 1, 0, 0, 0, 0, 0, 0, 0, 0, 0, 0, 0, 0, 0, 0]"
1256226306393546761_twitter,<user> people think it ’ ok to go after jews now and that could get out of hand really fast,normal,"[0, 0, 0, 0, 0, 0, 0, 0, 0, 0, 0, 0, 0, 0, 0, 0, 0, 0, 0, 0]"
8256574_gab,there are only a few days between when the moslem explody lunar month of ramadan is over and the beginning of jewlie,hatespeech,"[0, 0, 0, 0, 0, 0, 0, 0, 0, 1, 0, 0, 0, 0, 0, 0, 0, 0, 0, 0, 0, 1]"
25555796_gab,the addendum is that if a woman says so she fucking every nigger she sees,hatespeech,"[0, 0, 0, 0, 0, 0, 0, 0, 0, 1, 1, 1, 1, 0, 0]"
1179079789795299328_twitter,can not believe my contract got renewed another <number> months lol but that also means i am working on christmas now which is super gay,normal,"[0, 0, 0, 0, 0, 0, 0, 0, 0, 0, 0, 0, 0, 0, 0, 0, 0, 0, 0, 0, 0, 0, 0, 0, 0]"
4622912_gab,they do they chase after the nordic alpha with mucilaginous desperation all abasement and kike headgames like all yid bitches they end up hitching to a balding hymie cuck who thinks himself secure behind a thin prenup the norish man goes on to have beautiful white children with white goddesses,hatespeech,"[0, 0, 0, 0, 0, 0, 0, 0, 0, 0, 0, 0, 0, 0, 1, 0, 0, 0, 1, 1, 0, 0, 0, 0, 0, 0, 0, 1, 0, 0, 0, 0, 0, 0, 0, 0, 0, 0, 0, 0, 0, 0, 0, 0, 0, 0, 0, 0, 0, 0]"
1178016367200624640_twitter,create a list destabilizing violence,normal,"[0, 0, 0, 0, 0]"
1184302414972760064_twitter,<user> retard that means you ’ re into yourself and you ’ re a guy so that makes you gay,normal,"[0, 0, 0, 0, 0, 0, 0, 0, 0, 0, 0, 0, 0, 0, 0, 0, 0, 0, 0, 0]"
20146426_gab,been behind a fat sheboon at a atm in walmart to pull only <money> cause thats all i had sheboon pulls a wad out <money> <number> does the same with <number> other cards gives her sheboon niglet a <money> easy flame throwers should be legal dey hair did and nails,offensive,"[0, 0, 0, 1, 1, 0, 0, 0, 0, 0, 0, 0, 0, 0, 0, 0, 0, 0, 0, 1, 0, 0, 0, 0, 0, 0, 0, 0, 0, 0, 0, 0, 0, 0, 0, 1, 1, 0, 0, 0, 1, 1, 1, 1, 1, 0, 0, 0, 0, 0]"
26361552_gab,there fluoride in the water so i am not stupid because i am a lazy faggot i am stupid because jews made me this way and i can not fix it,offensive,"[0, 0, 0, 0, 0, 1, 1, 1, 1, 1, 1, 1, 1, 1, 1, 1, 1, 1, 1, 1, 1, 1, 1, 1, 1, 1, 1, 1, 1, 1, 1]"
1125080079833415681_twitter,my muslim moots ramadan is coming,normal,"[0, 1, 1, 1, 0, 0]"
4322867_gab,marching under a false flag or multiples thereof is counterproductive it discredits yourself and muffles the cries of women in other countries who are actually oppressed marchers are victims alright but their perpetrators are their own false flags not mine sthu notmymarch,normal,"[1, 1, 1, 1, 1, 1, 1, 1, 1, 1, 1, 1, 1, 1, 1, 1, 1, 1, 1, 1, 1, 1, 1, 1, 1, 1, 1, 1, 1, 1, 1, 1, 1, 1, 1, 1, 1, 1, 1, 1, 1, 0]"
16043434_gab,well it d be nice to terraform mars or the moon to live there and just pray the liberals do not follow us so they can create another unorganized chaotic ghetto shit world like what they have done to this one,normal,"[0, 0, 0, 0, 0, 0, 0, 0, 0, 0, 0, 0, 0, 0, 0, 0, 0, 0, 0, 0, 0, 0, 0, 0, 0, 0, 0, 0, 0, 0, 0, 0, 0, 0, 0, 0, 0, 0, 0, 0, 0]"
17654836_gab,a code word for the white genocide also,hatespeech,"[0, 0, 0, 0, 0, 1, 1, 0]"
1178721200899579905_twitter,<user> <user> doc will be somalian and dopey and grumpy will be two white boomers happy will be a flagrant homosexual,normal,"[0, 0, 0, 0, 0, 0, 0, 0, 0, 0, 0, 0, 0, 0, 0, 0, 0, 0, 0, 0, 0]"
21496378_gab,you deserve death if you voted ted cruz that dumbass spic was destined to lose,hatespeech,"[0, 1, 1, 0, 0, 0, 0, 0, 0, 1, 1, 0, 0, 0, 0]"
1146298963089379329_twitter,<user> fuck that gay ass bitch nigger,offensive,"[0, 1, 1, 1, 1, 1, 1]"
1265716263147331584_twitter,my dad such a bitch in so many ways i hope he gets his one day for all the shit he put me through,offensive,"[1, 1, 1, 1, 1, 0, 0, 0, 0, 1, 1, 1, 1, 1, 1, 1, 1, 1, 1, 1, 1, 1, 1, 1]"
22545451_gab,i saw a very bad case of jungle fever mudshark disease last nite da nigger wuz about <number> <number> lbs and had a hybrid sheep dog string mop weave on his haid,hatespeech,"[0, 0, 0, 0, 0, 0, 0, 1, 1, 1, 1, 0, 0, 0, 1, 0, 0, 0, 0, 0, 0, 0, 0, 0, 0, 0, 0, 0, 0, 0, 0, 0]"
1122719949137465344_twitter,seokjin just called me and said lesbian rights,normal,"[0, 0, 0, 0, 0, 0, 0, 0]"
12827660_gab,their blood most definitely is on trudeau little beta male hands if motion m <number> becomes a bill it will protect these fucking muslim terrorists when they attack us we will be expected to shut up and put up with it or we will be the ones going to jail,hatespeech,"[0, 0, 0, 0, 0, 0, 0, 0, 1, 1, 1, 0, 0, 0, 0, 0, 0, 0, 0, 0, 1, 1, 1, 1, 1, 0, 0, 0, 0, 0, 0, 0, 0, 0, 0, 0, 0, 0, 0, 0, 0, 0, 0, 0, 0, 0, 0, 0, 0, 0]"
16330483_gab,back in the <number> when thousands sat in lines to get gas we had an expression for the arabs that were hoarding their oil sandniggers some how describing the moslem menace we are facing today that same descriptor fits rather well,offensive,"[0, 0, 0, 0, 0, 0, 0, 0, 0, 0, 0, 0, 0, 0, 0, 0, 0, 0, 0, 0, 0, 0, 0, 0, 1, 1, 1, 1, 1, 1, 1, 1, 1, 1, 1, 1, 1, 1, 1, 1, 1]"
1178979725252988928_twitter,<user> <user> but you have to keep quiet for the sake of diversity when white kids are targeted groomed and gang raped by mainly muslim men where your outrage for our kids,normal,"[0, 0, 0, 0, 0, 0, 0, 0, 0, 0, 0, 0, 0, 0, 0, 0, 0, 0, 0, 0, 0, 0, 0, 0, 0, 0, 0, 0, 0, 0, 0, 0]"
20158965_gab,well the french are arabs,normal,"[0, 0, 0, 0, 0]"
1179083861441093632_twitter,<user> <user> <user> they d probably say it tends toward redneck new zealander but the sentiment is the same,normal,"[0, 0, 0, 0, 0, 0, 0, 0, 0, 0, 1, 0, 0, 0, 0, 0, 0, 0, 0]"
23130509_gab,this is what an average iranian female looks like you faggots are retarded you all get the gas we need smarter people than this in the atavistic aryan future,offensive,"[0, 0, 0, 0, 0, 1, 1, 0, 0, 0, 1, 1, 1, 0, 0, 0, 0, 0, 0, 0, 0, 0, 0, 0, 0, 0, 0, 0, 0]"
1178644582353051649_twitter,<user> must be the niggers who made fun of lit kids surely it karma,hatespeech,"[0, 0, 0, 1, 1, 0, 0, 0, 0, 0, 0, 0, 0, 0]"
15086972_gab,should not that be a sales pitch for trumpers i had no idea who he is never heard of him but from the name i d hazard a guess that he likely yellow on the outside and nigger on the inside,normal,"[0, 0, 0, 0, 0, 0, 0, 0, 0, 0, 0, 0, 0, 0, 0, 0, 0, 0, 0, 0, 0, 0, 0, 0, 0, 0, 0, 0, 0, 0, 0, 0, 0, 0, 0, 0, 0, 0, 0, 0, 0]"
4565102_gab,bible christians need to stop quoting open anti christs like milo who cares what fucking faggots have to say and diseased dykes like rosie god damn them all to hell,offensive,"[0, 0, 0, 0, 0, 0, 0, 0, 0, 0, 0, 0, 0, 0, 0, 1, 0, 0, 0, 0, 1, 1, 1, 1, 1, 1, 1, 1, 1, 1]"
3581881_gab,<user> jews have their own country they should stop meddling and trying to flood our nations with immigrants,hatespeech,"[0, 1, 1, 1, 1, 1, 1, 1, 1, 1, 1, 1, 1, 1, 1, 1, 1, 1]"
10151352_gab,i would like to see this happen to the america hating muslim loving faggot manager of the dollar tree in fair lawn nj,normal,"[0, 0, 0, 0, 0, 0, 0, 0, 0, 1, 0, 1, 1, 1, 0, 0, 0, 0, 0, 0, 0, 0, 0]"
6031194_gab,if the united states is such a racist country that hates immigrants then why is it filled with so many racist immigrants who hate americans,offensive,"[0, 0, 0, 0, 0, 0, 0, 1, 1, 0, 0, 0, 0, 0, 0, 0, 0, 0, 0, 0, 1, 1, 1, 1, 1]"
22145477_gab,infrastructure is required to get energy from the ground to the socket the wetback vag whose <number> day old bridge collapsed in miami last week might be building power lines next,hatespeech,"[0, 0, 0, 0, 0, 0, 0, 0, 0, 0, 0, 0, 0, 1, 0, 0, 0, 0, 0, 0, 0, 0, 0, 0, 0, 0, 0, 0, 0, 0, 0]"
19405848_gab,hell the dims would pay for it out of their own pocket using illegal immigrants as the labor force of course buildthewall shutitdown,offensive,"[1, 1, 1, 1, 1, 1, 1, 1, 1, 1, 1, 1, 1, 1, 1, 1, 1, 1, 1, 1, 1, 0, 0]"
1178811599118692352_twitter,i will literally drag that faggot ass twink,hatespeech,"[0, 0, 0, 0, 0, 1, 1, 1]"
1178862198522830849_twitter,whoever took good news off soundcloud your mom is a fucking hoe,offensive,"[0, 0, 0, 0, 0, 0, 0, 0, 0, 0, 1, 1]"
1177798518422921218_twitter,<user> this tweet inspired incels to commit violence they call me cuban pete im the king of thew rumba,normal,"[0, 0, 0, 0, 0, 0, 0, 0, 0, 0, 0, 0, 0, 0, 0, 0, 0, 0, 0]"
1080357768173740032_twitter,diac detention center is correspond to the same place equally in the transgender and heterosexuals also gay diac,offensive,"[0, 0, 0, 0, 0, 0, 0, 0, 0, 0, 0, 0, 1, 1, 1, 1, 1, 0]"
1163997302761119745_twitter,<user> lmao stop pretending you like jews us jews are too smart to fall for your dumb democratic bs you are not fooling anyone,normal,"[0, 0, 0, 0, 0, 0, 0, 0, 0, 0, 0, 0, 0, 0, 0, 0, 0, 0, 0, 0, 0, 0, 0, 0]"
26036512_gab,the pentagon is like a street nigger constantly bumming cigarettes spare change,hatespeech,"[0, 0, 0, 0, 0, 0, 1, 0, 0, 0, 0, 0]"
15900511_gab,this nigga supports homo jews diddling kids,hatespeech,"[1, 1, 1, 1, 1, 1, 1]"
17200054_gab,lol shit tier hasbara yids his boss said use the word yall and this kike goes ultra turbo and drops it every second word oy vey goyim i am a real southerner yall roflmao,hatespeech,"[0, 1, 1, 1, 1, 0, 0, 0, 0, 0, 0, 0, 0, 0, 1, 0, 0, 0, 0, 0, 0, 0, 0, 0, 1, 1, 1, 0, 0, 0, 0, 0, 0, 0]"
25545019_gab,another fucking muslim lie death to any muslim who goes near a white woman,hatespeech,"[1, 1, 1, 1, 1, 1, 1, 1, 1, 1, 1, 1, 1, 1]"
1143749774186823682_twitter,new rule men have to pay me money to be in my general vicinity and white men have to pay extra,normal,"[0, 0, 0, 0, 0, 0, 0, 0, 0, 0, 0, 0, 0, 0, 0, 0, 0, 0, 0, 0, 0]"
14824578_gab,imo trump did that for the ghetto turds as he was trying to be a non racist the feds want bundy land for the uranium trump can still call most of his advisors are useless and need to be fired they are still part of the swamp,hatespeech,"[0, 0, 0, 0, 0, 0, 1, 1, 0, 0, 0, 0, 0, 0, 0, 0, 0, 0, 0, 0, 0, 0, 0, 0, 0, 0, 0, 0, 0, 0, 0, 0, 0, 0, 0, 0, 0, 0, 0, 0, 0, 0, 0, 0, 0, 0, 0]"
23791285_gab,i own you bitch because you had to delete <number> years worth of pedophile content to prove that you are not a dirty kike pedophile,hatespeech,"[0, 0, 0, 1, 0, 0, 0, 0, 0, 0, 0, 0, 0, 1, 0, 0, 0, 0, 0, 0, 0, 0, 0, 1, 1]"
16080024_gab,see observe this is a gaslight even though you lost goyim niggers are still your best friends,offensive,"[0, 0, 0, 0, 0, 0, 0, 0, 0, 0, 1, 1, 1, 1, 1, 1, 1]"
1242254807164948481_twitter,<user> <user> <number> less boys being raped,normal,"[0, 0, 0, 0, 0, 0, 0]"
1194703848495108096_twitter,<user> <user> no blacks no jews attended the polish far right independence march for fear of their lives,normal,"[0, 0, 0, 0, 0, 0, 0, 0, 0, 0, 0, 0, 0, 0, 0, 0, 0, 0]"
1079507754719559680_twitter,<user> where in new york was this taken white supremist nazi radical evangelical bigoted pos road rage waiting to happen,hatespeech,"[0, 0, 0, 0, 0, 0, 0, 0, 1, 1, 1, 1, 1, 1, 1, 0, 0, 0, 0, 0]"
18714380_gab,you sound like a 7 th centurie ad muslim from egypt shut up cryingman,normal,"[0, 0, 0, 0, 0, 0, 0, 0, 0, 0, 0, 0, 0, 0]"
22669058_gab,with brown skin lmao i am dying laughing 🤣 🤣 🤣 🤣 🤣 you all must truly have an inferiority complex since you want to claim anyone who did anything great while at the same time calling them sand niggers now you are trying to say they are white lmao jews are white too now right 🤣 🤣,normal,"[0, 0, 0, 0, 0, 0, 0, 0, 0, 0, 0, 0, 0, 0, 0, 0, 0, 0, 0, 0, 0, 0, 0, 0, 0, 0, 0, 0, 0, 0, 0, 0, 0, 0, 0, 0, 0, 0, 0, 0, 0, 0, 0, 0, 0, 0, 0, 0, 0, 0, 0, 0, 0, 0, 0, 0, 0, 0]"
1104765689808764931_twitter,<user> you do not even text me nomo hoe,normal,"[0, 0, 0, 0, 0, 0, 0, 0, 1]"
1143836411726061568_twitter,breaking egypt 🇪 🇬 send home amr warda after blackmailing women nudes,normal,"[0, 0, 0, 0, 0, 0, 0, 0, 0, 0, 0, 0]"
1185392892057010176_twitter,<user> who she is doesn ’ t know but muslim not a victim here in india many hindus top mob lynched by muslims,offensive,"[0, 0, 0, 0, 0, 0, 0, 0, 0, 0, 0, 0, 0, 0, 0, 0, 0, 1, 1, 1, 1, 1, 1]"
22124962_gab,i do not do it all the time sometimes i just say kike and do not respond afterwards,normal,"[0, 0, 0, 0, 0, 0, 0, 0, 0, 0, 0, 0, 1, 0, 0, 0, 0, 0]"
1179049801465204741_twitter,i wish you were gay,normal,"[0, 0, 0, 0, 0]"
17549733_gab,when blacks are provably the most disunited ppl gang violence biggie vs tupac come on now stop cherrypicking news and views to support your bias end,hatespeech,"[1, 1, 1, 1, 1, 1, 1, 1, 1, 1, 1, 1, 1, 0, 0, 0, 0, 0, 0, 0, 0, 0, 0, 0, 0, 0]"
7253829_gab,fact by the time a nignog robs or beats a white kid he already made <number> niggaz in the hood his victim do not give a shit what happens to you shines,hatespeech,"[0, 0, 0, 0, 0, 1, 1, 1, 1, 1, 1, 1, 1, 1, 1, 1, 1, 1, 1, 1, 1, 1, 0, 0, 0, 0, 0, 0, 0, 0, 0, 0]"
1179087506064564224_twitter,listen i know that john mayer is the biggest white bitch mood but sometimes his music be hitting,normal,"[0, 0, 0, 0, 0, 0, 0, 0, 0, 0, 0, 0, 0, 0, 0, 0, 0, 0]"
1124072347944804354_twitter,a muslim who plants a tree or sows a field from which man birds and animals can eat is committing an act of charity ” muslim,normal,"[0, 0, 0, 0, 0, 0, 0, 0, 0, 0, 0, 0, 0, 0, 0, 0, 0, 0, 0, 0, 0, 0, 0, 0, 0, 0]"
1231787573397409792_twitter,<user> its in malaysia and indonesia too are all of those islam ke dushman,normal,"[0, 0, 0, 0, 0, 0, 0, 0, 0, 0, 0, 0, 0, 0]"
11656314_gab,he sounds like a jewish nigger,hatespeech,"[0, 0, 0, 0, 1, 1]"
14804499_gab,well ya can not take the nigger out of the nigger but you can leave the black greasy motherfuckers in china,hatespeech,"[0, 1, 1, 1, 1, 1, 1, 1, 1, 1, 1, 1, 1, 1, 1, 1, 1, 1, 1, 1, 1]"
26967982_gab,poc being featured in kids toys and books alongside white people why i have never seen a clearer picture of white people being left behind and forced into such terrible circumstances what will we ever do p,normal,"[1, 1, 1, 1, 1, 1, 1, 1, 1, 1, 1, 1, 1, 1, 1, 1, 1, 1, 1, 1, 1, 1, 1, 1, 1, 1, 1, 1, 1, 1, 1, 1, 1, 1, 1, 1, 0]"
1179085658222141446_twitter,i have said it before and i will say it again kc queer community small as hell,normal,"[0, 0, 0, 0, 0, 0, 0, 0, 0, 0, 0, 0, 0, 0, 0, 0, 0]"
1179047042242535425_twitter,if the jury is fucked up over that white whore retarded cop in texas then they need to get common sense they are spending too much time on the life of a worthless hoe that did not give a damn about jean life fuck that hoe to death hell,offensive,"[0, 0, 0, 0, 0, 0, 0, 0, 1, 1, 1, 1, 0, 0, 0, 0, 0, 0, 0, 0, 0, 0, 0, 0, 0, 0, 0, 0, 0, 0, 0, 0, 1, 1, 0, 0, 0, 0, 0, 0, 0, 0, 0, 1, 1, 1, 1, 1, 0]"
1121090278172045312_twitter,are not we muslims stopshiitevictimization,normal,"[0, 0, 0, 0, 0]"
4061429_gab,<user> what an absolute piece of america hating muslim terrorist traitor ghetto trash,hatespeech,"[0, 0, 0, 1, 1, 1, 1, 1, 1, 1, 1, 1, 1]"
18488208_gab,reports that georgia is turning blue are mistaken it turning nigger,hatespeech,"[0, 0, 0, 0, 0, 0, 0, 1, 1, 1, 1]"
1184679550007029760_twitter,egay o jungkook,normal,"[0, 0, 0]"
12518823_gab,ffs lmfao got me again twitter is pathetic shit bastard nigger lovers,hatespeech,"[0, 0, 0, 0, 0, 0, 0, 0, 0, 1, 1, 1]"
1180113778303737856_twitter,im such a slut for hot weather,normal,"[0, 0, 0, 0, 0, 0, 0]"
1179078865240690688_twitter,i am a <number> year old non college educated white man from pa i am a moderate independent who opposes the clean air act sometimes opposes abortion supports deporting illegal immigrants and supports raising the min wage i did not vote in <number>,normal,"[0, 0, 0, 0, 0, 0, 0, 0, 0, 0, 0, 0, 0, 0, 0, 0, 0, 0, 0, 0, 0, 0, 0, 0, 0, 0, 0, 0, 0, 0, 0, 0, 0, 0, 0, 0, 0, 0, 0, 0, 0, 0, 0]"
1126522601633923072_twitter,<user> ‼️ look <user> ♥ ️ another refugee violin story,normal,"[0, 0, 0, 0, 0, 0, 0, 1, 1, 1]"
1115734054828158977_twitter,<user> <user> where as her bud adolf would have let his nazi nationalist make her into a lampshade,offensive,"[0, 0, 0, 0, 0, 1, 1, 0, 0, 0, 0, 1, 1, 0, 0, 0, 0, 0]"
9831315_gab,pls call this coon out for the of impoverished blks living on he brink while he and his clowngressional bleak carcass cbc use every avenue to distract from their cowardly performances,hatespeech,"[0, 0, 0, 1, 0, 0, 0, 0, 0, 0, 0, 0, 0, 0, 0, 0, 0, 0, 0, 0, 0, 0, 0, 0, 0, 0, 0, 0, 0, 0, 0]"
20001024_gab,i do not have a tattoo either imo they all look revolting full stop and why oh why do women have them engraved all over them i understand that tattoos are very expensive to have carved into their skin where do these people get the finance to pay for these monstrosities,offensive,"[0, 0, 0, 0, 0, 0, 0, 0, 0, 0, 0, 0, 0, 0, 0, 0, 0, 0, 0, 1, 1, 1, 1, 1, 1, 0, 0, 0, 0, 0, 0, 0, 0, 0, 0, 0, 0, 0, 0, 0, 0, 0, 0, 0, 0, 0, 0, 0, 0, 0, 1]"
1178682700447793155_twitter,last night i had an old white pilot say the mayor of chicago is a lesbian black woman all in your face sir what in the entire hell are you trying to say get the entire f*ck <censored> out of my face,normal,"[0, 0, 0, 0, 0, 0, 0, 0, 0, 0, 0, 0, 0, 0, 0, 0, 0, 0, 0, 0, 0, 0, 0, 0, 0, 0, 0, 0, 0, 0, 0, 0, 0, 0, 0, 0, 0, 0, 0, 0, 0, 0]"
1178870606294474752_twitter,to the white bitch that would not let me go in front of her and started to speed up as soon as she seen my blinker you moms a hoe ps fuck you,offensive,"[0, 0, 0, 1, 0, 0, 0, 0, 0, 0, 0, 0, 0, 0, 0, 0, 0, 0, 0, 0, 0, 0, 0, 0, 0, 0, 1, 1, 1, 1, 0, 0, 0]"
22782267_gab,leftie americans say arabs are white leftie brits say arabs are asian so the left really does believe people are transracial or is the left complicit with violently criminal arabs,offensive,"[0, 0, 0, 1, 1, 1, 1, 1, 0, 1, 1, 1, 1, 0, 0, 0, 0, 0, 0, 0, 0, 0, 0, 0, 0, 0, 0, 0, 1, 0]"
1083098441230831626_twitter,also non black women who call black women ratchet ghetto are usually really ratchet and ghetto as hell it ’ funny at this point,offensive,"[0, 1, 1, 1, 1, 1, 1, 1, 1, 1, 1, 1, 1, 1, 1, 1, 1, 1, 0, 0, 0, 0, 0, 0]"
21283614_gab,great doc abt how east asians commit less crime than whites even though they are a racial minority and the apparent victims of horrible white racism,normal,"[0, 0, 0, 0, 0, 0, 0, 0, 0, 0, 0, 0, 0, 0, 0, 0, 0, 0, 0, 0, 0, 0, 0, 0, 0, 0]"
21285578_gab,are you just retarded jews have been supporting pedophilia for thousands of years so no wonder the white people jews are friends with are pedophiles so far the majority of people implicate in pizzagate are jews bit they dindu nuffin right,hatespeech,"[0, 0, 0, 1, 1, 1, 1, 1, 1, 1, 1, 1, 0, 0, 0, 0, 0, 0, 0, 0, 0, 0, 0, 0, 1, 0, 0, 0, 0, 0, 0, 0, 0, 1, 1, 1, 0, 0, 0, 0, 0]"
1163928201627865089_twitter,me quietly sitting in class with my friend and showing off my shoes to her look my friend your gay is showing,offensive,"[0, 0, 0, 0, 0, 0, 0, 0, 0, 0, 0, 0, 0, 0, 0, 0, 0, 0, 0, 1, 0, 0]"
19773795_gab,yes yes but it is never mentioned it would be racist i was watching some fashion show with all faces walking the runway i thought soon they will want only white women as they realize the globe is filled with black and brown faces minority white hires with no guilt,offensive,"[0, 0, 0, 0, 0, 0, 0, 0, 0, 0, 1, 0, 0, 0, 0, 0, 0, 0, 0, 0, 0, 0, 0, 0, 0, 0, 0, 0, 0, 0, 1, 1, 0, 0, 0, 0, 0, 0, 0, 0, 0, 0, 0, 0, 0, 0, 0, 0, 0, 0]"
10146040_gab,no one is transgender it is a behavioral sin like so many queers and other sinners they seek acceptance for their sin lgbtq usa,hatespeech,"[1, 1, 1, 1, 1, 1, 1, 1, 1, 0, 0, 0, 1, 0, 0, 0, 1, 1, 1, 1, 1, 1, 0, 0]"
4630804_gab,the tsarnaev brothers remember them sorry you may know them by another title bostonbombers shocking they were also called refugees what are the odds that islamic muslim refugees commit terrorism on the people and country they are taught to hate gabfam maga americafirst islam,normal,"[1, 1, 1, 1, 1, 1, 1, 1, 1, 1, 1, 1, 1, 1, 1, 1, 1, 1, 1, 1, 1, 1, 1, 1, 1, 1, 1, 1, 1, 1, 1, 1, 1, 1, 1, 1, 1, 1, 1, 1, 0, 0, 0, 0]"
1187846220179484674_twitter,niggas get a lil bit of pussy,normal,"[0, 0, 0, 0, 0, 0, 0]"
12410971_gab,keverc <number> hours ago hey george i hope you enjoy hell you evil piece of shit we all know you got rich off of stealing the wealth of countless jews you helped sent to the camps for extermination ﻿,offensive,"[0, 0, 0, 0, 1, 1, 1, 1, 1, 1, 1, 1, 1, 1, 1, 1, 1, 1, 1, 1, 1, 1, 1, 1, 1, 1, 1, 1, 1, 1, 1, 1, 1, 1, 1, 1, 1, 1, 1]"
24877549_gab,tranny do you all remember the story of deandre harris it gripped the nation in august today he sat through two hours of a grueling soul crushing cross examination i know i have been cross examined by the same man deandre harris is a nigger terrorist who deserves to die of sickle cell,hatespeech,"[0, 0, 0, 0, 0, 0, 0, 0, 0, 0, 0, 0, 0, 0, 0, 0, 0, 0, 0, 0, 0, 0, 0, 0, 0, 0, 0, 0, 0, 0, 0, 0, 0, 0, 0, 0, 0, 0, 0, 0, 0, 0, 0, 1, 1, 1, 1, 1, 1, 1, 1, 1, 1]"
16541106_gab,tranny bathrooms moslem edition,hatespeech,"[1, 1, 1, 1]"
27268799_gab,my cat is more intelligent and capable of feeling human emotions than a nigger,hatespeech,"[0, 0, 0, 0, 0, 0, 0, 0, 0, 0, 0, 0, 0, 1]"
2694325_gab,<user> lol what a stupid gook,normal,"[0, 0, 0, 0, 1, 1]"
23182733_gab,<user> is gay lol,normal,"[0, 0, 0, 0]"
7544080_gab,he would have been wise enough to know them by their fruits just like the inquisition had no power over the jews who fled spain without their ill gotten gains from selling white x tian slaves to moslems only jews who pretended to be rich x tians,offensive,"[1, 1, 1, 1, 1, 1, 1, 1, 1, 1, 1, 1, 1, 1, 1, 1, 1, 1, 1, 1, 1, 1, 1, 1, 1, 1, 1, 1, 1, 1, 1, 1, 1, 1, 1, 1, 1, 1, 1, 1, 1, 1, 1, 1, 1, 1, 1]"
22405642_gab,but if you are a nigger you can beat rape your way all down white street while screaming i hate white people never be charged with a hate crime,hatespeech,"[0, 0, 0, 0, 0, 1, 1, 1, 1, 1, 1, 1, 1, 1, 1, 1, 1, 1, 1, 1, 1, 1, 1, 1, 1, 1, 1, 1, 1]"
4795586_gab,i really think the msm the left should stop using refugee immigrant illegal aliens as synonymous terms refugees are escaping dangerous situations immigrants are likely seeking economic opportunities illegal aliens are law breakers right from the jump these are not the same circumstances,normal,"[0, 0, 0, 0, 0, 0, 0, 0, 0, 0, 0, 0, 0, 0, 0, 0, 0, 0, 0, 0, 0, 0, 0, 0, 0, 0, 0, 0, 0, 0, 0, 0, 0, 0, 0, 0, 0, 0, 0, 0, 0, 0, 0]"
1188532198607085576_twitter,nicki minaj saying real ass bitch in the background,normal,"[0, 0, 0, 0, 0, 0, 0, 0, 0]"
8715988_gab,going to a resort for my sister wedding in a few months got some pretty dresses of all the middle aged women there who have had two <number> lb babies in the last <number> yr i will be the hottest my policy is set the bar high but achievable,normal,"[0, 0, 0, 0, 0, 0, 0, 0, 0, 0, 0, 0, 0, 0, 0, 0, 0, 0, 0, 0, 0, 0, 0, 0, 0, 0, 0, 0, 0, 0, 0, 0, 0, 0, 0, 0, 0, 0, 0, 0, 0, 0, 0, 0, 0, 0, 0, 0, 0]"
26219214_gab,hillberg100 <number> day ago ask maxines wig about that <number> russian retirement fund or her hubbys bank bailout when he did not need or her living outside her ghetto districts that have the lowest living standards well below poverty levels,offensive,"[0, 0, 0, 0, 1, 1, 1, 1, 1, 1, 1, 1, 1, 1, 1, 1, 1, 1, 1, 1, 1, 1, 1, 1, 1, 1, 1, 1, 1, 1, 1, 1, 1, 1, 1, 1, 1, 1, 1, 1]"
16591249_gab,maybe she thinks jesus is black too that reads as insecure spiteful nigger talk to me,hatespeech,"[0, 0, 0, 0, 0, 0, 0, 0, 0, 0, 0, 0, 1, 0, 0, 0]"
10535083_gab,you mean more rapes and more sand niggers because that what you want sjw more curry niggers getting gibs killing whitey look at you you dirty race traitor curry nigger,hatespeech,"[0, 0, 1, 1, 1, 1, 1, 1, 0, 0, 0, 0, 0, 0, 1, 1, 1, 1, 0, 1, 1, 0, 0, 0, 0, 1, 1, 1, 1, 1]"
1249038455902031873_twitter,<user> i just saw your ghetto gaggers video why did you change your name from harmony rose 😔,normal,"[0, 0, 0, 0, 0, 0, 0, 0, 0, 0, 0, 0, 0, 0, 0, 0, 0, 0]"
24288768_gab,it not rocket science to see the link between mass immigration from shithole countries and london gang crimes london has been swamped with low life african refugees and the pakistani muslim supremacist mayor is hardly going to speak out or do anything about it,normal,"[0, 0, 0, 0, 0, 0, 0, 0, 0, 0, 0, 0, 0, 0, 0, 0, 0, 0, 0, 0, 0, 0, 0, 0, 0, 0, 0, 0, 0, 0, 0, 0, 0, 0, 0, 0, 0, 0, 0, 0, 0, 0, 0, 0]"
1098366440200171520_twitter,<user> the real bitch of this whole story 😡,normal,"[0, 0, 0, 0, 0, 0, 0, 0, 0]"
16074606_gab,with a high purchasing currency youth could buy more stuff find a girlfriend buy a house and keep the economy going jews will put all humanity in deathcamps and slave factories if humnaity doesnt unite agains the jews and their racism against all mankind,hatespeech,"[0, 0, 0, 0, 0, 0, 0, 0, 0, 0, 0, 0, 0, 0, 0, 0, 0, 0, 0, 0, 0, 1, 1, 1, 1, 1, 1, 1, 0, 1, 1, 1, 1, 1, 1, 1, 1, 1, 1, 1, 1, 1, 1, 1]"
12095199_gab,a dyke puts the mannish moves on a femme at a lesbian bar in paris <number> photograph by george brassai,offensive,"[0, 1, 0, 0, 1, 0, 0, 0, 1, 0, 0, 1, 0, 0, 0, 0, 0, 0, 0, 0]"
16071798_gab,and the ghetto precincts still have to report gg rip,normal,"[0, 0, 0, 0, 0, 0, 0, 0, 0, 0]"
13222749_gab,what a retarded paki,hatespeech,"[0, 0, 1, 1]"
1198165663430463488_twitter,<user> same imagine having to remind someone that they have to pay you back the ghetto,offensive,"[0, 0, 0, 0, 0, 0, 0, 0, 0, 0, 0, 0, 0, 0, 1, 1]"
1194161059424165888_twitter,<user> rehne do she is mentally retarded,offensive,"[0, 0, 0, 0, 0, 1, 1]"
11860581_gab,answer my question idiot i am not gonna convince you that blacks do not have lower iq since you are already entrenched in that viewpoint but let see how long you stay there what your excuse for the superior whites playing into the jew hand,hatespeech,"[0, 0, 0, 1, 0, 0, 0, 0, 0, 0, 0, 1, 0, 0, 0, 1, 1, 0, 0, 0, 0, 0, 0, 0, 0, 0, 0, 0, 0, 0, 0, 0, 0, 0, 0, 0, 0, 0, 1, 1, 1, 1, 1, 1, 1]"
1248722979044786176_twitter,having bd drama is so ghetto like just leave me and my child alone weird ass bitch,hatespeech,"[0, 0, 0, 0, 0, 1, 0, 0, 0, 0, 0, 0, 0, 0, 1, 1, 1]"
15500373_gab,beat a guy from bejing in the world jousting final found a chink in his armour,hatespeech,"[0, 0, 0, 0, 0, 0, 0, 0, 0, 0, 0, 0, 1, 0, 0, 0]"
12171519_gab,i just wish they did a star trek version of dune even the sand niggers are white,hatespeech,"[0, 0, 0, 0, 0, 0, 0, 0, 0, 0, 0, 0, 0, 1, 1, 0, 0]"
16395836_gab,fucking slant retard,offensive,"[1, 1, 1]"
4972974_gab,i left a nigger lying dead by the river i left the willow whisps to roam jeffrey lee pierce,hatespeech,"[0, 0, 0, 1, 1, 1, 0, 0, 0, 0, 0, 0, 0, 0, 0, 0, 0, 0, 0]"
18508343_gab,the mentally ill snow nigger is you gabbing at me everyday to get a taste of my curry cock and then pretend like you do not enjoy it it like every racist nazi homophobe that has been caught getting fuxked by a black homo,hatespeech,"[0, 0, 0, 1, 1, 0, 0, 0, 0, 0, 0, 0, 0, 0, 0, 0, 0, 1, 1, 0, 0, 0, 0, 0, 0, 0, 0, 0, 0, 0, 0, 1, 1, 1, 0, 0, 0, 0, 0, 1, 1, 1, 1, 1]"
1160744670361772034_twitter,<user> cause niggas do not respect lebron as the greatest to ever touch a basketball,normal,"[0, 0, 0, 0, 0, 0, 0, 0, 0, 0, 0, 0, 0, 0, 0]"
1178862298741563393_twitter,i go down on ah dyke i go up on my price,normal,"[0, 0, 0, 0, 0, 0, 0, 0, 0, 0, 0, 0]"
7934990_gab,ironically if a white man acts like the proud racial supremacist his lessers accuse him of being he will earn more respect and deference from the deepest ghetto blacks than any wimpy suckup shitlib white would get,normal,"[0, 0, 0, 0, 0, 0, 0, 0, 0, 0, 0, 0, 0, 0, 0, 0, 0, 0, 0, 0, 0, 0, 0, 0, 0, 0, 0, 0, 0, 0, 0, 0, 0, 0, 0, 0, 0]"
14540497_gab,an emp is generated via the atomic explosion and could be created over the continent miles in the air the fallout would likely stay in space and the housing could be available to those that survive and immigrants from who knows where,normal,"[0, 0, 0, 0, 0, 0, 0, 0, 0, 0, 0, 0, 0, 0, 0, 0, 0, 0, 0, 0, 0, 0, 0, 0, 0, 0, 0, 0, 0, 0, 0, 0, 0, 0, 0, 0, 0, 0, 0, 0, 0, 0]"
25859461_gab,if they do not fear us then why do they pay kike shills like you to think up cringe poetry,hatespeech,"[0, 0, 0, 0, 0, 0, 0, 0, 0, 0, 0, 1, 1, 0, 0, 0, 0, 0, 0, 0]"
1178822517470965766_twitter,dwts they all look good in white,normal,"[0, 0, 0, 0, 0, 0, 0]"
1178904580693745664_twitter,<user> i will have my friend post lol the thought is there was no impeachment while he muslim banned locked up children still is separates families made fun of you name it enticed riots murders hid them jamal khashoggi and now he went after a rich white mans son truth 😔,normal,"[0, 0, 0, 0, 0, 0, 0, 0, 0, 0, 0, 0, 0, 0, 0, 0, 0, 0, 0, 0, 0, 0, 0, 0, 0, 0, 0, 0, 0, 0, 0, 0, 0, 0, 0, 0, 0, 0, 0, 0, 0, 0, 0, 0, 0, 0, 0, 0, 0, 0, 0]"
19067466_gab,chris was mad at the paki christian piccalioni i want to hear his shit however <user> ‍ is willing to have him on his show and i am willing to co host see what this guy has to say hit us up piccalioni,normal,"[0, 0, 0, 0, 0, 0, 0, 0, 0, 0, 0, 0, 0, 0, 0, 0, 0, 0, 0, 0, 0, 0, 0, 0, 0, 0, 0, 0, 0, 0, 0, 0, 0, 0, 0, 0, 0, 0, 0, 0, 0, 0, 0]"
13380422_gab,that <user> a fat kike liar profitmonger censor <user> a pajeet fucking a confirmed kike and a couple sand niggers but they duped gab fam out of 1 0 0 of thousands of dollars lol,hatespeech,"[0, 0, 0, 0, 1, 1, 0, 0, 0, 0, 1, 1, 0, 0, 1, 0, 0, 0, 1, 1, 0, 0, 0, 0, 0, 0, 0, 0, 0, 0, 0, 0, 0, 0, 0]"
25348202_gab,nr is not conservative they are just a bunch of retarded cucks no compromise with sexual deviants do not like it move to saudi arabia and find a compromise there,offensive,"[1, 1, 1, 1, 1, 1, 1, 1, 1, 1, 1, 1, 1, 1, 1, 1, 1, 0, 0, 0, 0, 1, 1, 1, 1, 1, 1, 1, 1, 1]"
26885241_gab,as well as to promote islam and confuse christian values anyone not helping muslim refugees is not a good christian although they believe in the antichrist and christ was just a man,normal,"[1, 1, 1, 1, 1, 1, 1, 1, 1, 1, 1, 1, 1, 1, 1, 1, 1, 1, 1, 1, 0, 0, 0, 0, 0, 0, 0, 0, 0, 0, 0, 0]"
25936705_gab,princess diana illegitimate son and a negress,offensive,"[0, 0, 0, 0, 0, 0, 1]"
21672696_gab,pimlico racetrack area is weird two sides of it are complete ghetto dumps while the other two sides are still fairly decent even w some upscale people living there i love the track itself just hate the west south sides of the track,offensive,"[0, 0, 0, 0, 0, 0, 0, 0, 0, 0, 0, 1, 1, 0, 0, 0, 0, 0, 0, 0, 0, 0, 0, 0, 0, 0, 0, 0, 0, 0, 0, 0, 0, 0, 0, 0, 0, 0, 0, 0, 0, 0, 0]"
10870230_gab,i came home today to find my retarded son trying to put socks on his cock that cat going to be fucking traumatized now,offensive,"[0, 0, 0, 0, 0, 0, 1, 1, 1, 0, 0, 0, 0, 0, 0, 0, 0, 0, 0, 0, 0, 0, 0, 0]"
1145104316258238464_twitter,<user> <user> nope but why post something homophobes will love self hating gays are very unhappy people,normal,"[0, 0, 0, 0, 0, 0, 0, 0, 0, 0, 0, 0, 0, 0, 0, 0, 0]"
1178859304033685504_twitter,<user> delete this nigger,offensive,"[0, 1, 1, 1]"
18138686_gab,all beaners back to taco land,hatespeech,"[1, 1, 1, 1, 1, 1]"
1109237447005630464_twitter,hey when you are feeling sad about yourself and your body and your self worth listening to yusuf islam cat stevens is a trip,normal,"[0, 0, 0, 0, 0, 0, 0, 0, 0, 0, 0, 0, 0, 0, 0, 0, 0, 0, 0, 0, 0, 0, 0, 0]"
15933304_gab,you have got me i am a daily harasser of migrants in real life i never let chance go by been lucky so far with regard to violence but what the hell i will do the best i can as it comes fortunately i know a little bit about fighting,hatespeech,"[0, 0, 0, 0, 1, 1, 1, 1, 1, 1, 1, 1, 1, 1, 0, 0, 0, 0, 0, 0, 0, 0, 0, 0, 0, 0, 0, 0, 0, 0, 0, 0, 0, 0, 0, 0, 0, 0, 0, 0, 0, 0, 0, 0, 0, 0, 0, 0, 0, 0]"
2811166_gab,<user> the altright is a collectivist identitarian movement that is somewhat analogous to white nationalism it asks for ethnically or racially monolithic nations such as japan israel etc,normal,"[0, 0, 0, 0, 0, 0, 0, 0, 0, 0, 0, 0, 0, 0, 0, 0, 0, 0, 0, 0, 0, 0, 0, 0, 0, 0, 0, 0]"
1146056203413278721_twitter,since <time> na syempre parehas naman maingay maya <number> points sa lahat ng auradon students love you guys have a great night,normal,"[0, 0, 0, 0, 0, 0, 0, 0, 0, 0, 0, 0, 0, 0, 0, 0, 0, 0, 0, 0, 0, 0]"
18202714_gab,youth homicide almost all black on black to the point they have a police squad dedicated to it called trident the same with youth violence blacks,normal,"[0, 0, 0, 0, 0, 0, 0, 0, 0, 0, 0, 0, 0, 0, 0, 0, 0, 0, 0, 0, 0, 0, 0, 0, 0, 0]"
1089280889857568768_twitter,free everybody out da jam even da opps so we can max them niggas tf out,normal,"[0, 0, 0, 0, 0, 0, 0, 0, 0, 0, 0, 0, 0, 0, 0, 0]"
24792823_gab,we take mosque hit and runs very seriously but if you are a muslim migrant and plow into a load of pedestrians we will do our best to rule it an accident,offensive,"[0, 0, 0, 0, 0, 0, 0, 0, 0, 1, 1, 1, 1, 1, 1, 1, 1, 1, 1, 1, 1, 1, 1, 1, 1, 1, 1, 1, 1, 1, 1, 1]"
13375840_gab,whats going on with that jesus campos guy and the vegas shooting all the live topics are gay,offensive,"[0, 0, 0, 0, 0, 0, 0, 0, 0, 0, 0, 0, 0, 0, 0, 0, 0, 1]"
6144966_gab,right away the nigger goes to muh dik should be legal to decorate the city lampposts with these stupid animals,hatespeech,"[0, 0, 0, 1, 0, 0, 0, 0, 0, 0, 0, 0, 1, 1, 1, 1, 0, 0, 1, 1]"
15888684_gab,wait i missed something why are you saying the ds split from the alt right the only person i see acting weird is you by trying to defend a racemixed kike woman,normal,"[0, 0, 0, 0, 0, 0, 0, 0, 0, 0, 0, 0, 0, 0, 0, 0, 0, 0, 0, 0, 0, 0, 0, 0, 0, 0, 0, 0, 0, 1, 1, 1]"
22047299_gab,look on youtube the nigger chicago gangs with weapons <number> round mags saying fuck trump lmfao you dumb ass punks show there faces lmfao 😂 😃 😄 😄 😄 😅 😅,hatespeech,"[0, 0, 0, 0, 1, 1, 1, 0, 0, 0, 0, 0, 0, 0, 0, 0, 0, 0, 0, 0, 0, 0, 0, 0, 0, 0, 0, 0, 0, 0, 0]"
6923022_gab,why do women shower so much after being raped to get rid of the smell of fried chicken,offensive,"[1, 1, 1, 1, 1, 1, 1, 1, 1, 1, 1, 1, 1, 1, 1, 1, 1, 1]"
8839492_gab,no apologies ice chief says illegal immigrants should live in fear of deportation hotpagenews com r <number>,offensive,"[0, 0, 0, 0, 0, 1, 1, 1, 1, 1, 1, 1, 1, 0, 0, 0, 0]"
1171798188132589568_twitter,how can you get rid of one nigger and replace it with another nigger x and y was much better no nigero in sight,hatespeech,"[0, 0, 0, 1, 1, 1, 1, 1, 0, 0, 0, 0, 1, 1, 0, 0, 0, 0, 0, 0, 0, 1, 0, 0]"
25046089_gab,it might be time for us to stop calling the sand niggers dumb,normal,"[1, 1, 1, 1, 1, 1, 1, 1, 1, 1, 1, 1, 1]"
22968939_gab,back to the old you can not say nigger in a rap unless you are black thing not even if you call yourself ninja and have blue hair,normal,"[0, 0, 0, 0, 0, 0, 0, 0, 0, 0, 0, 0, 0, 0, 0, 0, 0, 0, 0, 0, 0, 0, 0, 0, 0, 0, 0, 0]"
25851603_gab,there are no nazi patriots faggot,offensive,"[1, 1, 1, 1, 1, 1]"
1178972707398062080_twitter,just a thought has anyone noticed how the media are hounding boris johnson for supposedly touching someone leg when there are hundreds of young girls being raped by pakistani gangs plus get your priorities right,normal,"[0, 0, 0, 0, 0, 0, 0, 0, 0, 0, 0, 0, 0, 0, 0, 0, 0, 0, 0, 0, 0, 0, 0, 0, 0, 0, 0, 0, 0, 0, 0, 0, 0, 0, 0]"
1080402504586854400_twitter,<user> famous for killing an immigrant,offensive,"[0, 1, 1, 1, 1, 1]"
23453158_gab,what an ugly bitch and a moozie fucking whore drag it into court and start asing questions from gowdy,offensive,"[1, 1, 1, 1, 1, 1, 1, 1, 1, 1, 1, 1, 1, 1, 1, 1, 1, 1, 1]"
1224020573837238273_twitter,<user> and not just soviet jews were among the most important scientists ever since the astronomy schools of babylon,normal,"[0, 0, 0, 0, 0, 0, 0, 0, 0, 0, 0, 0, 0, 0, 0, 0, 0, 0, 0]"
24958450_gab,idk we need our own internet and need to trash this whole system if gab is the zenith then the whole thing is still kike bullshit <user> ‍,hatespeech,"[0, 0, 0, 0, 0, 0, 0, 0, 0, 0, 0, 0, 0, 0, 0, 0, 0, 1, 0, 0, 0, 0, 0, 0, 1, 1, 0, 0]"
1179055004553900032_twitter,i dont think im getting my baby them white 9 he has two white j and nikes not even touched,normal,"[0, 0, 0, 0, 0, 0, 0, 0, 0, 0, 0, 0, 0, 0, 0, 0, 0, 0, 0, 0]"
1179104924698890240_twitter,<user> porch monkey,normal,"[0, 0, 0]"
1171245543172952064_twitter,everyday somebody on here arguing my timeline so ghetto,normal,"[0, 0, 0, 0, 0, 0, 0, 0, 0]"
1178784612685885441_twitter,<user> the privileged white devils are the only race that can not be victims of a hate crime,offensive,"[0, 0, 1, 1, 1, 0, 0, 0, 0, 0, 0, 0, 0, 0, 0, 0, 0, 0]"
21265283_gab,how almost all of the clothing companies are promoting the downfall of us whites part <number> the nigger is first in the picturewhile the white girls looking dumb and lunatic are in the background company farfetch,offensive,"[0, 0, 0, 0, 0, 0, 1, 1, 0, 0, 0, 0, 0, 0, 0, 0, 0, 1, 0, 0, 0, 0, 0, 0, 0, 0, 0, 0, 0, 0, 0, 0, 0, 0, 0, 0]"
1338629_gab,as another election season draws to a close i am reminded of just how bitter and ugly some liberals truly are i still get so much more grief for being conservative than being gay i have also been blessed and found queers unwilling to remain loyal to the democrat plantation homo con,normal,"[0, 0, 0, 0, 0, 0, 0, 0, 0, 0, 0, 0, 0, 0, 0, 0, 0, 0, 0, 0, 0, 0, 0, 0, 0, 0, 0, 0, 0, 0, 0, 0, 0, 0, 0, 0, 0, 0, 0, 0, 0, 0, 0, 0, 0, 0, 0, 0, 0, 0, 0, 0]"
15646177_gab,incredible how asians have been turning to shitlib ideologies they are traditionally bulwarks of confucian law order disgusting they should be executed,hatespeech,"[0, 0, 1, 0, 0, 0, 0, 1, 1, 0, 0, 0, 0, 0, 0, 0, 0, 0, 1, 1, 1, 1]"
20199568_gab,jew are in a hurry to kill all whites because the lord of the bible has promised them that once all whites are gone black people will work as slaves in their factories see what they convince blacks to do to white peoplein south africa,hatespeech,"[1, 1, 1, 1, 1, 1, 0, 0, 0, 0, 0, 0, 0, 0, 0, 0, 0, 0, 0, 0, 0, 0, 0, 0, 1, 1, 0, 0, 0, 0, 0, 0, 0, 0, 0, 0, 0, 1, 1, 1, 1, 0, 0, 0, 0]"
1261659830709678086_twitter,<user> <user> believe all women unless raped by a democrat then destroy the victim at all costs,hatespeech,"[0, 0, 1, 1, 1, 1, 1, 1, 1, 1, 1, 1, 1, 1, 1, 1, 1]"
25621523_gab,buddhists shit on kike filth religions so do most of the world we will kill kikes christfags hajjis as easy as stepping on ants,hatespeech,"[0, 1, 1, 1, 0, 0, 0, 0, 0, 0, 0, 0, 0, 0, 1, 1, 1, 1, 0, 0, 0, 0, 0, 0]"
1109121969444802561_twitter,<user> some 3 rd world immigrant,normal,"[0, 0, 0, 0, 0, 0]"
10110793_gab,they hate young boys with morals and father figures that can protect avenge them there is not a tranny in the us that would go camping without a shower mirror if you search for gay camping every place has air conditioning as recreated summer camps,normal,"[0, 0, 0, 0, 0, 0, 0, 0, 0, 0, 0, 0, 0, 0, 0, 0, 0, 0, 0, 0, 0, 0, 0, 0, 0, 0, 0, 0, 0, 0, 0, 0, 0, 0, 0, 0, 0, 0, 0, 0, 0, 0, 0, 0, 0]"
1179056879101779970_twitter,so heartless bitch i hate you i can not believe you did me,offensive,"[0, 1, 1, 0, 0, 0, 0, 0, 0, 0, 0, 0, 0]"
1164882409952858116_twitter,<user> i hate you 😂,normal,"[0, 0, 0, 0, 0]"
12040186_gab,i would say obongo can be called a nigger as well as his beautiful wife man,hatespeech,"[0, 0, 0, 0, 0, 0, 0, 0, 1, 0, 0, 0, 0, 0, 1, 1]"
26967794_gab,its not necessary for niggerz to have an average iq above <number> to make ur women paticipate in racemixing untill there is no more white,offensive,"[1, 1, 1, 1, 1, 1, 1, 1, 1, 1, 1, 1, 1, 1, 1, 1, 1, 1, 1, 1, 1, 1, 1, 1, 1]"
9523048_gab,it never really gone out of style it just got kept out of the usual places <number> a while tv media politics academia sand nigger sand groid dune coon dindu nuffin all valuable additions to the nigger lexicon oh sheeit dat remind me mexicon lexicon meh some beaners r ok,hatespeech,"[0, 0, 0, 0, 0, 0, 0, 0, 0, 0, 0, 0, 0, 0, 0, 0, 0, 0, 0, 0, 0, 0, 0, 1, 1, 1, 1, 1, 1, 1, 1, 1, 1, 1, 1, 1, 1, 1, 1, 1, 1, 1, 1, 1, 1, 1, 1, 1, 1, 1]"
22152054_gab,london will probably become another ghetto just like paris and many other cities in the uk and europe sad really that the decline of western culture is and has been allowed or engineered to become so obvious to many of us,normal,"[0, 0, 0, 0, 0, 0, 0, 0, 0, 0, 0, 0, 0, 0, 0, 0, 0, 0, 0, 0, 0, 0, 0, 0, 0, 0, 0, 0, 0, 0, 0, 0, 0, 0, 0, 0, 0, 0, 0, 0, 0]"
27575832_gab,fooling autistic white guys into making a god of the market place was a heck of a trick,normal,"[1, 1, 1, 1, 1, 1, 1, 1, 1, 1, 1, 1, 1, 1, 1, 1, 1, 1]"
16930112_gab,the alt right be all blood and soil until you disagree even slightly then it all shut up nigger faggot kike boomer well guess just soil then i feel your welfare asses can scrape together enough to actually buy some or will your government give it to you,hatespeech,"[0, 0, 0, 0, 0, 0, 0, 0, 0, 0, 0, 0, 0, 0, 0, 0, 1, 1, 1, 1, 1, 1, 0, 0, 0, 0, 0, 0, 0, 0, 1, 1, 0, 0, 0, 0, 0, 0, 0, 0, 0, 0, 0, 0, 0, 0, 0, 0]"
21364889_gab,dyke dyke dyke dyke faggot faggot faggot faggot nigger nigger nigger nigger whitey whitey whitey whitey wetback wetback wetback wetback sandnigger sandnigger sandnigger sandnigger kike kike kike kike retard retard retard retard i can play this child game all day long on gab speak freely,offensive,"[1, 1, 1, 1, 1, 1, 1, 1, 1, 1, 1, 1, 1, 1, 1, 1, 1, 1, 1, 1, 1, 1, 1, 1, 1, 1, 1, 1, 1, 1, 1, 1, 0, 0, 0, 0, 0, 0, 0, 0, 0, 0, 0, 0, 0]"
1179495889393479680_twitter,<user> or the gay person is open about their sexuality like wow what a miracle,offensive,"[0, 0, 0, 1, 0, 0, 0, 0, 0, 0, 0, 1, 1, 1, 1]"
11158163_gab,<user> anonymous jews,normal,"[0, 0, 0]"
11867385_gab,the country was stolen by the british the brittish thought ur ancestors were dirty vagrants the brittish killed off natives committing genocide no matter how u want to white wash it it is not your country and you do not even have hardly any of the wealth of the country lol,hatespeech,"[0, 0, 0, 1, 1, 1, 1, 0, 0, 0, 0, 1, 1, 1, 1, 0, 1, 1, 1, 1, 1, 1, 0, 0, 0, 0, 0, 0, 0, 0, 0, 0, 0, 0, 0, 0, 0, 0, 0, 0, 0, 0, 0, 0, 0, 0, 0, 0, 0, 0, 0]"
1232703500863393792_twitter,<user> <user> left pseudo seculars indirectly and the madarsa jihadis they are everywhere watch for them,normal,"[0, 0, 0, 0, 0, 0, 0, 0, 0, 0, 0, 0, 0, 0, 0, 0]"
23340204_gab,on the right literally the kike subverter shill pick one,normal,"[0, 0, 0, 0, 0, 0, 0, 0, 0, 0]"
11145758_gab,all they have to do is recognize that mass immigration is not politically possible that the battle over it will only intensify and eventually spill over into political violence as the demographic balance shifts at that point even liberals will start looking for the exits,normal,"[0, 0, 0, 0, 0, 0, 0, 0, 0, 0, 0, 0, 0, 0, 0, 0, 0, 0, 0, 0, 0, 0, 0, 0, 0, 0, 0, 0, 0, 0, 0, 0, 0, 0, 0, 0, 0, 0, 0, 0, 0, 0, 0, 0, 0]"
24232701_gab,live in another country you accept the laws and customs of that said country no two ways about it fuck your shariah a concoction of medieval customs formed due to a fucking goat fucker paedophile camel piss drinking moslem shite,hatespeech,"[1, 1, 1, 1, 1, 1, 1, 1, 1, 1, 1, 1, 1, 1, 1, 1, 1, 1, 1, 1, 1, 1, 1, 1, 1, 1, 1, 1, 1, 1, 1, 1, 1, 1, 1, 1, 1, 1, 1, 1]"
1179058712515956743_twitter,he managed to articulate what for me has been only knowable but inexpressible at least through words words my constant struggle about what it like to grow up within the ex yugo context in my case 1 st generation immigrant to macedonian parents,normal,"[0, 0, 0, 0, 0, 0, 0, 0, 0, 0, 0, 0, 0, 0, 0, 0, 0, 0, 0, 0, 0, 0, 0, 0, 0, 0, 0, 0, 0, 0, 0, 0, 0, 0, 0, 0, 0, 0, 0, 0, 0, 0, 0]"
1088160612235046913_twitter,niggas be acting like bitches,offensive,"[1, 0, 0, 0, 1]"
13367503_gab,and to gain sympathy for queers in conservative circles,offensive,"[0, 1, 1, 1, 1, 1, 0, 0, 0]"
25905718_gab,defending muslims being in europe saying that islam isnt the greatest threat to the white race pick one kys for having the reading comprehension of a goat,offensive,"[1, 1, 1, 1, 1, 1, 1, 1, 1, 1, 1, 1, 1, 1, 1, 1, 1, 1, 1, 1, 1, 1, 1, 1, 1, 1, 1]"
4331119_gab,about that womens march in dc yesterday it was a success for president trump because on his first full day in office he got more fat women out walking that michelle obama ever did,hatespeech,"[1, 1, 1, 1, 1, 1, 1, 1, 1, 1, 1, 1, 1, 1, 1, 1, 1, 1, 1, 1, 1, 1, 1, 1, 1, 1, 1, 1, 1, 1, 1, 1, 1, 1]"
1178788946911879169_twitter,<user> <user> is there 1 0 of thousands of muslim pakistani young girls being drugged and gang raped by gangs and families of white christian men anywhere in britain europe or on planet earth the answer is no yet in english towns a minority muslim paki population has commited rape jihad,normal,"[0, 0, 0, 0, 0, 0, 0, 0, 0, 0, 0, 0, 0, 0, 0, 0, 0, 0, 0, 0, 0, 0, 0, 0, 0, 0, 0, 0, 0, 0, 0, 0, 0, 0, 0, 0, 0, 0, 0, 0, 0, 0, 0, 0, 0, 0, 0, 0, 0, 0, 0]"
27997778_gab,why does british state tv produce content in arabic lol <user> i guess the uk wants out to have more muslims for themselfs we need a nationalist socialist eu which only makes sure that every nation is jew and nigger free and take cares of their traditions and its values,hatespeech,"[0, 0, 0, 0, 0, 0, 0, 0, 0, 0, 0, 0, 0, 0, 0, 0, 0, 0, 0, 0, 0, 0, 0, 0, 0, 0, 1, 1, 1, 0, 0, 1, 1, 1, 1, 1, 1, 1, 1, 1, 1, 0, 0, 0, 0, 0, 0, 0, 0, 0]"
1179060090705514496_twitter,remember kids if your gay act as straight as you can in school because your just gonna get called a fag or queer if you do not happened to me today 💗 💕 ☺️,normal,"[0, 0, 0, 0, 0, 0, 0, 0, 0, 0, 0, 0, 0, 0, 0, 0, 0, 0, 0, 0, 0, 0, 0, 0, 0, 0, 0, 0, 0, 0, 0, 0, 0, 0]"
15735261_gab,another brain fart from morbious stone no actually you just displayed you are some king of retard boomer who can not read rotfl stop sucking alex jewns dick must have just graduated from kinder garden lowest iq list lmao,offensive,"[0, 1, 1, 0, 0, 0, 0, 0, 0, 0, 0, 0, 0, 0, 0, 0, 1, 0, 0, 0, 0, 0, 0, 0, 1, 1, 1, 1, 0, 0, 0, 0, 0, 0, 0, 1, 1, 1, 0]"
15530018_gab,lots and lots of butthurt nigger minecraft fans over that i had no idea how much that dude is worth i hope anglin dunned him for bitcoin,hatespeech,"[0, 0, 0, 0, 0, 1, 0, 0, 0, 0, 0, 0, 0, 0, 0, 0, 0, 0, 0, 0, 0, 0, 0, 0, 0, 0, 0]"
20028120_gab,you are a muzzie right lolzy,hatespeech,"[0, 0, 0, 1, 0, 0]"
3443028_gab,<user> i guarantee that feminazi will change her mind if a libtard tells her that the infant can raised to be gay or transgender,hatespeech,"[0, 1, 1, 1, 1, 1, 1, 1, 1, 1, 1, 1, 1, 1, 1, 1, 1, 1, 1, 1, 1, 1, 1, 1]"
7748482_gab,in checking out change org for my bringemhome project i am realizing that the idiots posting there are really going to cry about saving white people i can see the libtards now whites are not under attack and black lives matter re,offensive,"[0, 0, 0, 0, 0, 0, 0, 0, 0, 0, 0, 0, 0, 0, 0, 0, 0, 0, 0, 0, 0, 0, 0, 0, 0, 0, 0, 0, 0, 0, 1, 0, 1, 1, 1, 1, 1, 1, 1, 1, 1, 1]"
18645927_gab,so i am an idiot because jews murdered their own creator and since he does not hate jews for murdering the son of god i am an idiot,offensive,"[0, 0, 0, 0, 0, 0, 1, 1, 1, 1, 1, 0, 0, 0, 0, 0, 1, 1, 1, 1, 1, 1, 1, 1, 0, 0, 0, 0]"
1178472855966756864_twitter,faggots in my mcdonalds parking lot,offensive,"[1, 1, 1, 1, 0, 0]"
15212893_gab,it is deeply sad times to be a white european loving your continent culture both are being handed over to savages moslem invaders and you have to be on your knee loving respecting them 😡,hatespeech,"[0, 0, 0, 0, 0, 0, 0, 0, 0, 0, 0, 0, 0, 0, 0, 0, 1, 1, 1, 1, 1, 1, 1, 0, 0, 0, 0, 0, 0, 0, 0, 0, 0, 0, 0]"
21871789_gab,says mehhir as he sucks off a spic larping as a white boy,offensive,"[0, 1, 1, 0, 0, 0, 0, 1, 1, 1, 1, 1, 1]"
1179562385893232640_twitter,mud people are the source of this climate change bull shit fuck the muddy gad damn negro fucking chocolate lookin ass nigars,hatespeech,"[1, 1, 0, 0, 0, 0, 0, 0, 0, 0, 0, 1, 1, 1, 1, 1, 1, 1, 1, 1, 1, 1]"
1124110058932060160_twitter,harry liked both cho and this black girl i see you mr potter,normal,"[0, 0, 0, 0, 0, 0, 0, 0, 0, 0, 0, 0, 0]"
23519250_gab,this is absolute bullshit it a psychological trick to attempt to show moslem supremacy these low iq shit skins have no balls are dickless assholes,offensive,"[1, 1, 1, 1, 1, 1, 1, 1, 1, 1, 1, 1, 1, 1, 1, 1, 1, 1, 1, 1, 1, 1, 1, 1, 1]"
4105410_gab,god bless james earl ray putting down that nigger mlk to save all those white girls from his rapist cock maga,hatespeech,"[0, 0, 0, 0, 0, 0, 1, 1, 1, 1, 0, 0, 0, 0, 0, 0, 0, 1, 1, 1, 0]"
14492354_gab,why would you be angry about being ethnically cleansed and chased out of your neighborhood by nonwhite violence or being scapegoated for blacks inability to do algebra or refrain from raping elderly white women you are not entitled to a civilized society or a homeland,offensive,"[1, 1, 1, 1, 1, 1, 1, 1, 1, 1, 1, 1, 1, 1, 1, 1, 1, 1, 1, 1, 1, 1, 1, 1, 1, 1, 1, 1, 1, 1, 1, 1, 1, 1, 0, 0, 0, 0, 0, 0, 0, 0, 0, 0, 0]"
1266873689741701121_twitter,<user> they found the violent nazis organizing the riots,normal,"[0, 0, 0, 0, 0, 0, 0, 0, 0]"
20796672_gab,i heard you hate joows you a muzzie hon,hatespeech,"[0, 0, 0, 1, 1, 1, 1, 1, 1]"
20238487_gab,as the kike dreidle turns,hatespeech,"[0, 0, 1, 0, 0]"
5585872_gab,viola liuzzo that dumbass yankee freedom rider bitch who was killed while driving a nigger agitatir around deserved to die,hatespeech,"[0, 0, 0, 1, 1, 1, 1, 1, 0, 0, 0, 0, 0, 0, 1, 1, 1, 0, 0, 0]"
1178595083534454784_twitter,good morning tonight i had a nightmare where all tj suddenly became horny for todd and people were shipping him with hank there were fanarts and whole threads about it and i wanted to kill every single one of you,normal,"[0, 0, 0, 0, 0, 0, 0, 0, 0, 0, 0, 0, 0, 0, 0, 0, 0, 0, 0, 0, 0, 0, 0, 0, 0, 0, 0, 0, 0, 0, 0, 0, 0, 0, 0, 0, 0, 0, 0, 0]"
21380556_gab,i mean i am all for promoting and educating on abortions specifically in immigrant heavy communities but hysterectomy that going a little too far,hatespeech,"[0, 0, 0, 0, 0, 0, 0, 0, 0, 0, 0, 0, 0, 1, 1, 1, 0, 0, 0, 0, 0, 0, 0, 0]"
1178730697336508419_twitter,<user> <user> but remainers love fake news meanwhile in the real world everyone canyon your nazis in action,normal,"[0, 0, 0, 0, 0, 0, 0, 0, 0, 0, 0, 0, 0, 0, 0, 0, 0, 0]"
25969499_gab,the british royal family just accepted a nigger into the blood line normies clearly harry is in love with his bride it is a beautiful thing god damn it why did not the british listen to mosley,hatespeech,"[0, 0, 0, 0, 0, 1, 1, 1, 0, 0, 0, 0, 0, 0, 0, 0, 0, 0, 0, 0, 0, 0, 0, 0, 0, 0, 0, 0, 0, 0, 0, 0, 0, 0, 0, 0, 0]"
10616662_gab,i love the sound of a honky tonk piano friday feeling,normal,"[0, 0, 0, 0, 0, 0, 0, 0, 0, 0, 0]"
19736399_gab,if they gave those chickens to africa we would not need to bring all those refugees here,hatespeech,"[0, 1, 1, 1, 1, 1, 1, 1, 1, 1, 1, 1, 1, 1, 1, 1, 1]"
1103137075119874048_twitter,you might be a racist if you buy green olives in a jar but pass on the black olives in the can,normal,"[0, 0, 0, 0, 0, 0, 0, 0, 0, 0, 0, 0, 0, 0, 0, 0, 0, 0, 0, 0, 0, 0]"
23369344_gab,lara confirmed ugly bitch with several physical and mental deformities all of which i can prove you worthless menstrual pad your mind and energy is evil and dark and you are full of shit your data is useless even the fancy boys reject you <user> ‍,offensive,"[1, 1, 1, 1, 1, 1, 1, 1, 1, 1, 1, 1, 1, 1, 1, 1, 1, 1, 1, 1, 1, 1, 1, 1, 1, 1, 1, 1, 1, 1, 1, 1, 1, 1, 1, 1, 1, 1, 1, 1, 1, 1, 1, 1, 0, 0]"
12361268_gab,all asians are ant people except maybe japs,hatespeech,"[1, 1, 1, 1, 1, 1, 1, 1]"
16813682_gab,jews were banned from american social organizations up until the marxist civil rights movement in the 1 9 6 0 the church banned jews from christian society for almost <number> years even romans and greek kept you dogs away from polite society are you retarded or what,hatespeech,"[1, 0, 0, 0, 0, 0, 0, 0, 0, 0, 0, 0, 0, 0, 0, 0, 0, 0, 0, 0, 0, 0, 0, 0, 0, 0, 0, 0, 0, 0, 0, 0, 0, 0, 0, 1, 1, 1, 1, 0, 0, 0, 0, 0, 1, 0, 0]"
1178416456238866437_twitter,your the biggest faggot if you do not like sports,offensive,"[0, 0, 1, 1, 0, 0, 0, 0, 0, 0]"
1179028793035390976_twitter,<user> then we will now start giving same treatment to muslim that hindus hav in muslim countries they do not pelt stone on their army no riotsaur unn muslim conutries jaise uae ko bhi pta hai hamare paas to dimaag hai nhi bss crude oil hai inke paas hai,normal,"[0, 0, 0, 0, 0, 0, 0, 0, 0, 0, 0, 0, 0, 0, 0, 0, 0, 0, 0, 0, 0, 0, 0, 0, 0, 0, 0, 0, 0, 0, 0, 0, 0, 0, 0, 0, 0, 0, 0, 0, 0, 0, 0, 0, 0, 0, 0, 0, 0]"
24448404_gab,what a fucking disgrace having a stephen lawrence day and not a lee rigby day 😡 fucking moslem appeasing scum our government and civil servants are spineless bastards giving in to moslem scum and the anti white whites like cunt corbyn and fat black bastard diane flabbott 😡,hatespeech,"[0, 0, 0, 0, 0, 0, 0, 0, 0, 0, 0, 0, 0, 0, 0, 0, 1, 1, 0, 0, 0, 0, 0, 0, 0, 0, 0, 1, 0, 0, 0, 1, 1, 0, 0, 0, 0, 0, 0, 0, 0, 0, 1, 1, 1, 1, 1, 0]"
13502199_gab,conversely without it a stupid field nigger sans chapeau,hatespeech,"[0, 0, 0, 0, 0, 1, 1, 0, 0]"
1126954220673019904_twitter,<user> weaponizing sex evidently the only power women have cause thoughtful debate logic and voting is so <number>,offensive,"[0, 1, 1, 1, 1, 1, 1, 1, 1, 0, 0, 0, 0, 0, 0, 0, 0, 0]"
24472587_gab,they are saying there were nigger vikings for fuck sake yup jews are rewriting our history to show us that niggers have always been with us pisses me off fucking jews,hatespeech,"[1, 1, 1, 1, 1, 1, 1, 1, 1, 1, 1, 1, 1, 1, 1, 1, 1, 1, 1, 1, 1, 1, 1, 1, 1, 1, 0, 0, 0, 1, 1]"
1178750862811963394_twitter,i cried like thunder i hate you september,normal,"[0, 0, 0, 0, 0, 0, 0, 0]"
1082113625450528768_twitter,rt lanadelgayvotes rt jesscloth mtv hottest lana del rey,normal,"[0, 0, 0, 0, 0, 0, 0, 0, 0]"
17435869_gab,the traitorous anti american retarded liberal scum sucking parasites that criticize president trump are the unfit ones,offensive,"[0, 0, 0, 0, 1, 1, 1, 1, 1, 0, 0, 0, 0, 0, 0, 0, 0]"
25271148_gab,today twitter features moments about everything from jaden smith at a ball to what happens inside your dishwasher when you turn it on no mention of an attorney general of new york beating women until their ears bleed though schneiderman <user> ‍,normal,"[0, 0, 0, 0, 0, 0, 0, 0, 0, 0, 0, 0, 0, 0, 0, 0, 0, 0, 0, 0, 0, 0, 0, 1, 1, 1, 1, 1, 1, 1, 1, 1, 1, 1, 1, 1, 1, 1, 1, 0, 0, 0]"
1178835527992303617_twitter,<user> they will pull laws out they ass to let them white cops get away with murder,normal,"[0, 0, 0, 0, 0, 0, 0, 0, 0, 0, 0, 0, 0, 0, 0, 0, 0]"
7920838_gab,biggest safe space online they banned me for being too pro trump and questioning beta faggots who had not sworn allegiance to the god emperor apparently i was concern trolling please mods are pussies who are not willing to do what it takes to take their community to the next level,normal,"[0, 0, 0, 0, 0, 0, 0, 0, 0, 0, 0, 0, 0, 0, 0, 0, 0, 0, 0, 0, 0, 0, 0, 0, 0, 0, 0, 0, 0, 0, 0, 0, 0, 0, 0, 0, 0, 0, 0, 0, 0, 0, 0, 0, 0, 0, 0, 0, 0, 0, 0]"
1084586012465086464_twitter,women lie to kick it niggas lie to hit 💯,normal,"[0, 0, 0, 0, 0, 0, 0, 0, 0, 0]"
13158240_gab,damn i wish it was that easy new laundry detergent it will turn a nigger into an asian in <number> seconds flat,hatespeech,"[0, 0, 0, 0, 0, 0, 0, 0, 0, 0, 0, 0, 0, 0, 1, 1, 1, 1, 1, 0, 0, 0]"
1205888262117703680_twitter,<user> imagine being a muslim and also putting pronouns in your fucking bio,offensive,"[0, 0, 0, 0, 1, 0, 0, 0, 1, 0, 0, 1, 1]"
1090669015754817542_twitter,bitches get one friend n just ttg <number> toes lmaoo that tho only friend you got bitch weird ass hoes,offensive,"[1, 0, 0, 0, 0, 0, 0, 0, 0, 0, 0, 0, 0, 0, 0, 0, 1, 1, 1, 1]"
16338614_gab,if you are a self hating white a cuck a nigger or a kike and you have followed me here hoping to start shit the only thing you are going to do is get triggered,hatespeech,"[0, 0, 0, 0, 0, 0, 0, 0, 0, 0, 1, 0, 0, 1, 0, 0, 0, 0, 0, 0, 0, 0, 0, 0, 0, 0, 0, 0, 0, 0, 0, 0, 0, 0, 0]"
27134916_gab,nick the spic le <percent> face mr being catholic pedophile is more important than being white,hatespeech,"[0, 0, 1, 0, 0, 0, 0, 0, 0, 0, 0, 0, 0, 0, 0, 0]"
1121935530403467267_twitter,she single cuz she can not find a nigga worth her time ✍ 🏼,normal,"[0, 0, 0, 0, 0, 0, 0, 0, 0, 0, 0, 0, 0, 0]"
1178723913016184833_twitter,a white man callin me brotha is way more offensive than them just callin me a nigger,normal,"[0, 0, 0, 0, 0, 0, 0, 0, 0, 0, 0, 0, 0, 0, 0, 0, 0]"
16385365_gab,great a wife beater and dog stealer tryed to suicide himself <user> and a run like a pussy from <number> soy antifa faggots forney all in agreement of what nehlen should do how about just no,offensive,"[0, 0, 1, 1, 1, 1, 1, 0, 0, 0, 0, 0, 0, 0, 0, 0, 0, 0, 0, 1, 1, 1, 1, 1, 0, 0, 0, 0, 0, 0, 0, 0, 0, 0, 0, 0]"
18530203_gab,there goes your paki cow god,offensive,"[0, 0, 0, 1, 0, 0]"
15033288_gab,leftists truly believe that by feminizing our nation men there will be no more war or violence have they seen the ghettos where women are responsible for raising the criminal class they just do not think do they,offensive,"[0, 0, 0, 0, 0, 1, 1, 1, 1, 0, 0, 0, 0, 0, 0, 0, 0, 0, 0, 0, 0, 1, 0, 0, 0, 0, 0, 0, 0, 0, 0, 0, 0, 0, 0, 0, 0, 0]"
27189166_gab,at least the spic did us a favor by getting dead it costs a lot of money to house one offender just so the ab or whoever can ream him out before shanking him my best wishes to the female cop who absorbed his attack,hatespeech,"[0, 0, 0, 1, 1, 1, 1, 1, 1, 1, 1, 0, 0, 0, 0, 0, 0, 0, 0, 0, 0, 0, 0, 0, 0, 0, 0, 0, 0, 0, 0, 0, 0, 0, 0, 0, 0, 0, 0, 0, 0, 0, 0, 0, 0]"
11135069_gab,the flaw in a skills based immigration system is self evident ne asians are on average pretty smart they can maintain respectably civilized societies by mimicry skills based immigration taken to its logical conclusion means white america had better be happy with <number> billion chinese colonizers,normal,"[0, 0, 0, 0, 0, 0, 0, 0, 0, 0, 0, 0, 0, 0, 0, 0, 0, 0, 0, 0, 0, 0, 0, 0, 0, 0, 0, 0, 0, 0, 0, 0, 0, 0, 0, 0, 0, 0, 0, 0, 0, 0, 0, 0, 0, 0]"
11653669_gab,you spineless retarded bug how daft are you about propaganda ideal is to strive for gtfo with your postmodern bullshit if i can not define it in precise language it not real,offensive,"[1, 1, 1, 1, 0, 0, 0, 0, 0, 0, 0, 0, 0, 0, 0, 1, 0, 0, 0, 1, 0, 0, 0, 0, 0, 0, 0, 0, 0, 0, 0, 0]"
1179017320016076800_twitter,dying at all the hillbilly canton moms on social media like if you yell at my son i will kill you with these redneck bare hands chill out sabrina all you are gonna do is give me the stink eye at the drive through cig place and keep it moving lmao,hatespeech,"[0, 0, 0, 1, 1, 0, 0, 0, 0, 0, 0, 0, 0, 0, 0, 0, 0, 0, 0, 0, 0, 0, 0, 1, 0, 0, 0, 0, 0, 0, 0, 0, 0, 0, 0, 0, 0, 0, 0, 0, 0, 0, 0, 0, 0, 0, 0, 0, 0, 0, 0]"
12663162_gab,sorry i am sweating like a nigger on a rape charge that not a problem would you like me to ask you the question again yes please to the charges regarding racism in the workplace do you plead guilty or not guilty,hatespeech,"[0, 0, 0, 0, 0, 1, 1, 1, 1, 1, 1, 0, 0, 0, 0, 0, 0, 0, 0, 0, 0, 0, 0, 0, 0, 0, 0, 0, 0, 0, 0, 0, 0, 0, 0, 0, 0, 0, 0, 0, 0, 0]"
24521375_gab,multiple instances where you counter signal cantwell for talking to the feds re antifa you civnat queers defend antifa by fighting their enemies and causing derision,offensive,"[0, 0, 0, 0, 0, 0, 0, 0, 0, 0, 0, 0, 0, 0, 0, 1, 1, 0, 0, 0, 0, 0, 0, 0, 0, 0]"
1178509785014124544_twitter,cooper dindu nuffin sick of these fucking refs,normal,"[0, 0, 0, 0, 0, 0, 0, 0]"
1143485406723182592_twitter,<user> mathuras lassi vendors family also does not have someone to look after them he was killed by muslim mob,normal,"[0, 0, 0, 0, 0, 0, 0, 0, 0, 0, 0, 0, 0, 0, 0, 0, 0, 0, 0, 0]"
1186055160096808965_twitter,<user> lmao actually i take that back it depends on how much i like the person 🥴 but even then sucking dick is ghetto,normal,"[0, 0, 0, 0, 0, 0, 0, 0, 0, 0, 0, 0, 0, 0, 0, 0, 0, 0, 0, 0, 0, 0, 0, 0]"
22245955_gab,really saddam kept that shit hole from completely imploding bolton is a goon moron and the rest of the bush administration had no clue what was going on over there on the ground bolton enabled neocons with his retarded cowboy attitude even if you actually believe he wasn t one himself,offensive,"[0, 1, 1, 1, 1, 1, 1, 1, 1, 1, 1, 1, 1, 1, 1, 1, 1, 1, 1, 1, 1, 1, 1, 1, 1, 1, 1, 1, 1, 1, 1, 1, 1, 1, 1, 1, 1, 1, 1, 1, 1, 0, 0, 0, 0, 0, 0, 0, 0, 0, 0]"
1170677251978846209_twitter,hey rascal son of bitch <number> zoelkiflitaher,normal,"[0, 0, 0, 0, 0, 0, 0]"
17200507_gab,you are a kike loving nigger who still uses your mom insults you should just do the world a favor and attach yourself to the end of a rope,hatespeech,"[0, 0, 0, 1, 1, 1, 0, 0, 0, 0, 0, 0, 0, 0, 0, 0, 0, 0, 0, 0, 0, 1, 1, 1, 1, 1, 1, 1, 1]"
16865722_gab,gee you behave like a kike but post normie reaction gifs like a nigger hm possible nig kike,hatespeech,"[0, 1, 1, 1, 1, 1, 1, 1, 1, 1, 1, 1, 1, 1, 1, 1, 1, 1]"
6388643_gab,anyone who tells you that muslim intent is not bad is either naive or has alliance with leftwing muslim monsters radical islam is evil,hatespeech,"[1, 1, 1, 1, 1, 1, 1, 1, 1, 1, 1, 1, 1, 1, 1, 1, 1, 1, 1, 1, 1, 1, 1, 1]"
27457937_gab,chelsea just piss on me handler just another zhid oxygen abuser,hatespeech,"[0, 0, 0, 0, 0, 0, 0, 0, 1, 1, 1]"
1199305812486680578_twitter,everytime muslims are victims and when you see all they will be going against muslims why islamophobiaisholocaustic,hatespeech,"[0, 1, 1, 1, 0, 0, 0, 0, 0, 0, 0, 0, 0, 0, 1, 0, 1]"
1179080720830083074_twitter,all white like messiah feel like i am illuminati,normal,"[0, 0, 0, 0, 0, 0, 0, 0, 0]"
1179070345912950785_twitter,all my bitches gay do that make me a dyke,normal,"[0, 0, 0, 0, 0, 0, 0, 0, 0, 0]"
1167065687824769024_twitter,hi please teach your kids that retard,offensive,"[0, 0, 0, 0, 0, 0, 1]"
12307022_gab,fat inbred room temperature iq nigger bitches should not be able to vote in british elections not only should british shitlords be able to vote i as a british american with <percent> british ancestry <number> miles away should have more of a right to vote in british elections than niggers,hatespeech,"[1, 1, 1, 1, 1, 1, 1, 1, 1, 1, 1, 1, 1, 1, 1, 1, 0, 0, 0, 0, 1, 0, 0, 0, 0, 0, 0, 0, 0, 0, 0, 0, 0, 0, 0, 0, 0, 1, 1, 1, 1, 1, 1, 1, 1, 1, 1, 1, 1, 1]"
1178969630825684992_twitter,<user> this headline i have found myself in a shithole country blackface trudeau we can not vote for or impeach same as at all levels fiefdom of the corrupt who preach virtue yet <percent> of total govt spending on immigrants who pledge allegiance to a foreign dotard oh no 😆 🤮,offensive,"[0, 0, 0, 0, 0, 0, 0, 0, 0, 1, 1, 0, 0, 0, 0, 0, 0, 0, 0, 0, 0, 0, 0, 0, 0, 0, 0, 0, 0, 0, 0, 0, 0, 0, 0, 0, 0, 0, 0, 0, 0, 0, 0, 0, 0, 1, 1, 0, 0, 0, 0]"
25807463_gab,while the blue checkmark brigade has a meltdown about calling illegal immigrants animals and says this actually describes every non white immigrant once again the left is better at racism than the far right let look at israel,offensive,"[1, 1, 1, 1, 1, 1, 1, 1, 1, 1, 1, 1, 1, 1, 1, 1, 1, 1, 1, 1, 1, 1, 1, 1, 1, 1, 1, 1, 1, 1, 1, 1, 1, 1, 1, 1, 1, 1]"
8582766_gab,there is one in missoula montana doing just that but the sand niggers will not appreciate our brutal winters so they will likely migrate south particularly after the last one coldest since the early <number>,hatespeech,"[0, 0, 0, 0, 0, 0, 0, 0, 0, 0, 0, 1, 1, 0, 0, 0, 0, 0, 0, 0, 0, 0, 0, 0, 0, 0, 0, 0, 0, 0, 0, 0, 0, 0, 0]"
12112747_gab,bullshit every fucking liberal i have ever met assumes shit and lies about everything you cannot be a liberal and a fucking true christian at the same time so go fuck yourself nigger faggot liar your just another tool,hatespeech,"[0, 0, 1, 1, 0, 0, 0, 0, 0, 0, 0, 0, 0, 0, 0, 0, 0, 0, 0, 0, 0, 0, 0, 0, 0, 0, 0, 0, 0, 0, 1, 1, 1, 1, 1, 0, 0, 0, 0]"
25725788_gab,mike enoch got his ass handed to him by a kid yid today his debate performances are worse than his work out routine,normal,"[0, 0, 0, 0, 0, 0, 0, 0, 0, 0, 0, 0, 0, 0, 0, 0, 0, 0, 0, 0, 0, 0, 0]"
1179079715799388161_twitter,i cant why do all white kids sound like that omg,normal,"[0, 0, 0, 0, 0, 0, 0, 0, 0, 0, 0]"
27970724_gab,would not it be funny if it was a wetback run place that denied the nigtranny fried chicken in harlem it would be racist fan fiction come true if it was trump could gaslight shitlibs into covering the story to break the coalition of the fringes <user>,hatespeech,"[0, 0, 0, 0, 0, 0, 0, 0, 0, 1, 0, 0, 0, 0, 0, 1, 1, 1, 0, 0, 0, 0, 0, 0, 0, 0, 0, 0, 0, 0, 0, 0, 0, 0, 0, 0, 0, 0, 0, 0, 0, 0, 0, 0, 0, 0, 0]"
9497385_gab,islam will not stop being violent even if the whole world is muslim it will only degrade from jihadist violence to sectarian violence as it has in all muslim countries so far,normal,"[1, 1, 1, 1, 1, 1, 1, 1, 1, 1, 1, 1, 1, 1, 1, 1, 1, 1, 1, 1, 1, 1, 1, 1, 1, 1, 1, 1, 1, 1, 1, 1]"
24941415_gab,oh i abuse women alright i abuse the fook out that pwussy han,offensive,"[1, 1, 1, 1, 1, 1, 1, 1, 1, 1, 1, 1, 1]"
23533025_gab,there were not but <number> kikes that left europe during the war per the european jewish congress in <number> no one is sure if they died or left the <number> gorillion is another kike lie,hatespeech,"[0, 0, 0, 0, 0, 1, 0, 0, 0, 0, 0, 0, 0, 0, 0, 0, 0, 0, 0, 0, 0, 0, 0, 0, 0, 0, 0, 0, 0, 1, 1, 1, 1, 1, 1]"
23896536_gab,oh good just what my state needs more memphricans abortion is a moral abomination when humans do it but niggers are not humans planned parenthood kills nigger babies,hatespeech,"[0, 0, 0, 0, 0, 0, 0, 0, 0, 0, 0, 0, 0, 0, 0, 0, 0, 0, 0, 1, 1, 1, 1, 0, 0, 1, 1, 1]"
4391012_gab,<user> i have said that exactly to him he lives in the cuck shed after work and is only allowed out to prep her nigger pet to get it up for him it the only sexual contact he has with her other than snowballing the bulls ejaculate into her sloppy cunt,hatespeech,"[0, 0, 0, 0, 0, 0, 0, 0, 0, 0, 0, 0, 0, 0, 0, 0, 0, 0, 0, 0, 0, 0, 1, 1, 1, 1, 0, 0, 0, 0, 0, 0, 0, 0, 0, 0, 0, 0, 0, 0, 0, 0, 0, 1, 0, 0, 0, 0, 0, 1, 1]"
20188647_gab,an endless stream of faggots and fakes to amuse and confuse you cut thru it teamwhite v teamjew if they are not white and anti jew they are teamjew it aint that hard,hatespeech,"[0, 0, 0, 0, 1, 0, 0, 0, 0, 0, 0, 0, 0, 0, 0, 0, 0, 0, 0, 0, 0, 0, 0, 0, 1, 1, 0, 0, 1, 0, 0, 0, 0]"
20293120_gab,deport all non whiets revoke citizenship protip jews arent white,hatespeech,"[1, 1, 1, 1, 0, 0, 0, 1, 1, 1]"
1236544887216132096_twitter,<user> we need all muslims removed from power before they destroy us all,hatespeech,"[0, 0, 0, 0, 1, 1, 1, 1, 0, 0, 1, 1, 1]"
1242255033640595466_twitter,who still argue in <number> that ’ ghetto 🙄 😒,normal,"[0, 0, 0, 0, 0, 0, 0, 1, 0, 0]"
1088181315327877120_twitter,fuck you fake ass hoes,offensive,"[1, 1, 1, 1, 1]"
1179063266913316865_twitter,god inventing tonya harding i wanna combine my love of blunt force knee trauma with landscape trailer trash climate change,normal,"[0, 0, 0, 0, 0, 0, 0, 0, 0, 0, 0, 0, 0, 0, 0, 0, 0, 0, 0, 0]"
1178907431306313728_twitter,<user> all you had to do was ask i got you my nigga,normal,"[0, 0, 0, 0, 0, 0, 0, 0, 0, 0, 0, 0, 0]"
1087239631165419520_twitter,<user> it a refugees fault for ↔ sucking up all the oxygen ↔ thus my issues get ignored or minimized ↕ citizens before regugees ↕,hatespeech,"[0, 0, 0, 1, 1, 1, 1, 1, 1, 1, 1, 1, 1, 0, 0, 0, 0, 0, 0, 0, 0, 1, 1, 1, 0]"
26742969_gab,evil moslem warlord sadiq khan needs to locked up in gitmo for encouraging his fellow devout moslems to carry out terrorist attacks in the west,normal,"[0, 0, 0, 0, 0, 0, 0, 0, 0, 0, 0, 0, 0, 0, 0, 0, 0, 0, 0, 0, 0, 0, 0, 0, 0]"
1079526566156070912_twitter,i detest racialism because i regard it as a barbaric thing whether it comes from a black man or a white man nelson mandela,normal,"[0, 0, 0, 0, 0, 0, 0, 0, 0, 0, 0, 0, 0, 0, 0, 0, 0, 0, 0, 0, 0, 0, 0, 0]"
1178329461516886026_twitter,to calm my nerves i flame ah backwood up now im like ching chong 😌 🍃 🌬,hatespeech,"[0, 0, 0, 0, 0, 0, 0, 0, 0, 0, 0, 0, 1, 1, 0, 0, 0]"
11799248_gab,comedy how about you upsize your life by getting a job that ll allow you to get a nicer house chantelle spit that donut out and chew on that one for a while retard,offensive,"[0, 0, 0, 0, 0, 0, 0, 0, 0, 0, 0, 0, 0, 0, 0, 0, 0, 0, 0, 0, 0, 1, 1, 1, 1, 1, 1, 1, 1, 1, 1, 1, 1, 1]"
1178894468423933952_twitter,how you have done everything to open your mouth faggot stephanie is a genious all you have done these years is attack attack and nobody has put a stop to a faggot shit like you,hatespeech,"[0, 0, 0, 0, 0, 0, 0, 0, 0, 1, 0, 0, 0, 0, 0, 0, 0, 0, 0, 0, 0, 0, 0, 0, 0, 0, 0, 0, 0, 0, 0, 1, 1, 0, 0]"
24784044_gab,actually you are just a retarded faggot,hatespeech,"[0, 1, 1, 1, 1, 1, 1]"
11004916_gab,and to pour more gasoline on the fire now they are cracking down hard on internet hate speech which is arbitrary and capricious whenever a sand nigger bitches some poor brit going to jail and these muslim parasites have bitching down to an artform helmets people helmets,hatespeech,"[0, 0, 0, 0, 0, 0, 0, 0, 0, 0, 0, 0, 0, 0, 0, 0, 1, 0, 0, 0, 0, 0, 0, 0, 0, 0, 1, 1, 0, 0, 0, 0, 0, 0, 0, 0, 1, 1, 1, 1, 1, 0, 0, 0, 1, 0, 0]"
1178149488445161473_twitter,been fuck bitches i been on my grind,normal,"[0, 0, 1, 0, 0, 0, 0, 0]"
3997290_gab,over the next week up until trump become potus we will see some of the most ridiculous and idiotic behavior yet from the left as psychotic panic and hate sets in deeper into the brainless minds of the lunatic liberals they will resort to uncontrollable violence and insane deadly behavior,offensive,"[0, 0, 0, 0, 0, 0, 0, 0, 0, 0, 0, 0, 0, 0, 0, 0, 1, 0, 1, 0, 0, 0, 0, 0, 1, 1, 1, 1, 1, 1, 1, 1, 1, 1, 1, 1, 1, 1, 1, 1, 1, 1, 1, 1, 1, 1, 1, 1, 1, 1]"
6891352_gab,cuz she is a dumb whore who wanted the moslem filth in her country in the first place she deserved to die,hatespeech,"[0, 0, 0, 0, 1, 1, 0, 0, 0, 1, 1, 0, 0, 0, 0, 0, 0, 0, 0, 1, 0, 1]"
1179090355960139778_twitter,one million blunts and i am back to the curb young white trash came back for the serve,normal,"[0, 0, 0, 0, 0, 0, 0, 0, 0, 0, 0, 0, 0, 0, 0, 0, 0, 0]"
1267451310741348352_twitter,u need violence to get ur point across fuck these police everytime they kill someone innocent we gotta burn something down,hatespeech,"[1, 1, 1, 1, 1, 1, 1, 1, 1, 1, 1, 1, 1, 1, 1, 1, 1, 1, 1, 1, 1]"
1178891359031218176_twitter,<user> i have worshipped her since i have memory bc it is my job as a queer,normal,"[0, 0, 0, 0, 0, 0, 0, 0, 0, 0, 0, 0, 0, 0, 0, 0, 0]"
26389816_gab,i read about this a while ago this is actually one of those retarded jews who is on a plane flying over some place that he is not allowed to breath the air fucking retard wrapped himself in a bag until past the airspace,hatespeech,"[0, 0, 0, 0, 0, 0, 0, 1, 1, 1, 1, 1, 1, 1, 1, 1, 1, 1, 1, 1, 1, 1, 1, 1, 1, 1, 1, 1, 1, 1, 1, 1, 1, 1, 1, 1, 1, 1, 1, 1, 1, 1, 1, 1]"
1191604777915998208_twitter,i swear i be chilling i don ’ t mess with married women but got damn you hoes so fraud to yo husbands,offensive,"[0, 0, 0, 0, 0, 0, 0, 0, 0, 0, 0, 0, 0, 0, 0, 0, 0, 1, 0, 0, 0, 0, 0]"
10348060_gab,the us should only accept naturalized immigrants from europe british german french italian dutch swedish norwegian polish hungarian etc south africa boers and the minimum required iq for immigration to the us should be set at <number> and no socialists accepted,hatespeech,"[1, 1, 1, 1, 1, 1, 1, 1, 1, 1, 1, 1, 1, 1, 1, 1, 1, 1, 1, 0, 0, 0, 1, 1, 1, 1, 1, 1, 1, 1, 1, 1, 1, 1, 1, 0, 0, 0, 0, 0, 0]"
11090594_gab,sadly that not a joke the jihadi loons actively seek to destroy them and the useful idiot stooges of their opportunistic communist promoters will very likely fall in line there is no idea too absurd for those who have abandoned both reason and humor,normal,"[0, 0, 0, 0, 0, 0, 0, 0, 0, 0, 0, 0, 0, 0, 0, 0, 0, 0, 0, 0, 0, 0, 0, 0, 0, 0, 0, 0, 0, 0, 0, 0, 0, 0, 0, 0, 0, 0, 0, 0, 0, 0, 0, 0]"
1179030757555261440_twitter,<user> <user> <user> <user> <user> <user> that funny i can not for the life of me remember even one circumstance where any democrat sided with putin kim jon un nazis white supremacist or the kk,normal,"[0, 0, 0, 0, 0, 0, 0, 0, 0, 0, 0, 0, 0, 0, 0, 0, 0, 0, 0, 0, 0, 0, 0, 0, 0, 0, 0, 0, 0, 0, 0, 0, 0, 0, 0]"
1179101903235538944_twitter,<user> <user> any strides black women and black queer people have made to fundamentally improve our lives have come from our own actions meanwhile any movement that has made change for straight black men has included the labor of black women and black queer people,normal,"[0, 0, 0, 0, 0, 0, 0, 0, 0, 0, 0, 0, 0, 0, 0, 0, 0, 0, 0, 0, 0, 0, 0, 0, 0, 0, 0, 0, 0, 0, 0, 0, 0, 0, 0, 0, 0, 0, 0, 0, 0, 0, 0, 0, 0]"
7232065_gab,let me get this straight ok if i convert to islam i can abuse women and children without catching any heat right i get a pass right hum,hatespeech,"[0, 0, 0, 0, 0, 0, 1, 1, 1, 1, 1, 1, 1, 1, 1, 1, 1, 1, 1, 1, 1, 1, 1, 1, 1, 1, 1, 1]"
13374499_gab,these sand niggers can be bretty funny,hatespeech,"[0, 1, 1, 1, 0, 0, 0]"
9981407_gab,<user> congrats on making the kike hate list whoohoo be careful out there brother,hatespeech,"[0, 0, 0, 0, 0, 1, 1, 1, 0, 0, 0, 0, 0, 0]"
8154294_gab,people do not let your dislike of illegal immigrants cloud your judgment i resent illegal immigrants that does not mean i hate mexicans i have more resentment for visas issued to foreign it workers in silicon valley than i do for the people picking my lettuce and tomatoes,offensive,"[0, 0, 0, 0, 0, 0, 0, 0, 0, 0, 0, 0, 1, 1, 1, 1, 0, 0, 0, 0, 0, 0, 0, 0, 0, 0, 0, 0, 0, 0, 0, 1, 1, 1, 0, 0, 0, 0, 0, 0, 0, 0, 0, 0, 0, 0, 0, 0]"
12118113_gab,changing the defintion of the word marriage so the queers can be included is outrageous to me how can the whole majority of a country go full cuck like this,normal,"[1, 1, 1, 1, 1, 1, 1, 1, 1, 1, 1, 1, 1, 1, 1, 1, 1, 1, 1, 1, 1, 1, 1, 1, 1, 1, 1, 1, 1, 1]"
21852772_gab,thread brainstorm below list what you see the jews doing as their major false flag attack to try to stop the mass awakening happening now country city type of attack and who the jews will false flag as perpetrating country group,offensive,"[0, 0, 0, 0, 0, 0, 0, 0, 1, 1, 0, 0, 0, 1, 1, 1, 0, 0, 0, 0, 0, 0, 0, 0, 0, 0, 0, 0, 0, 1, 0, 0, 0, 0, 0, 1, 1, 0, 0, 0, 0]"
1179036289313587201_twitter,another one in the news black man sitting on the couch eatting ice cream police woman come his apartment shoot him dead you can live like you white but in there eyes u still a nigger,normal,"[0, 0, 0, 0, 0, 0, 0, 0, 0, 0, 0, 0, 0, 0, 0, 0, 0, 0, 0, 0, 0, 0, 0, 0, 0, 0, 0, 0, 0, 0, 0, 0, 0, 0, 0, 0]"
1236507239155822593_twitter,<user> <user> but you said you like guys that what gays do,offensive,"[0, 0, 0, 0, 0, 0, 0, 0, 0, 1, 1, 1]"
1179063787581607936_twitter,<user> man i thought for sure her white ass was gon walk im glad they got her,normal,"[0, 0, 0, 0, 0, 0, 0, 0, 0, 0, 0, 0, 0, 0, 0, 0, 0]"
1167318533027418114_twitter,<user> lmfao i hate youu you are so annoying,normal,"[0, 0, 0, 0, 0, 0, 0, 0, 0]"
15524045_gab,lol the goatfucker on the top comment tho,hatespeech,"[0, 0, 1, 0, 0, 0, 0, 0]"
1106169456231747585_twitter,taehyung i really like rm the world this bitch think he special 😔,normal,"[0, 0, 0, 0, 0, 0, 0, 0, 0, 0, 0, 0, 0]"
1192953569630130181_twitter,<user> i am jsut defeaned retard,offensive,"[0, 0, 0, 0, 0, 1]"
27106705_gab,i am the reaction to the shitskin invasion,normal,"[0, 0, 0, 0, 0, 0, 0, 0]"
17325666_gab,everytime i scroll past this cia nigger i want to vomit a kafkaesque boil covered faggot footsoldier for the greatest marxist ever,offensive,"[0, 0, 0, 0, 0, 0, 1, 0, 0, 0, 0, 0, 0, 0, 0, 1, 0, 0, 0, 0, 0, 0]"
1178838216184479744_twitter,<user> it starts off with that infamous footage where trump egomaniacally rudely arrogantly pushes away the prime minister of montenegro and trump is proud of that footage apparently we are letting trump down not sending in men with white coats to take care of him,normal,"[0, 0, 0, 0, 0, 0, 0, 0, 0, 0, 0, 0, 0, 0, 0, 0, 0, 0, 0, 0, 0, 0, 0, 0, 0, 0, 0, 0, 0, 0, 0, 0, 0, 0, 0, 0, 0, 0, 0, 0, 0, 0, 0, 0, 0]"
1084968822442848257_twitter,greg susan frank rodrick and manny heffley are all jews,normal,"[0, 0, 0, 0, 0, 0, 0, 0, 0, 0]"
13409644_gab,boom should have sent that text made that phone call sooner i am out of this bitch by the end of november fuck this ghetto ass hoe,hatespeech,"[0, 0, 0, 0, 0, 0, 0, 0, 0, 0, 0, 1, 1, 1, 1, 1, 1, 1, 1, 1, 1, 1, 1, 1, 1, 1, 1]"
1090157360981536769_twitter,phoebe bridgers is a sociopath,normal,"[0, 0, 0, 0, 0]"
6385344_gab,our free speech is starting to go too in little ways trying to make people think it is for good hurt feelings or inciting violence bullsh*t <censored> unfortunately many people do not see it,normal,"[0, 0, 0, 0, 0, 0, 0, 0, 0, 0, 0, 0, 0, 0, 0, 0, 0, 0, 0, 0, 0, 0, 0, 0, 0, 0, 0, 0, 0, 0, 0, 0, 0, 0]"
1178428981592375297_twitter,<user> young boy ain t nigger music it nigga music,normal,"[0, 0, 0, 0, 0, 0, 0, 0, 0, 0]"
1178225289236598784_twitter,i hate when big dyke bitches say i hate coming to these big faggot scenes bitch if yo gay dykey ass dont stfu,offensive,"[0, 0, 0, 1, 1, 1, 0, 0, 0, 0, 0, 0, 1, 1, 0, 1, 0, 1, 1, 1, 1, 0, 0]"
1179062846346452992_twitter,im getting me a white boyfriend i am sick of the negros,normal,"[0, 0, 0, 0, 0, 0, 0, 0, 0, 0, 0, 0]"
13301890_gab,i thought the semitic jews had the same iq as the arabs but its the non semitic ones that are high iq,hatespeech,"[0, 0, 0, 1, 1, 1, 1, 1, 1, 1, 1, 1, 0, 1, 1, 1, 1, 1, 1, 1, 1, 1]"
1179048156224540677_twitter,just imagine how much more progressive and liberal muslim countries will be if majority were shia,normal,"[0, 0, 0, 0, 0, 0, 0, 0, 0, 0, 0, 0, 0, 0, 0, 0]"
2432948_gab,<user> explicit terrorist imagery that means no more exposing what muzzies are doing,hatespeech,"[0, 0, 0, 0, 0, 0, 0, 0, 0, 0, 1, 0, 0]"
16422464_gab,tuckerhighlights <date> t smiley wrongfully dismissed by pbs metoo about to crash barry doj deliberately undermind dea for muh iran deal mueller inquisition improperly seized trump team emails harvard being sued for discriminating against asians us govt spends <number> m p yr hunting ufos,normal,"[0, 0, 0, 0, 0, 0, 0, 0, 0, 0, 0, 0, 0, 0, 0, 0, 0, 0, 0, 0, 0, 0, 0, 0, 0, 0, 0, 0, 0, 0, 0, 0, 0, 0, 0, 0, 0, 0, 0, 0, 0, 0, 0, 0]"
1179092118247280644_twitter,i tried but karma is a bitch,normal,"[0, 0, 0, 0, 0, 0, 0]"
1089569255111176192_twitter,i will not tolerate non arab women slandering arab men only our camel jockey queens can call us zbele,offensive,"[0, 0, 0, 0, 0, 0, 0, 0, 0, 0, 0, 0, 1, 1, 1, 0, 0, 0, 0]"
1179048685654745095_twitter,<user> is concerned about kashmir she is not concerned that <user> threatened terrorism bloodshed and nuclear holocaust on <number> billion indian citizens in front of the whole world at unga,normal,"[0, 0, 0, 0, 0, 0, 0, 0, 0, 0, 0, 0, 0, 0, 0, 0, 0, 0, 0, 0, 0, 0, 0, 0, 0, 0, 0, 0, 0, 0]"
19700689_gab,well gosh as if you think being a white nationalist means treating people badly because of their race for god sake the only thing that a white nationalist is advising is no future race mixing anything beyond that is actual racism which white nationalists oppose,offensive,"[0, 0, 1, 1, 1, 1, 1, 1, 1, 1, 1, 1, 1, 1, 1, 1, 1, 1, 0, 0, 0, 1, 1, 1, 1, 1, 1, 1, 1, 1, 1, 1, 1, 1, 1, 1, 1, 1, 1, 1, 1, 1, 1, 1, 1]"
1179105459518590977_twitter,<user> are you a bif daft several muslim countries have been carved out of india ffs,normal,"[0, 0, 0, 0, 0, 0, 0, 0, 0, 0, 0, 0, 0, 0, 0, 0]"
1179104929941618688_twitter,it not abuse some gamers may be harassing the companies and some may have valid arguments as long as they dont harass abuse is a form of harassment and none of it is acceptable,normal,"[0, 0, 0, 0, 0, 0, 0, 0, 0, 0, 0, 0, 0, 0, 0, 0, 0, 0, 0, 0, 0, 0, 0, 0, 0, 0, 0, 0, 0, 0, 0, 0, 0, 0]"
16138926_gab,this is why i have often stressed the need for whites to grow eat their own produce processed foods take years off our lives enrich corporate multinationals who use their billions to flood our countries with shitskin migrant labor buy elections for globalists who sympathize with them,hatespeech,"[0, 0, 0, 0, 0, 0, 0, 1, 1, 1, 1, 1, 1, 1, 1, 1, 1, 0, 0, 0, 0, 0, 0, 0, 0, 1, 1, 1, 0, 0, 0, 0, 1, 1, 1, 1, 1, 1, 1, 0, 0, 0, 0, 0, 0, 0, 0]"
1179105664993509376_twitter,yall be getting raped molested out there huh 👀 well i suggested weapons self defense u knw 😊,normal,"[0, 0, 0, 0, 0, 0, 0, 0, 0, 0, 0, 0, 0, 0, 0, 0, 0, 0]"
1076163162150457345_twitter,<user> oh yes let spend money housing refugees while not taking care of our veterans cool cool cool,offensive,"[0, 0, 0, 0, 0, 0, 0, 1, 0, 0, 0, 0, 0, 0, 0, 0, 0, 0]"
1252052990690643968_twitter,<user> marxist are more cruel than islamist both killed more people than any war in world,normal,"[0, 0, 0, 0, 0, 0, 0, 0, 0, 0, 0, 0, 0, 0, 0, 0]"
15477151_gab,what a sundy ghetto store a pawn shop,normal,"[0, 0, 1, 1, 1, 0, 0, 0]"
1179009266407165952_twitter,<user> <user> because in <number> the republican party is a clown car full of white nationalists and conspiracy crackpots who are easily exploited by fox news and hordes of supplement selling grifters funded by billionaires who will not rest until they are trillionaires and the rest of us are slaves,normal,"[0, 0, 0, 0, 0, 0, 0, 0, 0, 0, 0, 0, 0, 0, 0, 0, 0, 0, 0, 0, 0, 0, 0, 0, 0, 0, 0, 0, 0, 0, 0, 0, 0, 0, 0, 0, 0, 0, 0, 0, 0, 0, 0, 0, 0, 0, 0, 0, 0, 0]"
1126660652964175878_twitter,all these niggas wearing durags but none of these niggas spinnin 😂 🤣 🤔,normal,"[0, 0, 0, 0, 0, 0, 0, 0, 0, 0, 0, 0, 0, 0]"
1179043779354882049_twitter,early in the morning and there already armenians driving like faggots,offensive,"[0, 0, 0, 0, 0, 0, 0, 1, 0, 0, 1]"
1178571821622284288_twitter,sir i visited passport office raipur c g when i eneterd for photo click the officer told to pick out your cap topi i am muslim belong to dawoodi bohra community and i wear cap all the time please allow photos with our religious cap taher fazly mobile <phone>,normal,"[0, 0, 0, 0, 0, 0, 0, 0, 0, 0, 0, 0, 0, 0, 0, 0, 0, 0, 0, 0, 0, 0, 0, 0, 0, 0, 0, 0, 0, 0, 0, 0, 0, 0, 0, 0, 0, 0, 0, 0, 0, 0, 0, 0, 0, 0, 0, 0, 0]"
12632292_gab,on the positive side we now know what eight years of a communist moozlim alinskyite president will do to america never again,hatespeech,"[0, 0, 0, 0, 0, 0, 0, 0, 0, 0, 0, 0, 0, 1, 1, 0, 0, 0, 0, 0, 0, 0]"
13019243_gab,what an unhinged retard,offensive,"[0, 0, 1, 1]"
1200151913854951424_twitter,framing thanksgiving as solely a day of gratitude and family while completely erasing the pain native americans feel today is violence,normal,"[0, 0, 0, 0, 0, 0, 0, 0, 0, 0, 0, 0, 0, 0, 0, 0, 0, 0, 0, 0, 0]"
3826085_gab,you are arguing that white people willfully stop black people from succeeding do you even read your own posts why bother is built into the black ghetto culture you have to seek self betterment rather than teach grabbing from others dnc tells the black community they must grab <user>,offensive,"[0, 0, 0, 0, 0, 0, 1, 1, 1, 1, 0, 0, 0, 0, 0, 0, 0, 0, 0, 0, 0, 0, 0, 0, 0, 1, 1, 1, 0, 0, 0, 1, 1, 1, 0, 0, 0, 0, 0, 0, 1, 1, 1, 1, 1, 1, 1, 1, 1]"
15333251_gab,yep all the moslem cock sucking labour muds out in force talking about inciting religious hatred racial hatred while the videos of moslems show rampant religious hatred of christians racial hatred of whites hate of gays not one word from labour on that cos they rely on moslem votes traitors,hatespeech,"[0, 0, 0, 1, 1, 1, 0, 0, 0, 0, 0, 0, 0, 0, 0, 0, 0, 0, 0, 0, 1, 1, 1, 1, 1, 1, 1, 1, 1, 0, 0, 0, 0, 0, 0, 1, 0, 0, 0, 0, 0, 0, 0, 0, 0, 0, 0, 1, 0, 0]"
10640581_gab,pfft they do not let the ghetto types on the campus it would be a long walk to get from lee park to the hood,offensive,"[0, 0, 0, 0, 0, 0, 1, 1, 0, 0, 0, 0, 0, 0, 0, 0, 0, 0, 0, 0, 0, 0, 0, 0, 0]"
22680262_gab,giving the asians a bad name,normal,"[0, 0, 0, 0, 0, 0]"
20695676_gab,america the rulers overlords at the federal local levels have made a declaration the lives of american citizens are no longer our concern as of this moment the only lives worth protecting defending are those of illegal aliens muslim terrorists libbyschaaf,hatespeech,"[0, 1, 1, 1, 0, 0, 0, 0, 0, 0, 0, 0, 0, 0, 0, 0, 0, 0, 0, 0, 0, 0, 0, 0, 0, 0, 0, 0, 0, 0, 0, 0, 0, 0, 0, 0, 1, 1, 1, 1, 0]"
1179078851235856385_twitter,socialjustice shs im shocked to see that there was a film back in the day showing a women would rather kill herself than get raped by a black man implying black men are rapist absurd 😠 😠 😠,normal,"[0, 0, 0, 0, 0, 0, 0, 0, 0, 0, 0, 0, 0, 0, 0, 0, 0, 0, 0, 0, 0, 0, 0, 0, 0, 0, 0, 0, 0, 0, 0, 0, 0, 0, 0, 0, 0, 0]"
11717498_gab,paul ryan is a retard because ryan care was his baby that got rejected in practice ryan is mad trumpcare has a foreseeable future ryan wanted to be the one with the alternative to aca obamacare whimp,normal,"[0, 0, 0, 0, 1, 0, 0, 0, 0, 0, 0, 0, 0, 0, 0, 0, 0, 0, 0, 0, 0, 0, 0, 0, 0, 0, 0, 0, 0, 0, 0, 0, 0, 0, 0, 0, 0]"
1089988481542180864_twitter,<user> i will show you the crimes of jews for being kicked out of <number> countries after work,hatespeech,"[0, 0, 0, 0, 0, 0, 1, 0, 1, 0, 0, 1, 1, 0, 0, 0, 0, 0]"
25885882_gab,the gunman hiding i hope they catch him my thoughts go out to the victims also who ever says that me is a cia nigger,hatespeech,"[0, 0, 0, 0, 0, 0, 0, 0, 0, 0, 0, 0, 0, 0, 0, 0, 0, 0, 0, 0, 0, 0, 0, 0, 1]"
1179098555606130689_twitter,f*ck <censored> white gays and f*ck <censored> their smelly loose cyst infested assholes they are the epitome of hypocrisy the pinnacle of being a musty thieves that perpetuate stereotypes on the queer community of color but love to adopt mannerisms when it in their convenience,offensive,"[1, 1, 1, 1, 1, 1, 1, 1, 1, 1, 1, 1, 1, 0, 0, 0, 0, 0, 0, 0, 0, 0, 0, 0, 0, 0, 0, 0, 0, 0, 0, 0, 0, 0, 0, 0, 0, 0, 0, 0, 0, 0, 0, 0, 0]"
21037896_gab,showa time for this fucking kike,hatespeech,"[0, 0, 0, 0, 1, 1]"
17184388_gab,video games are kike influenced degeneracy are you going to suggest porn next rentfree in your head kike even nature is trying to warn you,normal,"[0, 0, 0, 0, 0, 0, 0, 0, 0, 0, 0, 0, 0, 0, 0, 0, 0, 0, 0, 0, 0, 0, 0, 0, 0]"
1170067182069473282_twitter,oh look the refs a nigger again,hatespeech,"[0, 0, 0, 0, 0, 1, 0]"
1178682577516974080_twitter,<user> tourist should visit india to get raped,offensive,"[0, 0, 1, 1, 1, 1, 1, 1]"
1185778101147582464_twitter,jose altuve shoes sizes does not matter,normal,"[0, 0, 0, 0, 0, 0, 0]"
2449943_gab,<user> in every country where muzzies are in minority the want minority rights in every country where muzzie are majority there are no minority rights,hatespeech,"[0, 0, 0, 0, 0, 1, 0, 0, 0, 0, 0, 0, 0, 0, 0, 0, 0, 1, 0, 0, 0, 0, 0, 0, 0]"
8782621_gab,that is retarded check out these <number> from oz if you have not already <user> <user>,offensive,"[0, 0, 1, 0, 0, 0, 0, 0, 0, 0, 0, 0, 0, 0, 0, 0]"
1081317974378729472_twitter,<user> those muzzies sure have a way with words and ak47,offensive,"[0, 0, 1, 0, 0, 0, 0, 0, 0, 0, 0]"
1179099722025504769_twitter,just say you hate queer people already,normal,"[0, 0, 0, 0, 0, 0, 0]"
16752837_gab,luke o brien models himself as the perfect bugman the drivel he puts out is vapid snark supporting the status quo while attacking things he too moronic to understand this is a man who has spent decades climbing the ladder of anti white organizations by religiously scrubbing kike scrotum sad,hatespeech,"[0, 0, 0, 0, 0, 0, 0, 0, 0, 0, 0, 0, 0, 0, 0, 0, 0, 0, 0, 0, 0, 0, 0, 0, 0, 0, 0, 0, 0, 0, 0, 0, 0, 0, 0, 0, 0, 0, 0, 0, 0, 0, 0, 0, 0, 0, 0, 1, 1, 0]"
1172682083170258944_twitter,oomf just said ‘ they might not be nazi ’ they just hate jews ’,hatespeech,"[0, 0, 0, 0, 0, 0, 0, 0, 1, 0, 0, 0, 1, 1, 0]"
11738380_gab,fight white apologists i am white i have not terrorized anyone please do not speak for me and do not fucking ever apologize for me,normal,"[0, 0, 0, 0, 0, 0, 0, 0, 0, 0, 0, 0, 0, 0, 0, 0, 0, 0, 0, 0, 0, 0, 0, 0, 0]"
23383427_gab,that cool keep em coming soy nigger aka ricky best bitch,normal,"[0, 0, 0, 0, 0, 1, 1, 0, 0, 0, 1]"
1178868328858828801_twitter,<user> <user> they are not illegal aliens they are people just like you they are no different so stop with the inflammatory demonising language plenty of white americans commit crimes do not single out the minority of immigrants that do you are definitely indoctrinated into the cult of trump,normal,"[0, 0, 0, 0, 0, 0, 0, 0, 0, 0, 0, 0, 0, 0, 0, 0, 0, 0, 0, 0, 0, 0, 0, 0, 0, 0, 0, 0, 0, 0, 0, 0, 0, 0, 0, 0, 0, 0, 0, 0, 0, 0, 0, 0, 0, 0, 0, 0, 0]"
16841015_gab,i really do not understand why white people can not say nigger i mean we invented it,normal,"[0, 0, 0, 0, 0, 0, 0, 0, 0, 0, 0, 0, 0, 0, 0, 0, 0]"
15859370_gab,i intensely dislike jews i am not going to link up with a filthy white hating nigger who also dislikes them just because he nods to the fuhrer,hatespeech,"[1, 1, 1, 1, 0, 0, 0, 0, 0, 0, 0, 0, 0, 1, 1, 1, 1, 0, 0, 0, 0, 0, 0, 0, 0, 0, 0, 0]"
1178720035604271108_twitter,<user> <user> we did not like them trying to be white like how the jews ran off people do not realize blacks are not anti semitic we are mad at them for abandoning us to go be white with white people when they used to be with us we are always left behind 😿,normal,"[0, 0, 0, 0, 0, 0, 0, 0, 0, 0, 0, 0, 0, 0, 0, 0, 0, 0, 0, 0, 0, 0, 0, 0, 0, 0, 0, 0, 0, 0, 0, 0, 0, 0, 0, 0, 0, 0, 0, 0, 0, 0, 0, 0, 0, 0, 0, 0, 0, 0, 0, 0, 0, 0]"
1178548344483770368_twitter,my cousin is a faggot,offensive,"[0, 0, 0, 0, 1]"
1192979935029268480_twitter,<user> hell 8 kids are fuckin retarded lol,offensive,"[0, 0, 0, 0, 0, 1, 1, 0]"
26167567_gab,our moslem friends also ask the same question why dont we just drop our drawers why dont we just dissolve the republic just blow our brains out do our enemies a favor,normal,"[0, 1, 0, 0, 0, 0, 0, 0, 0, 0, 0, 0, 0, 0, 0, 0, 0, 0, 0, 0, 0, 0, 0, 1, 1, 1, 1, 1, 1, 1, 1, 1]"
1146120134756622336_twitter,<user> <user> the nazis made the prisoners in the death camps sing it every morning,normal,"[0, 0, 0, 0, 0, 0, 0, 0, 0, 0, 0, 0, 0, 0, 0]"
1278979776460578816_twitter,good morning to all the <number> ’ <number> <number> ’ <number> women,normal,"[0, 0, 0, 0, 0, 0, 0, 0, 0, 0, 0, 0]"
1096280816596860928_twitter,who do bitches in horror movies always have huge houses like cmon we know you can ’ t cover those property taxes,offensive,"[0, 0, 1, 0, 0, 0, 0, 0, 0, 0, 0, 0, 0, 0, 0, 0, 0, 0, 0, 0, 0, 0]"
4589525_gab,we need to start making right wing propaganda depicting homosexuals and arabs as villains though not just because they belong to those groups we need to be a smidge more subversive the infotainment medium alone will wont cement the glorious winning,offensive,"[1, 1, 1, 1, 1, 1, 1, 1, 1, 1, 1, 1, 1, 1, 1, 1, 1, 1, 1, 1, 1, 1, 1, 1, 1, 1, 1, 1, 1, 1, 1, 0, 0, 0, 0, 0, 0, 0, 0, 0, 0]"
1178324785211658240_twitter,<user> lee hsien loong chinamen criminals <number> harry potter <number> regular talker <number> kanina sure or not <number> kanina ranger are all involved in arranging pseudo terrorists this region to start racial violence in singapore tamil gangster tamil ravi shankar and chinaman uncle too,normal,"[0, 0, 0, 0, 0, 0, 0, 0, 0, 0, 0, 0, 0, 0, 0, 0, 0, 0, 0, 0, 0, 0, 0, 0, 0, 0, 0, 0, 0, 0, 0, 0, 0, 0, 0, 0, 0, 0, 0, 0, 0, 0, 0, 0]"
1178880084154834944_twitter,<user> <user> <number> hillbilly polled,normal,"[0, 0, 0, 0, 0]"
16151649_gab,shaun king is that lily white faggot who pretends he a nigger and race baits constantly on twitter for blm and the niggers eat it up like hotcakes,hatespeech,"[0, 0, 0, 0, 0, 1, 1, 0, 0, 0, 0, 1, 0, 0, 0, 0, 0, 0, 0, 0, 0, 0, 1, 0, 0, 0, 0, 0]"
18636833_gab,retarded x <number> asshole x <number> justin trudeau retarded asshole,hatespeech,"[1, 1, 1, 1, 1, 0, 1, 1, 1, 1]"
13719473_gab,the nigger loses hands down,offensive,"[1, 1, 1, 0, 0]"
5557811_gab,my boss called me into his office this morning he said why have i had sexual harassment complaints from several members of our female staff i said because you are probably a pervert,normal,"[0, 0, 0, 0, 0, 0, 0, 0, 0, 0, 0, 0, 0, 0, 0, 0, 0, 0, 0, 0, 0, 0, 0, 0, 0, 0, 0, 0, 0, 0, 0, 0, 0]"
18779273_gab,<user> ‍ he did not leave me he just took a holiday with esmerelda the greasy spic maid,hatespeech,"[0, 0, 0, 0, 0, 0, 0, 0, 0, 0, 0, 0, 0, 0, 0, 1, 1, 0]"
1274649145014444032_twitter,<user> somali refugees getting the job of signing up for welfare done right every time,offensive,"[0, 1, 1, 1, 1, 1, 1, 1, 1, 1, 1, 1, 1, 0, 0]"
22491010_gab,it truly is amazing how you reject a girl once and she starts accusing you of being a homosex moslem in bitter spite like this sad,hatespeech,"[0, 0, 0, 0, 0, 0, 0, 0, 0, 0, 0, 0, 0, 0, 0, 0, 0, 0, 1, 1, 0, 0, 0, 0, 0, 0]"
16518540_gab,buncha nigger lovers trying to be hip wat morons,offensive,"[0, 1, 1, 0, 0, 0, 0, 0, 0]"
23697018_gab,the only thing that makes a black ghetto as stinking black men selling drugs and committing crime because it cool and it in the hood these f coons who destroy society should be executed worthless s* screwing <censored> up societies throughout the world f***ing <censored> nigga c**ts <censored>,hatespeech,"[0, 0, 0, 0, 0, 0, 0, 0, 0, 1, 0, 0, 0, 0, 0, 0, 0, 0, 0, 0, 0, 0, 0, 0, 0, 0, 1, 1, 0, 0, 0, 0, 0, 1, 0, 0, 0, 0, 0, 0, 0, 0, 0, 1, 1, 1, 1, 1]"
1089542761248899073_twitter,<user> because he is a misogynist and views women only in terms of being dominated,normal,"[0, 0, 0, 0, 0, 0, 0, 0, 0, 0, 0, 0, 0, 0, 0]"
14362769_gab,with each passing day i am coming more and more to the conclusion that women are some kinda nigger variant,hatespeech,"[0, 0, 0, 0, 0, 0, 0, 0, 0, 0, 0, 0, 0, 0, 1, 1, 1, 1, 1, 1]"
20741822_gab,look where iq has gotten us our countries are flooded with brown inbred retards nah i d rather be a nigger at this point,hatespeech,"[0, 0, 0, 0, 0, 0, 0, 0, 0, 0, 0, 1, 1, 1, 0, 0, 0, 0, 0, 0, 1, 0, 0, 0]"
1163196987635728384_twitter,i accidentally k worded choerry roach,normal,"[0, 0, 0, 0, 0, 0]"
22398621_gab,skinhead dyke cunt,hatespeech,"[1, 1, 1]"
1178701295470940160_twitter,w kamau bell liberal redneck trae crowder professor alan lichtman naca ceo bruce marx professor phil zuckerman and other great guests why are not you subscribed to the naked diner podcast international podcast day atheist,normal,"[0, 0, 0, 0, 1, 0, 0, 0, 0, 0, 0, 0, 0, 0, 0, 0, 0, 0, 0, 0, 0, 0, 0, 0, 0, 0, 0, 0, 0, 0, 0, 0, 0, 0, 0]"
1179068819534426120_twitter,<user> <user> the caucasity of white people dressing up as negros for props did you all not see justin trudeau,normal,"[0, 0, 0, 0, 0, 0, 0, 0, 0, 0, 0, 0, 0, 0, 0, 0, 0, 0, 0, 0]"
1178747576704741376_twitter,<user> <user> she creative alright a big ol fake hate crime victim liar too now how do you think this effected three innocent white christian boys what about their parents what about the school community you think they were traumatized,normal,"[0, 0, 0, 0, 0, 0, 0, 0, 0, 0, 0, 0, 0, 0, 0, 0, 0, 0, 0, 0, 0, 0, 0, 0, 0, 0, 0, 0, 0, 0, 0, 0, 0, 0, 0, 0, 0, 0, 0, 0]"
1172678157289304064_twitter,<user> must admit the term “ muzzies ” nags at me bothers me but this guy nevertheless is in need of serious mental adjustment,offensive,"[0, 0, 0, 0, 0, 0, 1, 0, 0, 0, 0, 0, 0, 0, 0, 0, 0, 0, 0, 0, 0, 0, 0, 0]"
8645853_gab,even if this is true your faggot ass says it as if it were a bad thing,hatespeech,"[0, 0, 0, 0, 0, 0, 1, 1, 0, 0, 0, 0, 0, 0, 0, 0, 0]"
12414572_gab,would some canadian patriot please maroon this faggot on an ice floe before he totally destroys your country,offensive,"[1, 1, 1, 1, 1, 1, 1, 1, 1, 1, 1, 1, 1, 1, 1, 1, 1, 1]"
1122251315365597185_twitter,<user> <user> i fucking hate you,normal,"[0, 0, 0, 0, 0, 0]"
15909105_gab,who is was obola <number> year old in chief <number> dollar muslim pimp a hole musloid a token to make stupid white people feel less guilty a tr <user> gay husband americahaterinchief america hating globalist elitist piece of trash arrogant pompous narcissistic thug attention hound,hatespeech,"[0, 0, 0, 0, 0, 0, 0, 0, 0, 0, 0, 1, 1, 1, 1, 1, 0, 0, 0, 0, 0, 0, 0, 0, 0, 0, 0, 0, 0, 0, 0, 0, 0, 0, 1, 1, 1, 1, 1, 1, 1, 0, 0, 0, 0]"
12731312_gab,it going to get oh so much worse for you faux patriots fake christians pushing jew degeneracy onto our people jealous whore america belongs to us now not you millennial slut bitches go marry a jew if you have not already they love aging gentile whores,hatespeech,"[0, 0, 0, 0, 0, 0, 0, 0, 0, 0, 0, 0, 1, 1, 1, 1, 1, 1, 1, 1, 1, 1, 0, 0, 0, 0, 0, 1, 1, 1, 1, 1, 1, 1, 1, 1, 1, 1, 1, 1, 1, 1, 1, 1, 1, 1]"
1178658151685611521_twitter,<user> another muzzie sticks his camel in american business,hatespeech,"[0, 0, 1, 1, 1, 1, 0, 0, 0]"
1236366818044006400_twitter,<user> sur <number> <number> regrette women cheat with their ❤ ️ 🤷 🏽 ‍ ♀ ️,normal,"[0, 0, 0, 0, 0, 0, 0, 0, 0, 0, 0, 0, 0, 0, 0, 0]"
23996510_gab,all good reasons with all this evidence my wife and i cannot figure out why white girls hook up with the nigger,hatespeech,"[0, 0, 0, 0, 0, 0, 0, 0, 0, 0, 1, 1, 1, 1, 1, 1, 1, 1, 1, 1, 1, 1]"
1178819339631431680_twitter,bitches always worrying about me cough cough <user> dumb hoe,offensive,"[1, 0, 0, 0, 0, 0, 0, 0, 1, 1]"
1177975934370140161_twitter,i will never say fag or faggot ever again from now on it just poof,normal,"[0, 0, 0, 0, 0, 0, 0, 0, 0, 0, 0, 0, 0, 0, 0]"
21799978_gab,i guess she will be blaming that on russia too and white women and comey and well you get the point,normal,"[0, 0, 0, 0, 0, 0, 0, 0, 0, 0, 0, 0, 0, 0, 0, 0, 0, 0, 0, 0, 0]"
1205210697438810113_twitter,<user> gotta expose these hoes,offensive,"[0, 0, 0, 0, 1]"
1123716536756314112_twitter,she know a nigga be stuntin like a power ranger 💫,normal,"[0, 0, 0, 0, 0, 0, 0, 0, 0, 0, 0]"
1184746612746280961_twitter,joaquin phoenix interpretation is majestic i was moved by him ❤️,normal,"[0, 0, 0, 0, 0, 0, 0, 0, 0, 0, 0]"
20317531_gab,i was a child of the ghetto and a ward of the state i do not know how i escaped the clutches of leftism but i am grateful to be a sane trump supporter,normal,"[0, 0, 0, 0, 0, 0, 0, 0, 0, 0, 0, 0, 0, 0, 0, 0, 0, 0, 0, 0, 0, 0, 0, 0, 0, 0, 0, 0, 0, 0, 0, 0, 0, 0]"
9631494_gab,so take yer white privilege n shove it up yer nigger n hairy kike asses untermenschen,hatespeech,"[1, 1, 1, 1, 1, 1, 1, 1, 1, 1, 1, 1, 1, 1, 1, 1]"
1142219250310029317_twitter,i hope immigrants know that they do not have to talk to ice do not open doors for em,normal,"[0, 0, 0, 0, 0, 0, 0, 0, 0, 0, 0, 0, 0, 0, 0, 0, 0, 0, 0]"
1123647477549125632_twitter,<user> <user> naxals are as bad as jihadis,normal,"[0, 0, 0, 0, 0, 0, 0, 0]"
27058756_gab,anti white feminist is attacked by a violent shitskin and promptly blames white men for not saving her she does not blame the shitskin instead says he just needs help and pity oh did i mention she jewish how shocking,offensive,"[1, 1, 1, 0, 0, 0, 0, 0, 1, 0, 0, 0, 0, 0, 0, 0, 0, 0, 0, 0, 0, 0, 0, 1, 0, 0, 0, 0, 0, 0, 0, 0, 0, 1, 1, 1, 1, 1, 1, 1]"
1139155694266068992_twitter,top five demi lovato songs <number> confident <number> really dont care <number> neon lights <number> stone cold <number> skyscraper,normal,"[0, 0, 0, 0, 0, 0, 0, 0, 0, 0, 0, 0, 0, 0, 0, 0, 0, 0, 0]"
17799157_gab,mess kikes coons hajjis shits and feral chinks,hatespeech,"[1, 1, 1, 1, 1, 1, 1, 1]"
1167131165138063360_twitter,tonight klopp is the goat when he releases his line up v burnley he a nazi thats how it works,normal,"[0, 0, 0, 0, 0, 0, 0, 0, 0, 0, 0, 0, 0, 0, 0, 0, 0, 0, 0, 0]"
22817338_gab,to the women at fox news who stabbed roger ailes and bill o in order to get money you are example of why men no longer trust women women who care more about money than their husbands or family or their employers who gave them their jobs and opportunity,offensive,"[0, 0, 0, 0, 0, 0, 0, 1, 0, 0, 0, 0, 0, 0, 0, 0, 0, 0, 0, 0, 0, 0, 0, 0, 0, 0, 1, 1, 1, 1, 1, 1, 1, 1, 1, 1, 1, 0, 0, 0, 0, 0, 0, 0, 0, 0, 0, 0, 0]"
10681662_gab,people complaining about the violence in charlottesville are ironically the same folks banging the war drums about northkorea 🙈 🙈 🙈 gabfam speakfreely,normal,"[0, 0, 0, 0, 0, 0, 0, 0, 0, 0, 0, 0, 0, 0, 0, 0, 0, 0, 0, 0, 0, 0, 0]"
1179093898821586944_twitter,ill be damned if i ever move out the way for a white person ima walk right into you before i go out of my way and im not sorry,normal,"[0, 0, 0, 0, 0, 0, 0, 0, 0, 0, 0, 0, 0, 0, 0, 0, 0, 0, 0, 0, 0, 0, 0, 0, 0, 0, 0, 0, 0, 0]"
16923130_gab,ya can take them out of the ghetto but,offensive,"[0, 0, 0, 0, 0, 0, 0, 1, 0]"
1177998915418742785_twitter,you guys chill u can make xenophobic comments all day as long as you are a member of the demographic you are talkin shit about that why it ok for <user> to make fun of retards and why it ok for me to make fun of faggots <wink> nambla wake up america 911 truth maga,offensive,"[0, 0, 0, 0, 0, 0, 0, 0, 0, 0, 0, 0, 0, 0, 0, 0, 0, 0, 0, 0, 0, 0, 0, 0, 0, 0, 0, 0, 0, 0, 0, 0, 0, 0, 0, 1, 0, 0, 0, 0, 0, 0, 0, 0, 0, 0, 1, 0, 0, 0, 0, 0, 0, 0, 0]"
25734296_gab,i hit that pedo kike fag morris dees with a hotdog at the cincinatti protest some years back he was sneaking out the back basement door to the car garage after giving one of his bs lectures to the lemmings,offensive,"[1, 1, 1, 1, 1, 1, 1, 1, 1, 1, 1, 1, 1, 1, 1, 1, 1, 1, 1, 1, 1, 1, 1, 1, 1, 1, 1, 1, 1, 1, 1, 1, 1, 1, 1, 1, 1, 1, 1, 1]"
1178841196308959232_twitter,things float to be taken bitch if you do not know by now then like what will stay lol <number> <number>,normal,"[0, 0, 0, 0, 0, 1, 0, 0, 0, 0, 0, 0, 0, 0, 0, 0, 0, 0, 0, 0, 0]"
1179029931998756864_twitter,bitch you out of line why you waste my time i am trying to smoke trying to get high see it in my eyes i know she playin both sides that bitch tellin lies,offensive,"[1, 0, 0, 0, 0, 0, 0, 0, 0, 0, 0, 0, 0, 0, 0, 0, 0, 0, 0, 0, 0, 0, 0, 0, 0, 0, 0, 0, 0, 0, 0, 1, 0, 0]"
1231761921021501441_twitter,i do not trust bitches they all thots,offensive,"[0, 0, 0, 0, 1, 1, 1, 1]"
22455498_gab,reminder that for every muslim with four wives there are three losers who have no hope of getting sex unless they rape animals children and white women polygamy creates social instability,hatespeech,"[0, 0, 0, 0, 0, 0, 0, 0, 0, 0, 0, 1, 0, 0, 0, 0, 0, 0, 1, 1, 1, 1, 1, 1, 0, 1, 1, 0, 0, 0, 0]"
22806321_gab,donald trump is a russian agent who is going to undermine our democracy only the government should have guns the left is fucking retarded,normal,"[0, 0, 0, 0, 0, 0, 0, 0, 0, 0, 0, 0, 0, 0, 0, 0, 0, 0, 0, 0, 0, 0, 0, 0]"
21747087_gab,consider the sorry state of ca we have a commie government middle class ppl r leaving and eventually the imported dreamers will try to burn the state down for instance a wetback illegal has just been appointed to a government position,offensive,"[0, 0, 0, 0, 0, 0, 0, 0, 0, 0, 0, 0, 0, 0, 0, 0, 0, 0, 0, 1, 1, 0, 0, 0, 0, 0, 0, 0, 0, 0, 0, 1, 1, 0, 0, 0, 0, 0, 0, 0, 0]"
1107133240207462400_twitter,i think the nazis chose the wrong wedding to crash into,normal,"[0, 0, 0, 0, 0, 0, 0, 0, 0, 0, 0]"
23930277_gab,<number> muslim paki filth <number> van job done,hatespeech,"[0, 1, 1, 1, 0, 0, 0, 0]"
1144341896627703808_twitter,i really wasted a whole year with a dumb hoe,offensive,"[0, 0, 0, 0, 0, 0, 0, 0, 1, 1]"
27365651_gab,i bet the nigger didnt have a green card,hatespeech,"[0, 0, 0, 1, 1, 1, 1, 1, 1]"
17007050_gab,legal to call for the death of all white men illegal to joke about football players legal to kick white women in the head while yelling kill the white slag as long as youre muslim the turkish diversity officer was freed and charges dropped later on judge said it wasnt offensive,offensive,"[0, 0, 0, 0, 0, 0, 0, 0, 0, 0, 0, 0, 0, 0, 0, 0, 1, 1, 1, 1, 1, 1, 1, 1, 1, 1, 1, 1, 1, 1, 1, 1, 1, 1, 1, 0, 0, 0, 0, 0, 0, 0, 0, 0, 0, 0, 0, 0, 0, 0, 0]"
6824264_gab,more arabs have perished fighting among themselves than those in the war with israel and still goes on,offensive,"[1, 1, 1, 1, 1, 1, 1, 1, 1, 1, 1, 1, 1, 1, 1, 1, 1, 1]"
10314072_gab,come on men you know you want to find and post hot women in bikinis too or in this case a transparent bikini with cameltoe,normal,"[0, 0, 0, 0, 0, 0, 0, 0, 0, 0, 0, 1, 1, 1, 1, 1, 0, 0, 0, 0, 0, 1, 1, 1, 1]"
1075855926962388993_twitter,you all think the rapline heard each others verses in tear and were like nah i need to rewrite mine this nigga went a little too hard,offensive,"[0, 0, 0, 0, 0, 0, 0, 0, 0, 0, 0, 0, 0, 0, 0, 0, 0, 0, 0, 0, 0, 1, 0, 0, 0, 0, 0]"
1178787225955442690_twitter,robbers of thy people shall exalt themselves militant jews wanted independence from egypt but their revolt was not successful,normal,"[0, 0, 0, 0, 0, 0, 0, 0, 0, 0, 0, 0, 0, 0, 0, 0, 0, 0, 0]"
5085456_gab,extreme shitlib swpls are the best argument against the simplified wn thesis that everything would be fine if the brown people and jews were gone i wish it was that simple,hatespeech,"[1, 1, 1, 1, 1, 1, 1, 1, 1, 1, 1, 1, 1, 1, 1, 1, 1, 1, 1, 1, 1, 1, 1, 1, 1, 1, 1, 1, 1, 1, 1]"
21506301_gab,low iq mad maxine living up to her dumb nigger name,hatespeech,"[1, 1, 0, 0, 0, 0, 0, 0, 1, 1, 0]"
5647514_gab,even the best of the goyim slur for non jews hebrew word for cattle should all be killed the jew talmud if you rail against the raghead koran but remain silent about the kikes holy filth you are just a jewtool,hatespeech,"[1, 1, 1, 1, 1, 1, 1, 1, 1, 1, 1, 1, 1, 1, 1, 1, 1, 1, 1, 1, 1, 1, 1, 1, 1, 1, 1, 1, 1, 1, 1, 1, 1, 1, 1, 1, 1, 1, 1, 1, 1]"
1179091185098350592_twitter,<user> <user> it hard for some to wrap their minds around how abusive women can be,normal,"[0, 0, 0, 0, 0, 0, 0, 0, 0, 0, 0, 0, 0, 0, 0, 0]"
24768135_gab,tired of rape and welfare this nigger decided to get a job since his kind never invented the wheel look what came out,hatespeech,"[0, 0, 0, 0, 0, 0, 1, 0, 0, 0, 0, 0, 1, 1, 1, 1, 1, 1, 1, 1, 1, 1, 1]"
1178556707720613888_twitter,<user> no he was some porch monkey who got shot by a mexican,normal,"[0, 0, 0, 0, 0, 0, 0, 0, 0, 0, 0, 0, 0]"
1178700179257614337_twitter,still the same nigga i am evolving doe,normal,"[0, 0, 0, 0, 0, 0, 0, 0]"
21214738_gab,i probably ended up another kike list somewhere lolz yeah no doubt plus jews like to keep tabs on us nazis idk why it not as though we are coming for them to put them in the ovens yet,hatespeech,"[0, 0, 0, 0, 0, 1, 0, 0, 0, 0, 0, 0, 0, 0, 0, 0, 0, 0, 0, 0, 0, 0, 0, 0, 0, 0, 0, 1, 1, 1, 1, 1, 1, 1, 1, 1, 1, 1, 1]"
1146139541805228032_twitter,<user> yes they put fear in black people jews and even white civil rights workers and they deny the holocaust ever happened,normal,"[0, 0, 0, 0, 0, 0, 0, 0, 0, 0, 0, 0, 0, 0, 0, 0, 0, 0, 0, 0, 0, 0]"
26269323_gab,i smile when i see lgbtq jews same with mudshark jews breed em out of existence the only good jew is a queer jew japs ❤️ bbc,hatespeech,"[0, 0, 0, 0, 0, 0, 0, 0, 0, 1, 1, 1, 1, 1, 1, 1, 1, 1, 1, 1, 1, 1, 1, 1, 0, 0, 0]"
2644271_gab,fakenews that would be the mainstream media cnn msm msnbc cbs nbc etc so please stop blaming us the voter and the alternative media for your stupidity and you going full retard,normal,"[0, 0, 0, 0, 0, 0, 0, 0, 0, 0, 0, 0, 0, 1, 1, 1, 1, 1, 1, 1, 1, 1, 1, 1, 1, 1, 1, 1, 1, 1, 1, 1]"
14843903_gab,cernovich is a rapist no joke he raped a chick,normal,"[1, 1, 1, 1, 1, 1, 1, 1, 1, 1]"
26113331_gab,current tally of islam doing its thing first week of ramadamadingo,normal,"[0, 0, 0, 0, 0, 0, 0, 0, 0, 0, 0]"
20611837_gab,exactly so just more moslem appeasement sating the beast in the uk,normal,"[0, 0, 0, 0, 0, 0, 0, 0, 0, 0, 0, 0]"
1178582515457708032_twitter,lh wtf i am weak this girl retarded lmfao,offensive,"[0, 0, 0, 0, 0, 0, 0, 1, 0]"
1125944647509917699_twitter,thanks for coming to my ted talk p.s. calling me ching chong with not make me laugh,offensive,"[0, 0, 0, 0, 0, 0, 0, 0, 0, 0, 1, 1, 0, 0, 0, 0, 0]"
12902581_gab,at some point society began to use endearing terms for sodomites words like gay and queer were appropriated by your culture no i call sodomites non cutesy names like faggot and dykes bc their behavior is destructive to not only them but society at large btw booze ages women horribly,offensive,"[0, 0, 0, 0, 0, 1, 1, 1, 1, 1, 1, 1, 1, 1, 1, 1, 1, 1, 0, 0, 0, 0, 1, 1, 1, 1, 1, 1, 1, 1, 1, 1, 1, 1, 1, 1, 1, 1, 1, 1, 1, 1, 1, 1, 1, 0, 0, 0, 0, 0]"
4992787_gab,hooters has also offered to hire <number> refugees instead of veterans or unemployed americans uh huh because nothing says hooters like a black beekeeper burka sack serving you buffalo wings and beer,offensive,"[1, 1, 1, 1, 1, 1, 1, 1, 1, 1, 1, 1, 1, 1, 1, 1, 1, 1, 1, 1, 1, 1, 1, 1, 1, 1, 0, 0, 0, 0, 0, 0]"
1178013753536724992_twitter,shes more than a dyke $wldbsjxhskxbwnz,normal,"[0, 0, 0, 0, 1, 1]"
1179095064762617858_twitter,bill the redneck sold a cow and then fell asleep before waking up to rumble of a diesel engine,normal,"[0, 0, 1, 0, 0, 0, 0, 0, 0, 0, 0, 0, 0, 0, 0, 0, 0, 0, 0]"
1179083549439193089_twitter,rosie o ching chong wing wong i hate chinks donnell,hatespeech,"[0, 1, 1, 1, 1, 1, 1, 1, 1, 0]"
14788561_gab,hi guys i got banned off twitter cos they did not like what i had to say about london muslim loving raghead mayor,offensive,"[0, 0, 0, 0, 0, 0, 0, 0, 0, 0, 0, 0, 0, 0, 0, 0, 0, 0, 0, 1, 1, 1, 1]"
27586727_gab,if you are looking to make a lot of money and set your family up for life then appeal yourself to the illegal immigrant vote,normal,"[0, 0, 0, 0, 0, 0, 0, 0, 0, 0, 0, 0, 0, 0, 0, 0, 0, 0, 0, 0, 0, 0, 0, 0, 0]"
18425911_gab,syrians are arabs why didnt they run to saudi kuwait qatar eh syrians do not speak german either syrians have run to the money vile gimmegrants,offensive,"[1, 1, 1, 1, 1, 1, 1, 1, 0, 0, 0, 0, 0, 0, 0, 0, 0, 0, 0, 0, 0, 0, 0, 0, 1, 1]"
1178643316847431681_twitter,kashmir lockdown should stay for <number> years just like kashmir pundits stayed refugee for <number> years that would be a perfect poetic justice,normal,"[0, 0, 0, 0, 0, 0, 0, 0, 0, 0, 0, 0, 0, 0, 0, 0, 0, 0, 0, 0, 0, 0, 0]"
23788368_gab,you have no clue what you are doing other than sucking a kike dick try fuck off i am sick of listening to your kike apologies,hatespeech,"[0, 0, 0, 0, 0, 0, 0, 0, 1, 1, 1, 1, 1, 1, 1, 1, 1, 1, 1, 1, 1, 1, 1, 1, 1, 1]"
9849295_gab,i am totally sure she dindunuffin grandpa i mean in this day and age it literally tyrannical to ask that your woman show a little bit of public decency not fuck random niggers behind your back and care if her child is actually yours all the signs were there though,hatespeech,"[0, 0, 0, 0, 0, 1, 0, 0, 0, 0, 0, 0, 0, 0, 0, 0, 0, 0, 0, 0, 0, 0, 0, 0, 0, 0, 0, 0, 0, 0, 0, 0, 1, 0, 0, 0, 0, 0, 0, 0, 0, 0, 0, 0, 0, 0, 0, 0, 0, 0]"
1146101369436119040_twitter,<user> oh and fuck you too <user>,offensive,"[0, 0, 0, 1, 1, 1, 1]"
16060784_gab,bet there would not be so many interracial relationships if all the baby come out white,offensive,"[0, 0, 0, 0, 0, 1, 1, 1, 1, 1, 1, 1, 1, 1, 1, 1]"
1177952599225569280_twitter,since campaigning began two months ago more than <number> civilians have been killed and at least <number> injured in election related violence there is a reason the taliban want to control democracy,normal,"[0, 0, 0, 0, 0, 0, 0, 0, 0, 0, 0, 0, 0, 0, 0, 0, 0, 0, 0, 0, 0, 0, 0, 0, 0, 0, 0, 0, 0, 0, 0, 0]"
11522021_gab,new french president spokesman is an ethnomasochist and a nigger lover,offensive,"[0, 0, 0, 0, 0, 0, 1, 0, 0, 1, 1]"
22369823_gab,disgusting nigger vermin,hatespeech,"[1, 1, 1]"
1178545699199344640_twitter,yo ted mosby was pulling hoes,normal,"[0, 0, 0, 0, 0, 0]"
1175220262012379137_twitter,<user> bitch ain ’ t no sike mfs sick,offensive,"[0, 1, 0, 0, 0, 0, 0, 0, 0]"
1179100967981244418_twitter,the weirdest moment in house of <number> corpses is when the old rob zombie ass redneck grandpa name drops jimmy olsen aka the superman character no one cares about,offensive,"[0, 0, 0, 0, 0, 0, 0, 0, 0, 0, 0, 0, 0, 0, 1, 1, 1, 0, 0, 0, 0, 0, 0, 0, 0, 0, 0, 0, 0]"
1178841814255767553_twitter,<user> i will drive my white ass down to dallas from new york and stand right there with you justice botham jean amber guyger murder trial life in prison,normal,"[0, 0, 0, 0, 0, 0, 0, 0, 0, 0, 0, 0, 0, 0, 0, 0, 0, 0, 0, 0, 0, 0, 0, 0, 0, 0, 0, 0, 0]"
1179062513071218691_twitter,silver medicine in my pants skrt this nigger ass clap,hatespeech,"[0, 0, 0, 0, 0, 0, 0, 1, 0, 0]"
8444792_gab,as for america we need the travel ban careful scrutiny of anyone coming here from europe and an end to the visa waiver program thank god we have president trump hillary vowed to bring in one million muslim refugees in her first four years never vote democrat ever,normal,"[0, 0, 0, 0, 0, 0, 0, 0, 0, 0, 0, 0, 0, 0, 0, 0, 0, 0, 0, 0, 0, 0, 0, 0, 0, 0, 0, 0, 0, 0, 0, 0, 0, 0, 0, 0, 0, 0, 0, 0, 0, 0, 0, 0, 0, 0, 0, 0]"
25239608_gab,suck up the diversity and multiculturalism allow the migrants to rape your women and bleed your migrant welfare system you are fucking paying for the invasion,normal,"[0, 0, 0, 0, 0, 0, 0, 0, 0, 0, 0, 0, 0, 0, 0, 0, 0, 0, 0, 0, 0, 0, 0, 0, 0, 0]"
1178688693365874695_twitter,<user> based chinaman,normal,"[0, 0, 0]"
1178818068497207298_twitter,<user> the weird thing is theyre persians who arent white washed and my manager identifies as muslim or whatever when convenient plus the one who made an islamaphobic remarks lives in dubai can you imagine the audacity a whole ass muslim country,normal,"[0, 0, 0, 0, 0, 0, 0, 0, 0, 0, 0, 0, 0, 0, 0, 0, 0, 0, 0, 0, 0, 0, 0, 0, 0, 0, 0, 0, 0, 0, 0, 0, 0, 0, 0, 0, 0, 0, 0, 0, 0, 0]"
1091165331924631554_twitter,the gays are undoutably ruining the nation,hatespeech,"[1, 1, 1, 1, 1, 1, 1]"
10678202_gab,yup voluntarily associating with such folks is the most retarded marketing strategy i have ever seen,offensive,"[0, 0, 0, 0, 0, 0, 0, 0, 0, 1, 0, 0, 0, 0, 0, 0]"
1179105719930490881_twitter,<user> <user> imagine going to a country as a refugee then telling them they are wrong and protesting their history government and politics how pathetic of him,normal,"[0, 0, 0, 0, 0, 0, 0, 0, 0, 0, 0, 0, 0, 0, 0, 0, 0, 0, 0, 0, 0, 0, 0, 0, 0, 0, 0]"
1122687866914705408_twitter,idgaf about that we too old to have each other passwords bullshit bitch give me that code now,offensive,"[0, 0, 0, 0, 0, 0, 0, 0, 0, 0, 0, 1, 1, 0, 0, 0, 0, 0]"
8057104_gab,true dat if you take your daughter to see this little spic whore and her troop of gyrating stage baboons you already put her on the road to death and depravity ahmed just sped things up,hatespeech,"[0, 0, 1, 1, 1, 1, 1, 1, 1, 1, 1, 1, 1, 1, 1, 1, 1, 1, 1, 1, 1, 1, 1, 1, 1, 1, 1, 1, 1, 1, 1, 1, 0, 0, 0, 0]"
7703756_gab,remember ladies walking outside by yourself means you are asking to be molested and raped by guys share this meme with all your liberal feminist minded associates this is a so called educated professor that teaches muslims to think and act like this muslim islam maga gabfam <user>,hatespeech,"[1, 1, 1, 1, 1, 1, 1, 1, 1, 1, 1, 1, 1, 1, 1, 1, 1, 1, 1, 1, 1, 1, 1, 1, 1, 1, 1, 1, 1, 1, 1, 1, 1, 1, 1, 1, 1, 1, 1, 1, 1, 1, 1, 0, 0, 0, 0, 0]"
1179079609696096263_twitter,don t become the nigga das like i am not giving a bitch shit bc das how you block your blessings,normal,"[0, 0, 0, 0, 0, 0, 0, 0, 0, 0, 0, 0, 0, 0, 0, 0, 0, 0, 0, 0, 0]"
1082732859897667584_twitter,i can not believe women are defending r kelly,normal,"[0, 0, 0, 0, 0, 0, 0, 0, 0]"
27638324_gab,no sharia no cair no common core no muslin brotherhood no sanctuary cities or states our country our customs our way do not like it leave sharia law will never be accepted in america fran cifelli,normal,"[0, 0, 0, 0, 0, 0, 0, 0, 0, 0, 0, 0, 0, 0, 0, 0, 0, 0, 0, 0, 0, 0, 0, 0, 0, 0, 0, 0, 0, 0, 0, 0, 0, 0, 0, 0]"
11198659_gab,💩 straight men doing it in the butt 💩 doing it in the gay hole makes you at least a little bit more than <number> gay does not it c mon be honest,normal,"[0, 0, 0, 0, 0, 0, 0, 0, 0, 0, 0, 0, 0, 0, 0, 0, 0, 0, 0, 0, 0, 0, 0, 0, 0, 0, 0, 0, 0, 0, 0, 0, 0]"
22223010_gab,need a fat white bitch ay can i getcho numba come pay my rent ho,offensive,"[1, 1, 1, 1, 1, 1, 1, 1, 1, 1, 1, 1, 1, 1, 1]"
1106251643656372224_twitter,plz let nebula pulverize that giant sadistic grape,normal,"[0, 0, 0, 0, 0, 0, 0, 0]"
1143294172083785728_twitter,i have developed a huge crush on females with shaved heads beautiful bald bitches,normal,"[0, 0, 0, 0, 0, 0, 0, 0, 0, 0, 0, 0, 0, 0]"
23408683_gab,invisible white guy fed up of getting only <number> of my pay check to pay for left wing fantasies,normal,"[0, 0, 0, 0, 0, 0, 0, 0, 0, 0, 0, 0, 0, 0, 0, 0, 0, 0, 0]"
22874658_gab,theresa may has recorded a video wishing jews a happy passover she did the same for moslems at ramadam it seems someone forgot to tell the old bag to do the same for easter or she thinks so little of christians she could not be bothered,normal,"[0, 0, 0, 0, 0, 0, 0, 0, 0, 0, 0, 0, 0, 0, 0, 0, 0, 0, 0, 0, 0, 0, 0, 0, 0, 0, 0, 0, 0, 0, 0, 0, 0, 0, 0, 0, 0, 0, 0, 0, 0, 0, 0, 0, 0, 0]"
1237862838208581636_twitter,<user> one of my takeaways from islam <number>,normal,"[0, 0, 0, 0, 0, 0, 0, 0]"
24281913_gab,kate brown is a kike whore oregon was a nice state now its cess pit this bitch should pushed down the stairs when everyone is looking,hatespeech,"[0, 0, 0, 0, 1, 1, 0, 0, 0, 0, 0, 0, 0, 0, 0, 0, 0, 0, 0, 0, 0, 0, 0, 0, 0, 0]"
22954097_gab,unlike uk police other eu nations police force have gone to war with islam to repel the invaders uk police place the safety and well being of the conquerors before the future of the uk and its native peoples,normal,"[0, 0, 0, 0, 0, 0, 0, 0, 0, 0, 0, 0, 0, 0, 0, 0, 0, 0, 0, 0, 0, 0, 0, 0, 0, 0, 0, 0, 0, 0, 0, 0, 0, 0, 0, 0, 0, 0, 0]"
13910153_gab,math algebra reason the work ethic the nuclear family all halloween costumes and all white people in general are racist so yes count me in metoo,normal,"[0, 0, 0, 0, 0, 0, 0, 0, 0, 0, 0, 0, 0, 0, 0, 0, 0, 0, 0, 0, 0, 0, 0, 0, 0, 0]"
8176903_gab,the really annoying thing about the radaman murder fest is because the towelheads are such retarded inbred sandniggers whose calendar does not match the actual lunar cycle we get to be afraid to leave our homes for a different month each year,hatespeech,"[0, 0, 0, 0, 0, 0, 1, 1, 1, 1, 0, 1, 1, 1, 1, 1, 1, 1, 0, 0, 0, 0, 0, 0, 0, 0, 0, 0, 0, 0, 0, 0, 0, 0, 0, 0, 0, 0, 0, 0, 0, 0]"
27441881_gab,woman like you usally come from the worst type of human formed females screeches the nigger who has spent the last few hours issuing death threats,hatespeech,"[0, 0, 0, 0, 0, 0, 0, 0, 0, 0, 0, 0, 0, 1, 1, 1, 1, 1, 1, 1, 1, 1, 1, 1, 1, 1]"
10394634_gab,yeah because the suck is making too much money from his raghead pals,hatespeech,"[0, 0, 0, 0, 0, 0, 0, 0, 0, 0, 0, 1, 0]"
21606378_gab,from the zman take a ghetto tour through a place like baltimore and you see a world that should never exist in a western country less than a long lifetime ago it did not exist it was not allowed to exist by the people in charge,hatespeech,"[0, 0, 0, 0, 0, 1, 0, 0, 0, 0, 0, 0, 0, 0, 0, 0, 0, 0, 0, 0, 0, 0, 0, 0, 0, 0, 0, 0, 0, 0, 0, 0, 0, 0, 0, 0, 0, 0, 0, 0, 0, 0, 0, 0, 0, 0]"
1178412537496383488_twitter,dont buy a mouse on media markt fucking niggers giving me fake logitech mouse turns off the middle of the ranked,hatespeech,"[0, 0, 0, 0, 0, 0, 0, 1, 1, 0, 0, 0, 0, 0, 0, 0, 0, 0, 0, 0, 0]"
1178764561941434370_twitter,<user> <user> <user> <user> she got bullied away because of she is a white female rapper and had rough year after,normal,"[0, 0, 0, 0, 0, 0, 0, 0, 0, 0, 0, 0, 0, 0, 0, 0, 0, 0, 0, 0, 0]"
1218004108977696768_twitter,<user> so many women do sad,normal,"[0, 0, 0, 0, 0, 0]"
1178923952183357442_twitter,<user> yeah well fuck you too,normal,"[0, 0, 0, 0, 0, 0]"
1179031842416201729_twitter,<user> i have been up super early so shut up nigger,hatespeech,"[0, 0, 0, 0, 0, 0, 0, 0, 0, 0, 1]"
1185758702483234817_twitter,aural werewolves of hapiness a traditional black metal band,normal,"[0, 0, 0, 0, 0, 0, 0, 0, 0]"
15774353_gab,if the solution is to give jerusalem international status just pump it full of immigrants like the jew bastards have done to all our cities if it everyone then no one will fight over it,hatespeech,"[0, 0, 0, 0, 0, 0, 0, 0, 0, 0, 0, 0, 0, 0, 0, 0, 0, 1, 1, 0, 0, 0, 0, 0, 0, 0, 0, 0, 0, 0, 0, 0, 0, 0, 0]"
1103690106701996033_twitter,<user> pocahontas jumps in bed with moslem terrorists interesting combo,offensive,"[0, 1, 1, 1, 1, 1, 1, 1, 0, 0]"
26182332_gab,nah if you do that then we need to put all the statues in museums fuck this selective persecution horse shit if some scuzzy kike commie faggot emo antifa tries to damage our statues then it should be a <number> felony and they do <number> years or more,hatespeech,"[0, 0, 0, 0, 0, 0, 0, 0, 0, 0, 0, 0, 0, 0, 0, 0, 0, 0, 0, 0, 0, 0, 0, 1, 1, 1, 1, 0, 1, 0, 0, 0, 0, 0, 0, 0, 0, 0, 0, 0, 0, 0, 0, 0, 0, 0, 0, 0]"
12815248_gab,they need to be relentlessly shamed and literally every single one of them lives in a predominantly white area even the cosmopolitans in vibrant major cities virtually every single one of them pays exorbitant rent to avoid the ghetto they are frauds they know it,normal,"[0, 0, 0, 0, 0, 0, 0, 0, 0, 0, 0, 0, 0, 0, 0, 0, 0, 0, 0, 0, 0, 0, 0, 0, 0, 0, 0, 0, 0, 0, 0, 0, 0, 0, 0, 0, 0, 0, 0, 0, 0, 0, 0, 0, 0]"
26238854_gab,excuses excuses i guess you need to mute faggot,offensive,"[0, 0, 0, 0, 0, 0, 0, 0, 1]"
15805591_gab,oh that ll probably go over their heads except for the paranoid oc types who read into stuff more like the lib dykes,hatespeech,"[0, 0, 0, 0, 0, 0, 0, 0, 0, 0, 0, 0, 0, 0, 0, 0, 0, 0, 0, 0, 0, 1, 1]"
1178852803130859520_twitter,<user> <user> finally a woman that is class and not a white trashy one like those sisters we are sick of seeing,offensive,"[0, 0, 0, 0, 0, 0, 0, 0, 0, 0, 0, 1, 1, 0, 0, 0, 0, 0, 0, 0, 0, 0]"
1178833638215110656_twitter,<user> <user> is using his white male privilege racist patriarchy to attack an innocent young black african american male for shame,normal,"[0, 0, 0, 0, 0, 0, 0, 0, 0, 0, 0, 0, 0, 0, 0, 0, 0, 0, 0, 0, 0]"
21254500_gab,well gabfam it thursday thank the gods of course it cold wet grey gloomy and shitty but meh that oh for you have a great day remember make the world a better place shoot a kike in the face,normal,"[0, 0, 0, 0, 0, 0, 0, 0, 0, 0, 0, 0, 0, 0, 0, 0, 0, 0, 0, 0, 0, 0, 0, 0, 0, 0, 0, 0, 0, 0, 0, 0, 0, 1, 1, 1, 1, 1, 1]"
25614896_gab,yeah tell the arabs that israel can name any city it wants to name as it capital,normal,"[0, 0, 0, 0, 0, 0, 0, 0, 0, 0, 0, 0, 0, 0, 0, 0, 0]"
11142985_gab,i have always considered that nigger one of the many anti christ saying name of jesus to do the work of the devil,hatespeech,"[0, 0, 0, 0, 0, 1, 0, 0, 0, 0, 0, 0, 0, 0, 0, 0, 0, 0, 0, 0, 0, 0, 0]"
1231270633817985026_twitter,<user> where ’ the argentina stats you retarded cunt,offensive,"[0, 0, 0, 0, 0, 0, 0, 1, 1]"
21150244_gab,lot longer than just the <number> years of the skinny nigger faggot traitor try going back to mccarthy who was right,hatespeech,"[0, 0, 0, 0, 0, 0, 0, 0, 0, 0, 1, 1, 1, 0, 0, 0, 0, 0, 0, 0, 0]"
24050044_gab,there are too many mosques therefore they have no need to pray in the streets it is a form of intimidation that moslem shite use on a regular basis to create havoc and totally piss off the indigenous people stop islam stop koran ban street prayer keep fighting michael,hatespeech,"[1, 1, 1, 1, 1, 1, 1, 1, 1, 1, 1, 1, 1, 1, 1, 1, 1, 1, 1, 1, 1, 1, 1, 1, 1, 1, 1, 1, 1, 1, 1, 1, 1, 1, 1, 1, 1, 1, 1, 1, 1, 1, 1, 1, 1, 1, 0, 0, 0]"
20397206_gab,and the kike reveals himself lol,hatespeech,"[0, 0, 1, 0, 0, 0]"
10843902_gab,you democrats should be expected to denounce leftist violence illegal immigrant violence and islamic violence until that happens give us all a break from your outrageously fake moral purity,normal,"[0, 0, 0, 0, 0, 0, 0, 0, 0, 0, 0, 0, 0, 0, 0, 0, 0, 0, 0, 0, 0, 0, 0, 0, 0, 0, 0, 0, 0]"
9354339_gab,fuck no jews never work for anybody they consider blacks to be the lowest form of human but you are and have always been the perfect ignorant pawn in their game blacks already hit their ath of qol only down hill from here good luck,offensive,"[1, 1, 1, 1, 1, 1, 1, 1, 1, 1, 1, 1, 1, 1, 1, 1, 1, 1, 1, 1, 1, 1, 1, 1, 1, 1, 1, 1, 1, 1, 1, 1, 1, 1, 1, 1, 1, 1, 1, 1, 1, 1, 1, 1, 1]"
1099328957089021954_twitter,i know i say this a lot but i really hate you niggas bro like,hatespeech,"[0, 0, 0, 0, 0, 0, 0, 0, 0, 0, 1, 1, 1, 0, 0]"
1178784199689539587_twitter,dykes on the tl having nat icons yes we are,normal,"[0, 0, 0, 0, 0, 0, 0, 0, 0, 0]"
14559172_gab,the glorious minds of pol created that meme do you want me to tell you what they think of their meme being spread on a t shirt for shekels by a faggot jew who fucks niggers,offensive,"[0, 0, 0, 0, 0, 0, 0, 0, 0, 0, 0, 0, 0, 0, 0, 0, 0, 0, 0, 0, 0, 0, 0, 0, 0, 0, 0, 0, 1, 1, 1, 1, 1, 1, 1, 1]"
19838726_gab,anytime bro rekt the kike christ cuck fuckers shits about to get real,hatespeech,"[0, 0, 0, 0, 1, 1, 1, 1, 1, 0, 0, 0, 0]"
1179071539137990662_twitter,<user> never hillary as a woman <user> represents nothing i would ever stand behind she has been a rapist enabler a feminazi and all around evil human being not only no but hell no trump 2020,normal,"[0, 0, 0, 0, 0, 0, 0, 0, 0, 0, 0, 0, 0, 0, 0, 0, 0, 0, 0, 0, 0, 0, 0, 0, 0, 0, 0, 0, 0, 0, 0, 0, 0, 0, 0, 0]"
1145230342527291392_twitter,<user> <user> it is the fact that he defending an homophobic white supremacist whose a friend says it all,normal,"[0, 0, 0, 0, 0, 0, 0, 0, 0, 0, 0, 0, 0, 0, 0, 0, 0, 0, 0]"
14357240_gab,our great grandparents had a society free of jews and other riff raff we deserve the same,hatespeech,"[1, 1, 1, 1, 1, 1, 1, 1, 1, 1, 1, 1, 1, 1, 1, 1, 1]"
10929190_gab,i was thinking they were so retarded they actually mistook her for thomas jefferson,offensive,"[0, 0, 0, 0, 0, 1, 1, 0, 0, 0, 0, 0, 0, 0]"
22312249_gab,who cares what is popular what are you <number> kikes want you and your children dead this is well known but i bet you are still watching nigger ball and hollywood garbage,hatespeech,"[0, 0, 0, 0, 0, 0, 0, 0, 0, 1, 0, 0, 0, 0, 0, 0, 0, 0, 0, 0, 0, 0, 0, 0, 0, 0, 0, 1, 0, 0, 0, 0]"
20887656_gab,yeah you are filthy little bone smoking kike,hatespeech,"[0, 0, 0, 1, 0, 1, 1, 1]"
3008822_gab,<user> not all arabs if you are too stupid to realize that islam and its adherents are what you are describing i can not help ya,normal,"[0, 0, 0, 0, 0, 0, 0, 0, 0, 0, 0, 0, 0, 0, 0, 0, 0, 0, 0, 0, 0, 0, 0, 0, 0, 0]"
21357074_gab,i heard this filthy kike on the lars larsen show yesterday he one of bibi right hand guys apparently,hatespeech,"[0, 0, 0, 1, 1, 0, 0, 0, 0, 0, 0, 0, 0, 0, 0, 0, 0, 0, 0]"
1179065369094344705_twitter,<user> <user> this police spokesman white object is a fucking lier many medias captured the live situation police is killing hk people illegally kill whoever they want but still saying this is legal they are doing the right thing evil 😈 hk police force hk police is terrorist standwith hk,normal,"[0, 0, 0, 0, 0, 0, 0, 0, 0, 0, 0, 0, 0, 0, 0, 0, 0, 0, 0, 0, 0, 0, 0, 0, 0, 0, 0, 0, 0, 0, 0, 0, 0, 0, 0, 0, 0, 0, 0, 0, 0, 0, 0, 0, 0, 0, 0, 0, 0, 0]"
1082917514126848002_twitter,the seven armies swore that oath to the one who wields the king jewel the arkenstone,normal,"[0, 0, 0, 0, 0, 0, 0, 0, 0, 0, 0, 0, 0, 0, 0, 0]"
24894439_gab,yea i bet a white nationalist is a real big traitor or maybe i do not like a kike puppet who doing nothing on immigration you retard,hatespeech,"[0, 0, 0, 0, 0, 0, 0, 0, 0, 0, 0, 0, 0, 0, 0, 0, 0, 0, 1, 1, 0, 0, 0, 0, 0, 0, 1]"
1087516899817209856_twitter,<user> <user> they sound like they are islamic,normal,"[0, 0, 0, 0, 0, 0, 0, 0]"
17564560_gab,<number> dogs are gods greatest creation probably why mudslimes hate them,hatespeech,"[0, 0, 0, 1, 1, 1, 0, 0, 1, 1, 1]"
10585306_gab,europe raise the white flag you are fucked,normal,"[0, 0, 0, 0, 0, 0, 0, 0]"
1178746286364925952_twitter,i made her fuck her best friends like they was dykes,offensive,"[0, 0, 0, 0, 0, 0, 0, 0, 0, 0, 1]"
1144020357101363203_twitter,you can not go anywhere to avoid cars anymore niggas literally every fuckin where,normal,"[0, 0, 0, 0, 0, 0, 0, 0, 0, 0, 0, 0, 0, 0]"
1179039423524151296_twitter,can my blacks lead a stupid nigger,offensive,"[0, 0, 0, 0, 0, 1, 1]"
18402820_gab,you are still an insufferable snow nigger and indian americans earn more than you trailer trash red necks get fucked 😁,offensive,"[0, 0, 0, 0, 1, 1, 1, 0, 0, 0, 0, 0, 0, 0, 1, 1, 1, 1, 1, 1, 0]"
20897534_gab,yes the backdoor part of this war will be dhimmi socialists who will always infiltrate and attack the the patriots and side with islam while their own daughters are being raped and sold by muslims,hatespeech,"[1, 1, 1, 1, 1, 1, 1, 1, 1, 1, 1, 1, 1, 1, 1, 1, 1, 1, 1, 1, 1, 1, 1, 1, 1, 1, 1, 1, 1, 1, 1, 1, 1, 1, 1]"
5280045_gab,yeah that little bicycle straddling queer has a lot of room to call bibi out punk takes it up his ass from michael his trannie wife bibi is a fucking man not some queer muslim cunt,offensive,"[0, 1, 1, 1, 1, 1, 1, 1, 1, 1, 1, 1, 1, 1, 1, 1, 1, 1, 1, 1, 1, 1, 1, 1, 1, 1, 1, 1, 1, 1, 1, 1, 1, 1, 1, 1]"
22148551_gab,op is a white power jew,normal,"[0, 0, 0, 0, 0, 0]"
1178837672426704896_twitter,i knew that samuel morse was very anti catholic and feared a catholic immigrant invasion found out he also suspected the papacy would move to the u.s. possibly st louis he had the knowledge grasp of a dan brown make sense since he wrote the morse code,normal,"[0, 0, 0, 0, 0, 0, 0, 0, 0, 0, 0, 0, 0, 0, 0, 0, 0, 0, 0, 0, 0, 0, 0, 0, 0, 0, 0, 0, 0, 0, 0, 0, 0, 0, 0, 0, 0, 0, 0, 0, 0, 0, 0, 0, 0, 0, 0]"
1212594168834351105_twitter,this sleeping alone shit is ghetto,offensive,"[0, 0, 0, 1, 0, 1]"
1177136962504929281_twitter,you retards do not even know what a t4 form is,offensive,"[0, 1, 0, 0, 0, 0, 0, 0, 0, 0, 0]"
5644152_gab,it getting kinda obvious that the jews are behind the fake hate crimes they should have done like <number> or <number> it would have ben more believable,normal,"[0, 0, 0, 0, 0, 0, 0, 0, 0, 0, 0, 0, 0, 0, 0, 0, 0, 0, 0, 0, 0, 0, 0, 0, 0, 0, 0]"
1195370734450642945_twitter,<user> <user> or else what retard,offensive,"[0, 0, 0, 0, 0, 1]"
1179098530754940928_twitter,<user> exactly it really feels like even if i was queer enough by their standards i d be disqualified because of my sexuality like seriously ugh do not get me started,normal,"[0, 0, 0, 0, 0, 0, 0, 0, 0, 0, 0, 0, 0, 0, 0, 0, 0, 0, 0, 0, 0, 0, 0, 0, 0, 0, 0, 0, 0, 0, 0]"
22171811_gab,he dindu nuffin <user> ‍ might have been right in that you guys are the niggers of white nationalism,hatespeech,"[0, 0, 0, 0, 0, 0, 0, 0, 0, 0, 0, 0, 0, 0, 0, 1, 0, 0, 0]"
1178667690984128512_twitter,<user> cries in ching chong,hatespeech,"[0, 0, 0, 1, 1]"
8175382_gab,the english language is the strongest sword ever created now as africans and arabs adapt to it adaptive radiation invasive species it is being used against us coercive definition is being used to mentally disarm us and make us ignore our basic survival instincts do not fall for it,offensive,"[0, 0, 0, 0, 0, 0, 0, 0, 0, 0, 1, 1, 1, 1, 1, 1, 1, 1, 1, 1, 1, 0, 0, 0, 0, 0, 0, 0, 0, 0, 0, 0, 0, 0, 0, 0, 0, 0, 0, 0, 0, 0, 0, 0, 0, 0, 0, 0, 0]"
23329859_gab,you looked like an old road whore hag back then i can only imagine how well you have aged on your cocaine and coon cum diet get some troll game cunt,hatespeech,"[0, 0, 0, 0, 1, 1, 1, 1, 0, 0, 0, 0, 0, 0, 0, 0, 0, 0, 0, 0, 0, 1, 1, 1, 1, 1, 0, 0, 0, 0, 1]"
1237875748246917120_twitter,<user> <user> i ain ’ t from br and i know this bitch word for word 😂,normal,"[0, 0, 0, 0, 0, 0, 0, 0, 0, 0, 0, 0, 0, 0, 0, 0, 0]"
1179030288065859585_twitter,so that is why mom brother who works in google a pakistani born married a local american women divorced her got married to a rich paki doctor wow ye concept hy phir they shifted to us great,normal,"[0, 0, 0, 0, 0, 0, 0, 0, 0, 0, 0, 0, 0, 0, 0, 0, 0, 0, 0, 0, 0, 0, 0, 0, 0, 0, 0, 0, 0, 0, 0, 0, 0, 0, 0, 0, 0]"
9692007_gab,well uh not just bc of zombama and cunton they arabs and blax love slavery jews too as far as i can tell,offensive,"[1, 1, 1, 1, 1, 1, 1, 1, 1, 1, 1, 1, 1, 1, 1, 1, 1, 1, 1, 1, 1, 1, 1]"
7119465_gab,breastmilk has a lot more going for it than protein and fat and coenzymes breastmilk contains mother immunoglobulins until baby can acquire them naturally in the homo agenda women are not allowed to get credit for anything nice,offensive,"[0, 0, 0, 0, 0, 0, 0, 0, 0, 0, 0, 0, 0, 0, 0, 0, 0, 0, 0, 0, 0, 0, 0, 0, 1, 1, 1, 1, 1, 1, 1, 1, 1, 1, 1, 0, 1, 1]"
1142522499831226368_twitter,got into my first car accident 🙄 a bitch was shook,offensive,"[0, 0, 0, 0, 0, 0, 0, 0, 1, 0, 0]"
1096491_gab,<user> she gives women a bad name 😡,normal,"[0, 0, 0, 0, 0, 0, 0, 0]"
18941504_gab,whitegenocide rfid jewish controlled media is not news its a bureau of communist indoctrination or hatenews to make people help the jews create the communist nwo where no white person will be spared and the current generation of black people will become slaves again,hatespeech,"[0, 0, 1, 1, 1, 1, 1, 1, 0, 0, 0, 0, 0, 0, 0, 0, 0, 0, 1, 1, 1, 1, 1, 1, 1, 1, 0, 0, 0, 0, 0, 0, 0, 0, 0, 0, 0, 0, 1, 1, 1, 1, 1, 1]"
1178991036397285381_twitter,<user> <user> <user> <user> <user> yes if they were male chicks vegans would be more up in arms boys were also raped by murderous males prior to slaughtering because they are glorified enabled by their male yes men for $$,normal,"[0, 0, 0, 0, 0, 0, 0, 0, 0, 0, 0, 0, 0, 0, 0, 0, 0, 0, 0, 0, 0, 0, 0, 0, 0, 0, 0, 0, 0, 0, 0, 0, 0, 0, 0, 0, 0, 0, 0, 0]"
1104896761817112577_twitter,<user> oh moronullah you can accommodate all the muslims on top of the rubble of ur house we want all our temples back period,offensive,"[0, 0, 1, 0, 0, 0, 0, 0, 1, 1, 1, 1, 1, 1, 1, 1, 1, 0, 0, 0, 0, 0, 0, 0]"
25268922_gab,its probably bcz you are dumb thats all you do not have to be muslim to see beast of the field <number> are fucking up all white countries trying to sink us and hoping to make world brown all start with yid plague,hatespeech,"[0, 0, 0, 0, 0, 0, 0, 0, 0, 0, 0, 0, 0, 0, 1, 0, 0, 1, 1, 1, 1, 1, 0, 0, 0, 0, 0, 0, 0, 0, 0, 0, 0, 0, 0, 0, 1, 1, 1, 0, 0, 1, 1]"
11416564_gab,yes lets forget about the fact the indians had slaves killed innocent men women and children and please lets be historically correct and remember they were immigrants here by way of crossing the bering straight sorry bleeding hearts they were not native to america they just got here first,offensive,"[0, 0, 0, 0, 0, 0, 0, 1, 1, 1, 1, 1, 1, 1, 1, 1, 0, 0, 0, 0, 0, 0, 0, 0, 0, 0, 1, 0, 0, 0, 0, 0, 0, 0, 0, 0, 0, 0, 1, 1, 1, 1, 1, 1, 1, 1, 1, 1, 1]"
1188930917529804802_twitter,<user> that the point retard,offensive,"[0, 0, 0, 0, 1]"
1178763977175818242_twitter,the lil girl who got her dread cut in school lies about the whole thing i know them white ppl having a field day in the comment section smh,normal,"[0, 0, 0, 0, 0, 0, 0, 0, 0, 0, 0, 0, 0, 0, 0, 0, 0, 0, 0, 0, 0, 0, 0, 0, 0, 0, 0, 0, 0]"
1178693749767098369_twitter,<user> <user> <user> where your source i still have not seen any proof of the high levels of trans women who get raped in male prisons,normal,"[0, 0, 0, 0, 0, 0, 0, 0, 0, 0, 0, 0, 0, 0, 0, 0, 0, 0, 0, 0, 0, 0, 0, 0, 0, 0]"
22877517_gab,islam see to be only doing aweful things no wonder we do not want to do with that even a few good peeps are among them i doubt the ideoligy of the islam is good for peeps more bad for humans,offensive,"[1, 0, 0, 0, 0, 0, 1, 0, 0, 0, 0, 0, 0, 0, 0, 0, 0, 0, 0, 0, 0, 0, 0, 0, 0, 0, 0, 0, 0, 0, 0, 0, 1, 0, 0, 0, 0, 0, 0, 0, 0]"
19447868_gab,<number> meters jigaboo,offensive,"[0, 0, 1]"
1097165978176237568_twitter,press release we want to commend jussie smollett on creating <number> jobs for <number> wonderful immigrants,normal,"[0, 0, 0, 0, 0, 0, 0, 0, 0, 0, 0, 0, 0, 0, 0, 0]"
22756878_gab,would someone still allowed on twatter please convey my thanks to <user> for his robust defence of the bleeding obvious to the doubting <user> that islam hates jews and many of it adherents are deeply influenced by that institutionalised antisemitism labour is the party of islam,offensive,"[0, 0, 0, 0, 0, 0, 0, 0, 0, 0, 0, 0, 0, 0, 0, 0, 0, 0, 0, 0, 0, 0, 0, 0, 1, 1, 1, 1, 1, 1, 1, 1, 1, 1, 1, 1, 1, 1, 1, 1, 1, 1, 1, 1, 1, 1]"
1178793053613637632_twitter,beavis the redneck bought a trailer home and then forgot what happend before waking up to an earthquake,offensive,"[1, 1, 1, 0, 0, 0, 0, 0, 0, 0, 0, 0, 0, 0, 0, 0, 0, 0]"
21560693_gab,three movies i flat out will never watch inglourious basterds hidden figures black panther three movies i unfortunately did watch and recommend you do not the hateful eight last jedi the shape of water remember fellow crackers just say no to kike propaganda,offensive,"[0, 0, 0, 0, 0, 0, 0, 0, 0, 0, 0, 0, 0, 0, 0, 0, 0, 0, 0, 0, 0, 0, 0, 0, 0, 0, 0, 0, 0, 0, 0, 0, 0, 0, 0, 0, 1, 0, 0, 0, 0, 1, 1]"
1179061254083813378_twitter,remeber when you could say retard faggot and nigger as a joke and no one would get upset good times,hatespeech,"[0, 0, 0, 0, 0, 1, 1, 1, 1, 0, 0, 0, 0, 0, 0, 0, 0, 0, 0, 0]"
25598833_gab,i am much higher time preference on this issue i do not want to pave a road i want to remove the jews from power to stop this deconstructionist anti white morass of misery they have forced on our communities,hatespeech,"[0, 0, 0, 0, 0, 0, 0, 0, 0, 0, 0, 0, 0, 0, 0, 0, 0, 1, 1, 1, 1, 1, 1, 1, 1, 1, 1, 1, 1, 1, 1, 1, 1, 1, 1, 1, 1, 1, 1, 1]"
1178573010212548608_twitter,<user> <user> nambia and other shithole countries stand ready with shipments of extra covfefe,hatespeech,"[0, 0, 1, 1, 1, 1, 1, 0, 0, 0, 0, 0, 0, 0]"
1178857426730258433_twitter,andydalton getting smashed no homo because the o line is terrible,normal,"[0, 0, 0, 0, 0, 0, 0, 0, 0, 0, 0]"
15078775_gab,wow never had such a busy evening until now bluehand family joining gab in droves here all free speech is welcomed if snowflake soy boy leftie sjws are not content with mute or stop follow then they can fuck off to dhimmi moslem cock sucking twatter,offensive,"[0, 0, 0, 0, 0, 0, 0, 0, 0, 0, 0, 0, 0, 0, 0, 0, 0, 0, 0, 0, 0, 0, 0, 0, 0, 0, 0, 0, 0, 0, 0, 0, 0, 0, 0, 0, 0, 0, 0, 0, 0, 1, 1, 1, 1, 0]"
1104499523462799360_twitter,take your skanky hoe ass and flush it down the drain biatch,offensive,"[0, 0, 1, 1, 1, 0, 0, 0, 0, 0, 0, 1]"
1196053412900560902_twitter,top of it bitch happy sunday i hope you all make it to church i will not but i hope you all do,normal,"[0, 0, 0, 0, 0, 0, 0, 0, 0, 0, 0, 0, 0, 0, 0, 0, 0, 0, 0, 0, 0, 0, 0]"
1179039577777983488_twitter,in recent years we have frequently seen poor people suffer immensely in avoidable tragedies from the grenfell tower block fire in london to the burning of makeshift refugee camps across europe,normal,"[0, 0, 0, 0, 0, 0, 0, 0, 0, 0, 0, 0, 0, 0, 0, 0, 0, 0, 0, 0, 0, 0, 0, 0, 0, 0, 0, 0, 0, 0, 0]"
24949183_gab,last time i checked under sharia law queers are executed i always figured that was the main reasons jews hate and fear shariah law shariah law is only for muslims though how is it you are unaware of that,normal,"[0, 0, 0, 0, 0, 0, 0, 0, 0, 0, 0, 0, 0, 0, 0, 0, 0, 0, 0, 0, 0, 0, 0, 0, 0, 0, 0, 0, 0, 0, 0, 0, 0, 0, 0, 0, 0, 0, 0]"
18453830_gab,well i am not but you still sound like a muslime only muslimes rant like total maniacs when it comes to tha jews,hatespeech,"[0, 0, 0, 0, 0, 0, 0, 0, 0, 0, 1, 1, 1, 1, 1, 0, 0, 0, 0, 0, 0, 0, 1]"
1179104137671254017_twitter,<user> <user> damn you would have thought there would have been at least one white person in these mug shots lol,normal,"[0, 0, 0, 0, 0, 0, 0, 0, 0, 0, 0, 0, 0, 0, 0, 0, 0, 0, 0, 0, 0]"
1120044327143653377_twitter,<user> thanks folks i was moking the feminazi from the original tweet i don ’ t need any assistance from you so have a nice day ☺ ️,offensive,"[0, 0, 0, 0, 0, 1, 1, 1, 0, 0, 0, 0, 0, 0, 0, 0, 0, 0, 0, 0, 0, 0, 0, 0, 0, 0, 0, 0]"
21205846_gab,although it sounds like too much voter id should be looked into with a different reasoning the illegal immigrants have no right to vote for that matter they also have no rights that citizens have some way of stopping them from voting till they are deported or nationalized,normal,"[0, 0, 0, 0, 0, 0, 0, 0, 0, 0, 0, 0, 0, 0, 0, 0, 0, 0, 0, 0, 0, 0, 0, 0, 0, 0, 0, 0, 0, 0, 0, 0, 0, 0, 0, 0, 0, 0, 0, 0, 0, 0, 0, 0, 0, 0, 0, 0]"
12173579_gab,i am really sick of these retarded liberal scumbag cucks that want to destroy america,hatespeech,"[1, 1, 1, 1, 1, 1, 1, 1, 1, 1, 1, 1, 1, 1, 1]"
1178810964390502402_twitter,so apparently poeople dont like it when you say you want to kill yourself itd true though,normal,"[0, 0, 0, 0, 0, 0, 0, 0, 0, 0, 0, 0, 0, 0, 0, 0, 0]"
1178534648365776896_twitter,<number> refugees in a facility that supposed to host <number> are you kidding me seems like the greeks are not serious enough in their endeavours to help sustain and manage the refugees <user>,normal,"[0, 0, 0, 0, 0, 0, 0, 0, 0, 0, 0, 0, 0, 0, 0, 0, 0, 0, 0, 0, 0, 0, 0, 0, 0, 0, 0, 0, 0, 0, 0, 0, 0]"
5118097_gab,one american gets hurt by a muzzie from these countries these judges should be hung alongside them,offensive,"[0, 0, 0, 0, 0, 0, 1, 0, 0, 0, 0, 0, 0, 0, 0, 0, 0]"
1082783411977150464_twitter,mfs really be cheatin on u w bitches who look up to u amp dat copy errything u do post,normal,"[0, 0, 0, 0, 0, 0, 0, 0, 0, 0, 0, 0, 0, 0, 0, 0, 0, 0, 0, 0]"
19134083_gab,you put the nigglet in a bag full of money and wait the father to stole the bag,hatespeech,"[1, 1, 1, 1, 1, 1, 1, 1, 1, 1, 1, 1, 1, 1, 1, 1, 1, 1]"
3274333_gab,<user> <number> chan was both then they went far left and the right went to 8 chan both sites are riddled with evidence of people being doxxed for the most retarded shit both sides do it to the other,offensive,"[0, 0, 0, 0, 0, 0, 0, 0, 0, 0, 0, 0, 0, 0, 0, 0, 0, 0, 0, 0, 0, 0, 0, 0, 0, 0, 0, 0, 0, 0, 1, 1, 0, 0, 0, 0, 0, 0, 0]"
1238911938488340483_twitter,<user> embrace islam and escape the ocean of darkness youre living in,normal,"[0, 0, 0, 0, 0, 0, 0, 0, 0, 0, 0, 0]"
16046300_gab,i predict more sexual harassment allegations both false and true it will become increasing difficult to discern validity but will show weaponization only when men start accusing women will it finally apex and yes deep in my past i have been sexually assaulted by a non related female metoo,offensive,"[0, 0, 0, 0, 0, 0, 0, 0, 0, 0, 0, 0, 0, 0, 0, 0, 0, 0, 0, 0, 0, 0, 1, 1, 1, 1, 1, 1, 1, 1, 1, 1, 0, 0, 0, 0, 0, 0, 0, 0, 0, 0, 0, 0, 0, 0, 0, 0, 0]"
1178992145933459456_twitter,<user> <user> i guess it depends on the crime in my opinion white collar no violence crimes maybe violent felons of course not,normal,"[0, 0, 0, 0, 0, 0, 0, 0, 0, 0, 0, 0, 0, 0, 0, 0, 0, 0, 0, 0, 0, 0, 0]"
25606249_gab,there is a total onslaught against white nations worldwide and israel is a old age retirement village for barbaric khazar kikes it has become a refugees state for pedophiles do not believe me truth fears no investigation,hatespeech,"[1, 1, 1, 1, 1, 1, 1, 1, 1, 1, 1, 1, 1, 1, 1, 1, 1, 1, 1, 1, 1, 1, 1, 1, 1, 1, 1, 1, 1, 1, 1, 1, 1, 1, 1, 1, 1]"
1179105073907015682_twitter,<user> heck yeah rooting for you my partner goes to a queer yoga class sundays at <number> pm if you want details i can find them for ya,offensive,"[0, 0, 0, 0, 0, 0, 0, 0, 0, 0, 0, 1, 0, 0, 0, 0, 0, 0, 0, 0, 0, 0, 0, 0, 0, 0, 0, 0]"
14943687_gab,net neutrality was always a kike power move cernovich can eat a dick,hatespeech,"[0, 0, 0, 0, 0, 1, 0, 0, 0, 0, 1, 1, 1]"
8038951_gab,just remember that the bitch commie girlies and their low iq muds are going to slink beneath the shield of the cuckservatives and alt lite when their independent operation folds like a congolese coup then we will have our civil war with someone who can fight,offensive,"[1, 1, 1, 1, 1, 1, 1, 1, 1, 1, 1, 1, 1, 1, 1, 1, 1, 1, 1, 1, 1, 1, 1, 1, 1, 1, 1, 1, 1, 1, 1, 1, 1, 1, 1, 1, 1, 1, 1, 1, 1, 1, 1, 1, 1, 1]"
26226915_gab,judge naomi reice buchwald no government official — including the president — is above the law and all government officials are presumed to follow the law as has been declared the judge said did not that same kike rule that sambo was above the law,hatespeech,"[0, 0, 0, 0, 0, 0, 0, 0, 0, 0, 0, 0, 0, 0, 0, 0, 0, 0, 0, 0, 0, 0, 0, 0, 0, 0, 0, 0, 0, 0, 0, 0, 0, 0, 0, 0, 0, 1, 0, 0, 1, 0, 0, 0, 0]"
15421677_gab,<number> israel the only country to have its borders defined for a specific nation jewish ppl2 jews pray <number> x times for the re establishment of our h land <number> pali syriana name given by romans to israel other areas <number> jewish sites only evidence of arabs is toilet on har habayit,normal,"[0, 0, 0, 0, 0, 0, 0, 0, 0, 0, 0, 0, 0, 0, 0, 0, 0, 0, 0, 0, 0, 0, 0, 0, 0, 0, 0, 0, 0, 0, 0, 0, 0, 0, 0, 0, 0, 0, 0, 0, 0, 0, 0, 1, 1, 1, 1, 1, 1, 1, 1, 1]"
21271054_gab,import 3 rd world in bred retarded violent pychopaths who want to convert the world to islam because the west did not already have enough of its own problems,offensive,"[0, 1, 1, 1, 1, 1, 1, 1, 1, 0, 0, 0, 1, 1, 1, 1, 1, 0, 0, 0, 0, 0, 0, 0, 0, 0, 0, 0, 0]"
14520036_gab,do you honestly think it even remotely possible to vaccinate everyone what about homeless people and illegal immigrants that are not on the books,normal,"[0, 0, 0, 0, 0, 0, 0, 0, 0, 0, 0, 0, 0, 0, 0, 0, 0, 0, 0, 0, 0, 0, 0, 0]"
25517408_gab,i will ask but i doubt she will go for your ghetto trash ass when she could get a black dick that attached to someone with money instead of a crack habit,offensive,"[0, 0, 0, 0, 0, 0, 0, 0, 0, 0, 0, 1, 1, 1, 0, 0, 0, 0, 0, 1, 1, 0, 0, 0, 0, 0, 0, 0, 0, 0, 1, 1]"
24304053_gab,what funny is that white women marry white men at higher rates than any other race or ethnic group marry their own,normal,"[0, 0, 0, 0, 0, 0, 0, 0, 0, 0, 0, 0, 0, 0, 0, 0, 0, 0, 0, 0, 0, 0]"
26994313_gab,that what my old man did he was one of those assholes that liked to fight lol knowing how to fight may not save you from a gun or nigger pack attack but it let us you go thru school without worrying about being sum1 bitch,offensive,"[0, 0, 0, 0, 0, 0, 0, 0, 0, 0, 0, 1, 1, 1, 1, 1, 0, 0, 0, 0, 0, 0, 0, 0, 0, 0, 0, 0, 0, 1, 1, 1, 0, 0, 0, 0, 0, 0, 0, 0, 0, 0, 0, 0, 1, 1]"
14288949_gab,another dumb nigger bitch,hatespeech,"[0, 0, 1, 1]"
1125850263087190018_twitter,<user> they are retarded,offensive,"[0, 0, 0, 1]"
16878430_gab,your third reich ended with your retarded fuhrer incinerated like a trash bag his merry gang of homosexual friends hanged <number> million of footpad scum made good and russian soldiers generously donating their slav cum to your women the fourth reich is going same way so bring it on bitch,offensive,"[1, 1, 1, 0, 0, 0, 1, 1, 1, 1, 1, 1, 1, 0, 1, 1, 1, 1, 1, 1, 1, 1, 1, 1, 1, 1, 1, 1, 1, 1, 1, 1, 1, 1, 1, 1, 1, 1, 1, 1, 1, 1, 1, 1, 1, 1, 1, 1, 1, 1]"
1190366183167528960_twitter,so i tweet and don ’ t get any interactions but when i retweet stuff like <number> people are liking within the minute i hate you people 😤,normal,"[0, 0, 0, 0, 0, 0, 0, 0, 0, 0, 0, 0, 0, 0, 0, 0, 0, 0, 0, 0, 0, 0, 0, 0, 0, 0, 0, 0]"
13909965_gab,oh shit this nigga is back man i just got done btfo ing a stormfag i do not have the patience to deal with another sandnigger lover come back when i actually want to shit all over you,hatespeech,"[0, 0, 0, 1, 0, 0, 0, 0, 0, 0, 0, 0, 0, 0, 1, 0, 0, 0, 0, 0, 0, 0, 0, 0, 0, 1, 1, 0, 0, 0, 0, 0, 0, 0, 0, 0, 0, 0]"
1178353812307922946_twitter,subtly homophobic news story this child is gay twitter influencer who still shits himself thoughts 😳 🤔 mike pence himself i like gays and even have a faggot friend but this is too much,offensive,"[0, 0, 0, 0, 0, 1, 1, 1, 1, 1, 1, 1, 1, 1, 0, 0, 0, 0, 0, 0, 0, 0, 0, 0, 0, 0, 0, 1, 0, 0, 0, 0, 0, 0]"
21814284_gab,that happened when you allow a rat yid in your country,hatespeech,"[0, 0, 0, 0, 0, 0, 1, 1, 0, 0, 0]"
1177851684493680640_twitter,nominations for talking shuts shithouse of the week fat frank and the derby piss pot <number> and messrs morris white and bent for saying fuck all,normal,"[0, 0, 0, 0, 0, 0, 0, 0, 0, 0, 0, 0, 0, 0, 0, 0, 0, 0, 0, 0, 0, 0, 0, 0, 0, 0]"
14265749_gab,donald tump is gay with his son eric tump,offensive,"[1, 1, 1, 1, 1, 1, 1, 0, 0]"
13301563_gab,filthy nigger scum black violence black crime send them back to africa this week in black crime segregation now,hatespeech,"[1, 1, 1, 1, 1, 1, 1, 1, 1, 1, 1, 1, 1, 1, 1, 1, 1, 1, 1]"
1084541070480789504_twitter,drag and drop these groupie bitches in da trash bin,offensive,"[0, 0, 0, 0, 0, 1, 0, 0, 0, 0]"
9512557_gab,when interviewed in calais en route to the uk they already have this in their minds so they fully expect to get free good housing free money if your a muslim its considered the same as the non muslim tax the jizya and we actually are paying it,offensive,"[1, 1, 1, 1, 1, 1, 1, 1, 1, 1, 1, 1, 1, 1, 1, 1, 1, 1, 1, 1, 1, 1, 1, 1, 1, 1, 1, 1, 1, 1, 1, 1, 1, 1, 1, 1, 1, 1, 1, 1, 1, 1, 1, 1, 1, 1, 1, 1]"
17716443_gab,our brave men and women are fighting and dying to keep your racist ass safe so tell me captain cuckstain how many arabs have tried to ban my free speech how many muslims have demanded they lock up racists like me its always faggot cuckservatives like you that decry racism,hatespeech,"[0, 0, 0, 0, 0, 0, 0, 0, 0, 0, 0, 0, 0, 0, 0, 0, 0, 0, 0, 1, 0, 0, 1, 0, 0, 0, 0, 0, 0, 0, 0, 0, 1, 0, 0, 0, 0, 0, 0, 0, 0, 0, 0, 1, 1, 0, 0, 0, 0, 0]"
1178694425372807169_twitter,<user> <user> <user> europe is willing to share the refugee burden and has been doing as such for a long time however deliberate and encouraged by the turkish state invasion of illegal immigrants into europe as a means of blackmail will must not pass europe can answer in many ways,normal,"[0, 0, 0, 0, 0, 0, 0, 0, 0, 0, 0, 0, 0, 0, 0, 0, 0, 0, 0, 0, 0, 0, 0, 0, 0, 0, 0, 0, 0, 0, 0, 0, 0, 0, 0, 0, 0, 0, 0, 0, 0, 0, 0, 0, 0, 0, 0, 0, 0, 0]"
11912919_gab,so you are who kike central sent to gab to stop shoah <number> electric boogaloo i realize team kike is spread thin with so many websites to keep the goyim from knowing on but fuck how well are you sleeping these days,hatespeech,"[0, 0, 0, 0, 1, 0, 0, 0, 0, 0, 0, 0, 0, 0, 0, 0, 0, 0, 1, 0, 0, 0, 0, 0, 0, 0, 0, 0, 0, 0, 0, 0, 0, 0, 0, 0, 0, 0, 0, 0, 0, 0]"
15724750_gab,theyblove hezbollah they have admitted this id rather submit to a jew than even acknowledge a sandnigger terrorist group is even remotely okay not saying i would obviously,hatespeech,"[0, 0, 0, 0, 0, 0, 0, 0, 0, 0, 0, 0, 0, 0, 0, 0, 1, 0, 0, 0, 0, 0, 0, 0, 0, 0, 0, 0]"
1178061770663047169_twitter,black champagne you know can guns shootin this nigger,offensive,"[0, 0, 0, 0, 0, 0, 1, 1, 1]"
1258567139100749824_twitter,i wish i wouldn ’ t of fucked that bitch she insane,offensive,"[0, 0, 0, 0, 0, 0, 0, 1, 1, 1, 1, 1]"
22703602_gab,communist muzzrats and jews together,hatespeech,"[1, 1, 0, 1, 1]"
4320599_gab,in a gesture of cooperation the mex government extradited el chapo to the u.s. trump should boot international mega kike soros to russia,hatespeech,"[0, 0, 0, 0, 0, 0, 0, 0, 0, 0, 0, 0, 0, 0, 0, 0, 0, 0, 1, 1, 0, 0, 0]"
1477840_gab,gays who voted for hillary and protest saying they feel unsafe because trump won have clearly forgotten about the moslem who killed <number> and injured <number> in an orlando gay club that moslem father attended a hillary rally and is one of her supporters,normal,"[0, 0, 0, 0, 0, 0, 0, 0, 0, 0, 0, 0, 0, 0, 0, 0, 0, 0, 0, 0, 0, 0, 0, 0, 0, 0, 0, 0, 0, 0, 0, 0, 0, 0, 0, 0, 0, 0, 0, 0, 0, 0, 0, 0]"
10742797_gab,if you have ever wondered why my fellow white people or as a white person posts are an altright talking point it the utter hypocrisy of jews using their perceived whiteness simply to attack whites who do not share their opinion i present the case without further comment,normal,"[0, 0, 0, 0, 0, 0, 0, 0, 0, 0, 0, 0, 0, 0, 0, 0, 0, 0, 0, 0, 0, 0, 0, 0, 0, 0, 0, 0, 0, 0, 0, 0, 0, 0, 0, 0, 0, 0, 0, 0, 0, 0, 0, 0, 0, 0, 0, 0]"
17056871_gab,the kikes and muzzies only pretended to be christian which is why the spanish and the portuguese kicked them out this guy is clueless lol,hatespeech,"[0, 1, 1, 1, 0, 0, 0, 0, 0, 0, 0, 0, 0, 0, 0, 0, 0, 0, 0, 0, 0, 0, 0, 0, 0]"
12436423_gab,if it makes kicking arabs and the blickety blecks out easier than i am all for it,hatespeech,"[0, 0, 0, 1, 1, 1, 1, 1, 1, 0, 0, 0, 0, 0, 0, 0, 0]"
13159904_gab,witness the low iq mind of a nigger hopefully you are a nigger anyway,offensive,"[0, 0, 1, 1, 1, 1, 1, 1, 0, 0, 0, 0, 1, 0]"
1178313463195721728_twitter,white choco coco pops was the second biggest disappointment of <number> next to me,normal,"[0, 0, 0, 0, 0, 0, 0, 0, 0, 0, 0, 0, 0, 0]"
15735107_gab,morbious stone comment to reality bwhahahahahaha you retard go back over my posts you stupid gay nigger licker you are good for jews,hatespeech,"[0, 0, 0, 0, 0, 0, 0, 1, 0, 0, 0, 0, 0, 0, 1, 1, 1, 1, 0, 0, 1, 1, 1]"
1177890061817397249_twitter,breona that my dyke 🤣,normal,"[0, 0, 0, 0, 0]"
4834165_gab,south of the md is just as bad atlanta memphis nashville tampa jacksonville charlotte houston dallas nawlins etc the ol south is a memory you guys have been tossed away for blacks and muzzies,hatespeech,"[0, 0, 0, 0, 0, 0, 0, 0, 0, 0, 0, 0, 0, 0, 0, 0, 0, 0, 0, 0, 0, 0, 0, 0, 0, 0, 0, 0, 1, 1, 1, 1, 1, 1]"
11932127_gab,yep we have a play book in mein kampf with a few tweaks for today and i honestly think the jews have been using it against us tbh fam,hatespeech,"[0, 1, 1, 1, 1, 1, 1, 1, 1, 1, 1, 1, 1, 1, 1, 1, 1, 1, 1, 1, 1, 1, 1, 1, 1, 1, 1, 0, 0]"
13937879_gab,people respond to incentives esp politicians since very few congressmen ever dare vote against funding israel and willingly add more than requested what carrots and sticks have the jews set in place to ensure they get what they want hint it almost all sticks,offensive,"[0, 0, 0, 0, 0, 0, 0, 0, 0, 0, 0, 0, 0, 0, 0, 0, 0, 0, 0, 0, 0, 0, 1, 1, 1, 1, 1, 1, 1, 1, 1, 1, 1, 1, 1, 1, 1, 1, 1, 0, 0, 0, 0, 0]"
1165639079196839938_twitter,<user> <user> this has nothing to do with ching chong kim jong,offensive,"[0, 0, 0, 0, 0, 0, 0, 0, 1, 1, 1, 1]"
12995941_gab,getting angry at blacks is like getting angry at retards for being retarded,hatespeech,"[1, 1, 1, 1, 1, 1, 1, 1, 1, 1, 1, 1, 1]"
9842531_gab,i disagree before the british started to hire arab mercenaries to attack jewish villages arabs and jews got along fairly well jews fought in saladin army and modern kurds are mostly friendly with jews in the roman times the idumeans fought alongside the jewish anti roman militia,normal,"[0, 0, 0, 0, 0, 0, 0, 0, 0, 0, 0, 0, 0, 0, 0, 0, 0, 0, 0, 0, 0, 0, 0, 0, 0, 0, 0, 0, 0, 0, 0, 0, 0, 0, 0, 0, 0, 0, 0, 0, 0, 0, 0, 0, 0, 0, 0]"
1178799194309611521_twitter,<user> <user> <user> no one raped anyone wishing violence is not the same as threatening violence like you are trying to do i wish you d leave me alone oh shit did i just advocate for violence,normal,"[0, 0, 0, 0, 0, 0, 0, 0, 0, 0, 0, 0, 0, 0, 0, 0, 0, 0, 0, 0, 0, 0, 0, 0, 0, 0, 0, 0, 0, 0, 0, 0, 0, 0, 0, 0, 0]"
13537537_gab,i am thinking of a new old social system <number> only women can own land <number> man job is to maintain and improve the land <number> only men have political power <number> niggers obey or leave <number> jews will volunteer for the ovens <number> fill in the blanks,hatespeech,"[0, 0, 0, 0, 0, 0, 0, 0, 0, 0, 0, 0, 0, 0, 0, 0, 0, 0, 0, 0, 0, 0, 0, 0, 0, 0, 1, 1, 1, 1, 1, 0, 1, 1, 1, 1, 0, 1, 1, 1, 1, 1, 1, 0, 0, 0, 0, 0]"
1178303521592135680_twitter,you all want comedians to keep their edge and stay unfiltered because you all are not the demographic they are talking shit about it just the lgbt community if a white comedian was calling you all monkeys and niggers you all would have a fit cut it out,normal,"[0, 0, 0, 0, 0, 0, 0, 0, 0, 0, 0, 0, 0, 0, 0, 0, 0, 0, 0, 0, 0, 0, 0, 0, 0, 0, 0, 0, 0, 0, 0, 0, 0, 0, 0, 0, 0, 0, 0, 0, 0, 0, 0, 0, 0, 0, 0, 0]"
12914760_gab,philippines is over <percent> moslem and marilou danley has a southern mindanao face they will not release her maiden name someone needs to search flip media for it because they will find it before western kike media,offensive,"[0, 0, 0, 0, 1, 0, 0, 0, 0, 0, 0, 0, 0, 0, 0, 0, 0, 0, 0, 0, 0, 0, 0, 0, 0, 0, 0, 0, 0, 0, 0, 0, 0, 0, 0, 1, 0]"
1179105603005878272_twitter,jealous people are special lol like even if you kill yourself for them they will still be jealous that you are resting in peace 😪,normal,"[0, 0, 0, 0, 0, 0, 0, 0, 0, 0, 0, 0, 0, 0, 0, 0, 0, 0, 0, 0, 0, 0, 0, 0, 0]"
1115546305198215168_twitter,<user> stupid woman retard,offensive,"[0, 1, 1, 1]"
1179105016797372423_twitter,<user> social justice that cute cause that is not what that verse is about at all nowhere there does it say shame all white cisgendered men scripture does say there is therefore no male nor female jew or gentile therefore your criticism while valued is invalid,normal,"[0, 0, 0, 0, 0, 0, 0, 0, 0, 0, 0, 0, 0, 0, 0, 0, 0, 0, 0, 0, 0, 0, 0, 0, 0, 0, 0, 0, 0, 0, 0, 0, 0, 0, 0, 0, 0, 0, 0, 0, 0, 0, 0, 0, 0, 0]"
1178955261177933824_twitter,<user> <user> i am not gay or a sailor fine to that but i do badly want to be the ship queer,normal,"[0, 0, 0, 0, 0, 0, 0, 0, 0, 0, 0, 0, 0, 0, 0, 0, 0, 0, 0, 0, 0, 0]"
23109309_gab,<user> ‍ fuck you faggot can not believe i ever listened to your garbage show also fuck you <user> ‍ you kike piece of shit,hatespeech,"[0, 0, 1, 1, 1, 0, 0, 0, 0, 0, 0, 0, 0, 0, 0, 0, 1, 1, 0, 0, 0, 1, 1, 1, 1]"
1178698944047652866_twitter,dust bunny women who habitually dates sympathizes with dusties snow bunny white women who pretend to be submissive to lock down a negro hoteptress sister soldier good enough to mule but not valued enough to marry black queen,hatespeech,"[1, 1, 1, 1, 1, 1, 1, 1, 1, 1, 1, 1, 1, 1, 1, 1, 1, 1, 1, 1, 1, 1, 1, 1, 1, 1, 1, 1, 1, 1, 1, 1, 1, 1, 1, 1, 1, 1]"
1087070600697446401_twitter,eat a taco or somthing and stfu and be happy hoes,normal,"[0, 0, 0, 0, 0, 0, 0, 0, 0, 0, 1]"
21585440_gab,certainly did refer to them a pakis you dumb cunt,hatespeech,"[0, 0, 0, 0, 0, 0, 1, 0, 0, 1]"
1178922666629193729_twitter,<user> <user> <user> <user> <user> <user> no need to argue with this delusional b*tch <censored> one day when she will get raped by her own bro then she will might understand the diff b w right and wrong,normal,"[0, 0, 0, 0, 0, 0, 0, 0, 0, 0, 0, 0, 0, 0, 0, 0, 0, 0, 0, 0, 0, 0, 0, 0, 0, 0, 0, 0, 0, 0, 0, 0, 0, 0, 0, 0, 0, 0]"
1179083979317604352_twitter,this nigga from scottsdale was tryna low ball me like he do not be with them rich white folks nah firm pricing my boy,normal,"[0, 0, 0, 0, 0, 0, 0, 0, 0, 0, 0, 0, 0, 0, 0, 0, 0, 0, 0, 0, 0, 0, 0, 0]"
1178638779428605952_twitter,<user> omitting the part where you raped someone and threatened to kill yourself if they left you,normal,"[0, 0, 0, 0, 0, 0, 0, 0, 0, 0, 0, 0, 0, 0, 0, 0, 0]"
11982645_gab,it was the intent of the founding fathers and purpose of america to create a nation so that the import of millions of mestizos and arabs could one day replace and conquer the founding stock and their posterity,normal,"[0, 0, 0, 0, 0, 0, 0, 0, 0, 0, 0, 0, 0, 0, 0, 0, 0, 0, 0, 0, 0, 0, 0, 0, 0, 0, 0, 0, 0, 0, 0, 0, 0, 0, 0, 0, 0, 0]"
1178677159382179840_twitter,queer eye is literally palatable faggotry for straight people dont me,hatespeech,"[1, 0, 0, 0, 0, 1, 0, 0, 0, 0, 0]"
1178799805944008708_twitter,<user> <user> autistic faggot,offensive,"[0, 0, 1, 1]"
1118313782453780480_twitter,ladies we not taking no niggas serious starting june it summer so they bout to have <number> girlfriends,normal,"[0, 0, 0, 0, 0, 0, 0, 0, 0, 0, 0, 0, 0, 0, 0, 0, 0, 0]"
17065878_gab,by heard you mean you made it up in your tiny kike brain take my advice and leave the trolling to the pros shlomo,hatespeech,"[0, 0, 0, 0, 0, 0, 0, 0, 0, 0, 1, 1, 1, 0, 0, 0, 0, 0, 0, 0, 0, 0, 0, 1]"
1183867784436109312_twitter,why are these negros outside trying to sell water when it ’ <number> degrees outside,normal,"[0, 0, 0, 0, 0, 0, 0, 0, 0, 0, 0, 0, 0, 0, 0]"
1179042136731336704_twitter,often overshadowed by breast cancer awareness month october is also domestic violence awareness month in a year over <number> million women and men are victims of rape physical violence or stalking by an intimate partner in the us,normal,"[0, 0, 0, 0, 0, 0, 0, 0, 0, 0, 0, 0, 0, 0, 0, 0, 0, 0, 0, 0, 0, 0, 0, 0, 0, 0, 0, 0, 0, 0, 0, 0, 0, 0, 0, 0, 0, 0]"
6165500_gab,<number> year old black man charged with raping a <number> year old child in al it no secret why the black man loves islam because that moo haamed guy tells me i gots to gets me a <number> year old maga <user> <user>,hatespeech,"[0, 0, 0, 0, 0, 0, 0, 0, 0, 0, 0, 0, 0, 0, 0, 0, 0, 0, 1, 1, 1, 1, 1, 1, 0, 1, 1, 1, 1, 1, 1, 1, 1, 1, 1, 1, 1, 1, 1, 1, 0, 0, 0]"
1178864245007511553_twitter,nigga would not rob me if i gave em a gun,normal,"[0, 0, 0, 0, 0, 0, 0, 0, 0, 0, 0]"
15896433_gab,if somebody is not white than they are going to be rejected by wn on the grounds they are not white women in general need pushed out of leadership positions in our movement and she not doing good work she setting a very bad precedent for our future actually,offensive,"[0, 0, 0, 0, 0, 0, 0, 0, 0, 0, 0, 0, 0, 0, 0, 0, 0, 0, 0, 0, 0, 1, 1, 1, 1, 1, 1, 1, 1, 1, 0, 0, 0, 0, 0, 0, 0, 0, 0, 0, 0, 0, 0, 0, 0, 0, 0, 0, 0]"
1179101172625358848_twitter,whoever just messaged me and unsent the message i hate you,normal,"[0, 0, 0, 0, 0, 0, 0, 0, 0, 0, 0]"
27557428_gab,right because democrat libtards are well educated with their pointless degrees in gender studies lesbian basket weaving intersectional victimology studies and queer literature appreciation,offensive,"[1, 1, 1, 1, 1, 1, 1, 1, 1, 1, 1, 1, 1, 1, 1, 1, 1, 1, 1, 1, 1, 1, 1, 1]"
1178988817769910272_twitter,<user> <user> at all the un sanctioned refugee camps points of arrival of illegal unwelcome poor immigrants plenty of children born from boredom rape what how why human traffickers illicit such behaviour somalia yemen former isis rohinjas in se asia un complicit complacent,normal,"[0, 0, 0, 0, 0, 0, 0, 0, 0, 0, 0, 0, 0, 0, 0, 0, 0, 0, 0, 0, 0, 0, 0, 0, 0, 0, 0, 0, 0, 0, 0, 0, 0, 0, 0, 0, 0, 0, 0, 0, 0, 0, 0]"
16852709_gab,i do believe that sheboon shit her britches,hatespeech,"[0, 0, 0, 0, 1, 0, 0, 0]"
20327507_gab,did you know that whitegenocide requires helping jews put restrictions in the second ammendment,hatespeech,"[0, 0, 0, 0, 1, 0, 0, 0, 0, 0, 0, 0, 0, 0]"
1143832054444056577_twitter,<user> <user> fire every employee that walks out and replace them with newly sworn in legal immigrants,normal,"[0, 0, 0, 0, 0, 0, 0, 0, 0, 0, 0, 0, 0, 0, 0, 0, 0]"
1178836834618445825_twitter,<user> <user> someone please help answer for me in these instances where the left brings up the well what if i am raped and get pregnant scenario why can not people use the plan b pill i do not even hear people discuss this what am i missing,normal,"[0, 0, 0, 0, 0, 0, 0, 0, 0, 0, 0, 0, 0, 0, 0, 0, 0, 0, 0, 0, 0, 0, 0, 0, 0, 0, 0, 0, 0, 0, 0, 0, 0, 0, 0, 0, 0, 0, 0, 0, 0, 0, 0, 0, 0, 0, 0, 0]"
18121370_gab,stupid nigger given grades admissioin to school job degree position he never earned and doesnt have iq for fuck off,offensive,"[1, 1, 0, 0, 0, 0, 0, 0, 0, 0, 0, 0, 0, 0, 1, 1, 1, 0, 0, 0]"
1178655751767642112_twitter,foolish women removing their mangalsutras themselves what else to xtian n muslim men want,offensive,"[1, 1, 0, 0, 0, 0, 0, 0, 0, 1, 0, 0, 0, 0]"
3952477_gab,<user> yeah okay really europe going to put their pants on and actually deal with the rapefugees and the militant age male jihadi muslims that have come by the millions and millions you are not going to want or need america military,offensive,"[0, 0, 0, 0, 0, 0, 0, 0, 0, 0, 0, 0, 0, 0, 0, 0, 1, 0, 0, 1, 1, 1, 1, 1, 0, 0, 0, 0, 0, 0, 0, 0, 0, 0, 0, 0, 0, 0, 0, 0, 0, 0]"
1275269683772522496_twitter,imma bad bitch u can ’ t kill me,normal,"[0, 0, 0, 0, 0, 0, 0, 0, 0]"
22898862_gab,ugly commie bull dyke cunt,hatespeech,"[1, 1, 1, 1, 1]"
1189885008443510785_twitter,i always hate waking kike up before i have to go to work 😩 😩 😂,normal,"[0, 0, 1, 1, 1, 0, 0, 0, 0, 0, 0, 0, 0, 0, 0, 0]"
1182743253776568322_twitter,<user> fuck every cop behind him they are sworn to protect those same refugees and this is how they behave,normal,"[0, 0, 0, 0, 0, 0, 0, 0, 0, 0, 0, 0, 0, 0, 0, 0, 0, 0, 0, 0]"
1279235536717262850_twitter,if peaches was white y ’ all wouldn ’ t think she was funny and you would actually want her to get the help she needs,normal,"[0, 0, 0, 0, 0, 0, 0, 0, 0, 0, 0, 0, 0, 0, 0, 0, 0, 0, 0, 0, 0, 0, 0, 0, 0, 0]"
12645179_gab,screw the cowgirls nigger bitches,hatespeech,"[0, 0, 0, 1, 1]"
1118756868728315904_twitter,rafael was right for doing what he did 💔 i hate you jane janethevirgin,hatespeech,"[0, 0, 0, 0, 0, 0, 0, 0, 0, 0, 1, 0, 0, 0]"
21353838_gab,good replace that fence sitter swing vote then tee up to replace ruth buzzie jewberg and co tribalist kike bryer,offensive,"[0, 0, 0, 0, 0, 0, 0, 0, 0, 0, 0, 0, 0, 0, 1, 0, 1, 1, 1, 0]"
1262800940857425924_twitter,matt healy is homophobic and racist and i don ’ t want to hear anyone say otherwise,offensive,"[1, 1, 1, 1, 1, 1, 1, 1, 1, 1, 1, 1, 1, 1, 1, 1, 1]"
24139625_gab,so answer my question should a woman or women who are the object of <user> abusive posts be able to downvote him or should they just silently take it,normal,"[0, 0, 0, 0, 0, 0, 0, 0, 0, 0, 0, 0, 0, 0, 0, 0, 0, 0, 0, 0, 0, 0, 0, 0, 0, 0, 0, 0, 0]"
26888393_gab,you eva seent an ugly bich like a nigger i do not think so,offensive,"[0, 0, 0, 0, 1, 1, 1, 1, 1, 0, 0, 0, 0, 0]"
1217101519943802883_twitter,<user> like i have been saying for awhile now that soon the left ideology will lock horns with the islamic one total shit show,offensive,"[0, 0, 0, 0, 0, 0, 0, 0, 0, 0, 0, 1, 1, 1, 1, 1, 1, 1, 1, 1, 1, 1, 1, 1]"
1179082009194332160_twitter,sandalphon not allowed to be in any hot attire that selfish bitch god,offensive,"[0, 0, 0, 0, 0, 0, 0, 0, 0, 0, 0, 1, 0]"
9802943_gab,because women would never lie about being sexually assaulted for personal gain ain t that right feminists,offensive,"[1, 1, 1, 1, 1, 1, 1, 1, 1, 1, 1, 1, 1, 1, 1, 1, 1]"
1125257188493209602_twitter,alohomora he said confidently pointing his penis at the padlock but nothing happened,normal,"[0, 0, 0, 0, 0, 0, 0, 0, 0, 0, 0, 0, 0]"
9274864_gab,even if you just have a loose collection of affiliated groups each group is gonna have leaders and inevitably leaders will emerge among the group of leaders who end up coordinating the groups this is just human nature debating human nature is retarded,normal,"[0, 0, 0, 0, 0, 0, 0, 0, 0, 0, 0, 0, 0, 0, 0, 0, 0, 0, 0, 0, 0, 0, 0, 0, 0, 0, 0, 0, 0, 0, 0, 0, 0, 0, 0, 0, 0, 0, 0, 0, 0, 0, 0]"
1220014434715754496_twitter,this ghetto bitch just sat behind me i hate it here,hatespeech,"[1, 1, 1, 1, 1, 1, 1, 1, 1, 1, 1]"
1159300974118363138_twitter,ion see how niggas be raping bitches they literally handing pussy out 😂 lbs,offensive,"[0, 0, 0, 1, 0, 0, 1, 0, 0, 0, 0, 0, 0, 0]"
15554232_gab,while you run scared of the jews i will just concentrate on keeping pedo muzzies out of the usa ok,offensive,"[0, 0, 0, 0, 0, 1, 1, 0, 0, 0, 0, 0, 0, 1, 1, 0, 0, 0, 0, 0]"
1179077145777324032_twitter,is intersectional feminism the redneck ideology of the 2 0 2 0 perhaps dm me to read my essay,offensive,"[0, 0, 0, 0, 1, 0, 0, 0, 0, 0, 0, 0, 0, 0, 0, 0, 0, 0, 0]"
21934219_gab,continues to brag about muting continues to prove my point about him being a kike continues to do the kike thing of projecting mental deficiencies,hatespeech,"[0, 0, 0, 0, 0, 0, 0, 0, 0, 0, 0, 0, 1, 1, 1, 1, 1, 1, 1, 1, 1, 1, 1, 1, 1]"
24262821_gab,they e all gay pakistan has more male prostitutes than any other country most paki men have had homosexual sex with other men and boys sick fucks,hatespeech,"[0, 0, 0, 1, 1, 0, 0, 1, 1, 0, 0, 0, 0, 1, 1, 1, 1, 1, 1, 1, 1, 1, 1, 1, 1, 1, 1]"
15484986_gab,because illegal immigrants can not really survive on the wages they are paid so the government indirectly subsidizes the employers by giving illegal aliens welfare benefits this keeps wages down and allows employers to make even more money while having their actual costs subsidized by the taxpayers,normal,"[0, 0, 0, 0, 0, 0, 0, 0, 0, 0, 0, 0, 0, 0, 0, 0, 0, 0, 0, 0, 0, 0, 0, 0, 0, 0, 0, 0, 0, 0, 0, 0, 0, 0, 0, 0, 0, 0, 0, 0, 0, 0, 0, 0, 0, 0, 0]"
14486749_gab,i was living in charlottesville va when this drug addled nigger was dc mayor he was the laughingstock of white virginians as was the district and district voters at the time,offensive,"[0, 0, 0, 0, 0, 0, 0, 0, 1, 1, 1, 0, 0, 0, 0, 0, 0, 0, 0, 0, 0, 0, 0, 0, 0, 0, 0, 0, 0, 0, 0]"
1179018388489854976_twitter,<user> <user> surely he understands it rather better than those with west wing delusions a nation built on a white supremacist holocaust that promotes gangsterism and ruthlessly suppresses socialism mired in sex scandals corruption and backed by religious bigots he understands it well,normal,"[0, 0, 0, 0, 0, 0, 0, 0, 0, 0, 0, 0, 0, 0, 0, 0, 0, 0, 0, 0, 0, 0, 0, 0, 0, 0, 0, 0, 0, 0, 0, 0, 0, 0, 0, 0, 0, 0, 0, 0, 0, 0, 0]"
1124794519025700864_twitter,<user> eye hate you,normal,"[0, 0, 0, 0]"
1104965711959449601_twitter,it ’ all one ghetto,offensive,"[0, 0, 0, 0, 1]"
23403189_gab,we know the feeling many criminals in british jails are immigrants but british taxpayers have to pay for them to be there that said isis did not come from europe they are the product of uninvited muslims invading europe they originated from muslim countries,offensive,"[0, 0, 0, 0, 1, 1, 1, 1, 1, 1, 1, 1, 1, 1, 1, 1, 1, 1, 1, 1, 1, 1, 1, 1, 1, 1, 1, 1, 1, 1, 1, 1, 1, 1, 1, 1, 1, 1, 1, 1, 1, 1, 1, 1]"
21687282_gab,this bitch is so retarded hate speech isn t real cunt,offensive,"[0, 1, 1, 1, 1, 0, 0, 0, 0, 0, 1]"
1213855678072270853_twitter,<user> <user> they are us they speak a language of our family have preislamic european traditions and culture,normal,"[0, 0, 0, 0, 0, 0, 0, 0, 0, 0, 0, 0, 0, 0, 0, 0, 0, 0]"
27275629_gab,on the one hand i had to mute <number> or <number> faggy nazi accounts and on the other hand i have to fight mosquitoes outside this morning not sure what the most annoying,offensive,"[0, 0, 0, 0, 0, 0, 0, 0, 0, 0, 0, 1, 1, 0, 0, 0, 0, 0, 0, 0, 0, 0, 0, 0, 0, 0, 0, 0, 0, 0, 0, 0, 0]"
19762154_gab,it is interesting that there was no discussion of the rob porter case before trump sotu address now two the key speech writers are out on abuse charges from years ago i suspect this is a coordinated attack rather than just women telling their stories,normal,"[0, 0, 0, 0, 0, 0, 0, 0, 0, 0, 0, 0, 0, 0, 0, 0, 0, 0, 0, 0, 0, 0, 0, 0, 0, 0, 0, 0, 0, 0, 0, 0, 0, 0, 0, 0, 0, 0, 0, 0, 0, 0, 0, 0, 0]"
16811070_gab,prove it faggot,normal,"[0, 0, 1]"
1178704304510779392_twitter,when i met my nigga he wasnt clean cut but he was still fine baby this nigga lined himself up the other day and almost got mf raped,normal,"[0, 0, 0, 0, 0, 0, 0, 0, 0, 0, 0, 0, 0, 0, 0, 0, 0, 0, 0, 0, 0, 0, 0, 0, 0, 0, 0, 0]"
